locus_tag,product_name
SYNPCC7002_RS05135,transcription termination/antitermination protein NusG
SYNPCC7002_RS12395,transcriptional repressor Fur
SYNPCC7002_RS11685,helix-turn-helix domain-containing protein
SYNPCC7002_RS08965,Crp/Fnr family transcriptional regulator
SYNPCC7002_RS09320,Crp/Fnr family transcriptional regulator
SYNPCC7002_RS04890,"mtrA response regulator transcription factor, OmpR family,"
SYNPCC7002_RS15520,"response regulator transcription factor, NarL/FixJ family"
SYNPCC7002_RS15680,AraC family transcriptional regulator
SYNPCC7002_RS05460,AbrB family transcriptional regulator
SYNPCC7002_RS02715,BolA/IbaG family iron-sulfur metabolism protein
SYNPCC7002_RS04650,transcription antitermination factor NusB
SYNPCC7002_RS06150,TetR/AcrR family transcriptional regulator
SYNPCC7002_RS09630,RNA polymerase sigma factor SigF
SYNPCC7002_RS09420,helix-turn-helix domain-containing XRE-family like protein
SYNPCC7002_RS10050,RNA polymerase sigma factor RpoD
SYNPCC7002_RS08255,transcriptional repressor
SYNPCC7002_RS01420,circadian clock protein KaiC
SYNPCC7002_RS09995,heat-inducible transcriptional repressor HrcA
SYNPCC7002_RS01335,RNA polymerase sigma factor SigC
SYNPCC7002_RS16320,AraC family transcriptional regulator
SYNPCC7002_RS15720,AraC family transcriptional regulator
SYNPCC7002_RS04680,response regulator transcription factor
SYNPCC7002_RS06540,response regulator transcription factor
SYNPCC7002_RS03295,LuxR C-terminal-related transcriptional regulator
SYNPCC7002_RS02455,response regulator transcription factor
SYNPCC7002_RS07385,sigma 54-interacting transcriptional regulator
SYNPCC7002_RS08860,WYL domain-containing protein
SYNPCC7002_RS04250,response regulator transcription factor phoB
SYNPCC7002_RS07295,Crp/Fnr family transcriptional regulator
SYNPCC7002_RS03950,GntR family transcriptional regulator
SYNPCC7002_RS01800,RpoD/SigA family RNA polymerase sigma factor
SYNPCC7002_RS00650,heavy metal-responsive transcriptional regulator
SYNPCC7002_RS08945,DNA/RNA nuclease SfsA and may be a regulatory factor for sugar metabolism
SYNPCC7002_RS08175,LysR family transcriptional regulator
SYNPCC7002_RS00050,Spx/MgsR family RNA polymerase-binding regulatory protein
SYNPCC7002_RS04780,transcriptional regulator NrdR
SYNPCC7002_RS03760,transcription termination factor NusA
SYNPCC7002_RS15410,recombinase family protein
SYNPCC7002_RS05985,LysR family transcriptional regulator
SYNPCC7002_RS15255,AraC family transcriptional regulator
SYNPCC7002_RS12105,TetR/AcrR family transcriptional regulator
SYNPCC7002_RS00640,AbrB family transcriptional regulator
SYNPCC7002_RS11400,hypothetical protein
SYNPCC7002_RS00260,metalloregulator ArsR/SmtB family transcription factor
SYNPCC7002_RS12090,ROK family protein
SYNPCC7002_RS08390,global nitrogen regulator NtcA
SYNPCC7002_RS14790,helix-turn-helix domain-containing protein
SYNPCC7002_RS15995,response regulator transcription factor
SYNPCC7002_RS09260,transcriptional repressor LexA
SYNPCC7002_RS06005,"RNA polymerase sigma factor, RpoD/SigA family"
SYNPCC7002_RS09195,transcriptional repressor
SYNPCC7002_RS00635,Rrf2 family transcriptional regulator
SYNPCC7002_RS15030,sigma-70 family RNA polymerase sigma factor
SYNPCC7002_RS16160,AAA family ATPase
SYNPCC7002_RS13450,LysR family transcriptional regulator
SYNPCC7002_RS10525,sigma-70 family RNA polymerase sigma factor
SYNPCC7002_RS04290,response regulator
SYNPCC7002_RS08210,YebC/PmpR family DNA-binding transcriptional regulator
SYNPCC7002_RS14440,WYL domain-containing protein
SYNPCC7002_RS01085,response regulator transcription factor
SYNPCC7002_RS03030,response regulator transcription factor
SYNPCC7002_RS09780,response regulator transcription factor
SYNPCC7002_RS08480,bifunctional pyr operon transcriptional regulator/uracil phosphoribosyltransferase PyrR
SYNPCC7002_RS10145,response regulator transcription factor
SYNPCC7002_RS00850,LysR family transcriptional regulator
SYNPCC7002_RS02410,response regulator
SYNPCC7002_RS06165,Crp/Fnr family transcriptional regulator
SYNPCC7002_RS12515,response regulator transcription factor
SYNPCC7002_RS00690,response regulator transcription factor
SYNPCC7002_RS15535,MarR family transcriptional regulator
SYNPCC7002_RS14385,transcriptional regulator
SYNPCC7002_RS09845,sigma-70 family RNA polymerase sigma factor
SYNPCC7002_RS09090,iron-sulfur cluster biosynthesis transcriptional regulator SufR
SYNPCC7002_RS09175,"RNA polymerase sigma factor, RpoD/SigA family"
SYNPCC7002_RS02935,metalloregulator ArsR/SmtB family transcription factor
SYNPCC7002_RS09950,helix-turn-helix domain-containing protein
SYNPCC7002_RS00010,DnaA
SYNPCC7002_RS09820,DNA-binding protein HU
