"locus_tag","TF_name","stress_related","stress_category","degree","kcore","betweenness","eigenvector","stress","degree_norm","kcore_norm","betweenness_norm","eigenvector_norm","stress_norm","IC","degree_norm_seedmean","degree_norm_seedsd","kcore_norm_seedmean","kcore_norm_seedsd","betweenness_norm_seedmean","betweenness_norm_seedsd","eigenvector_norm_seedmean","eigenvector_norm_seedsd","stress_norm_seedmean","stress_norm_seedsd","IC_seedmean","IC_seedsd","IC_rank","IC_z_vs_seeds"
"SYNPCC7002_RS12395","Zur",NA,NA,192,4,2126.5,0.846702836937,2380,0.824034334764,1,1,0.846702836937,1,4.6707371717,0.794270943368,0.0181237639809192,1,0,0.4436751840845,0.160917215546419,0.8241727871238,0.0139833327299829,0.4193829865322,0.12658208464385,3.481501901109,0.275042326135288,1,4.32
"SYNPCC7002_RS05135","NusG",NA,NA,233,4,744.5,1,900,1,1,0.350105807665,1,0.378151260504,3.72825706817,1,0,1,0,0.2587113387039,0.109159730438902,1,0,0.2600265247824,0.102014437611527,3.518737863485,0.206967564557916,2,1.01
"SYNPCC7002_RS08965","Sycrp1",NA,NA,156,4,1190.33333333,0.000179529136623,1460,0.669527896996,1,0.559761736812,0.000179529136623,0.613445378151,2.8429145411,0.6510581354272,0.0230296060851196,0.95,0.105409255338946,0.785936758704,0.29186963126289,0.0001805542732962,6.93597111838331e-05,0.7927331648685,0.300174253375132,3.179908613274,0.651045539346757,3,-0.52
"SYNPCC7002_RS01420","KaiC",NA,NA,65,4,1314.5,0.209664339665,1448,0.278969957082,1,0.618151892782,0.209664339665,0.608403361345,2.71518955087,0.2575922998609,0.0210130533738077,0.975,0.0790569415042095,0.00944806744074,0.0298774125996163,0.1809331314408,0.0225192005121325,0.00818181818182,0.0258731808559289,1.431155316925,0.114993476330315,4,11.17
"SYNPCC7002_RS04890","RpaB",NA,NA,114,4,359,0.486664991802,469,0.489270386266,1,0.168822007994,0.486664991802,0.197058823529,2.34181620959,0.4409962183002,0.0262908641413955,1,0,0.13674866850899,0.15999545600495,0.4511979173913,0.0249811316286867,0.14696992377498,0.16768891789224,2.175912727976,0.327178490439894,5,0.51
"SYNPCC7002_RS15520","NarL1",NA,NA,100,4,839.833333333,0.00010252023367,1074,0.429184549356,1,0.394936907281,0.00010252023367,0.451260504202,2.27548448107,0.3906844304895,0.0179302187488915,0.95,0.105409255338946,0.5452353367636,0.279169187641238,0.00015107017638724,7.91933920009476e-05,0.5627127541076,0.260477629497578,2.448783591538,0.547463768150913,6,-0.32
"SYNPCC7002_RS10050","SigA1",NA,NA,150,4,0,0.361738239757,0,0.643776824034,1,0,0.361738239757,0,2.00551506379,0.6453381187491,0.0233055470352735,0.975,0.0790569415042095,0.0424832151583,0.077514842727116,0.3764724979924,0.027183088677658,0.03465955426087,0.0658131304114556,2.073953386161,0.172618253812929,7,-0.4
"SYNPCC7002_RS04780","nrdR",NA,NA,120,3,711,0.000264093307599,859,0.515021459227,0.75,0.334352221961,0.000264093307599,0.360924369748,1.96056214424,0.4811739696315,0.0240642282974666,0.8,0.105409255338946,0.8140935127892,0.245551766852558,0.00062524079582201,0.00068131825503738,0.8103417925742,0.226266477768309,2.906234515791,0.439163769361488,8,-2.15
"SYNPCC7002_RS01800","SigC",NA,NA,53,3,989,0.012788315592,1082,0.227467811159,0.75,0.465083470491,0.012788315592,0.454621848739,1.90996144598,0.2039192698328,0.0193632226692062,0.75,0,0.05802904796639,0.0469035259549504,0.0020140493777398,0.000902987807300062,0.05263495796493,0.043215020903157,1.0665973251405,0.0942836958243105,9,8.94
"SYNPCC7002_RS04650","NusB",NA,NA,86,4,420.5,0.1570740619,428,0.369098712446,1,0.19774276981,0.1570740619,0.179831932773,1.90374747693,0.353728263944,0.0189330034776361,1,0,0.12206637621564,0.0803117440962179,0.1204853677749,0.00982348411588073,0.10612435382172,0.0691709991841147,1.702404361757,0.145232685897708,10,1.39
"SYNPCC7002_RS09320","Crp2",NA,NA,74,4,510.5,5.33081716485e-05,662,0.317596566524,1,0.240065835881,5.33081716485e-05,0.278151260504,1.83586697108,0.3148609447033,0.027901118912198,0.925,0.120761472884912,0.4422443072912,0.209476432832133,6.822356499319e-05,1.64078276848067e-05,0.4551612283106,0.189946901121215,2.137334703872,0.428295950735012,11,-0.7
"SYNPCC7002_RS08390","NtcA",NA,NA,88,3,720,0.00119496494965,769,0.377682403433,0.75,0.338584528568,0.00119496494965,0.323109243697,1.79057114065,0.3702435554639,0.0260902013440374,0.75,0,0.17207755493447,0.197069005492828,0.0006997516090511,0.000116642206052029,0.15022797403207,0.18100470978309,1.443248836039,0.396222267156408,12,0.88
"SYNPCC7002_RS11685","Xre2",NA,NA,47,4,454,0.152639678107,479,0.201716738197,1,0.213496355514,0.152639678107,0.201260504202,1.76911327602,0.2017235586092,0.00693294100264009,1,0,0.15099002859679,0.10288676449473,0.14518610888261,0.022419165267925,0.13215775353878,0.0850813634886952,1.630057449628,0.195247614509976,13,0.71
"SYNPCC7002_RS03030",NA,NA,NA,88,4,396,0.000125337302698,436,0.377682403433,1,0.186221490712,0.000125337302698,0.183193277311,1.74722250876,0.3845340426245,0.0197808700939675,0.95,0.105409255338946,0.5377657458625,0.33566334013491,0.0001056469432952,4.20979320070104e-05,0.5557597148556,0.340010191804966,2.428165150286,0.77578203040239,14,-0.88
"SYNPCC7002_RS06150","TetR",NA,NA,60,4,496,0.000156685417296,583,0.257510729614,1,0.23324711968,0.000156685417296,0.244957983193,1.7358725179,0.2396690928414,0.0101601799196073,0.9,0.129099444873581,0.28945099540842,0.176681071873567,0.00024432429623345,0.000119271688245727,0.272345698749575,0.180054119798083,1.701710111297,0.329350113825678,15,0.1
"SYNPCC7002_RS11400",NA,NA,NA,51,3,780.833333333,4.37750357919e-05,936,0.218884120172,0.75,0.36719178619,4.37750357919e-05,0.393277310924,1.72939699232,0.2059102033451,0.021349924011754,0.75,0,0.17744618211553,0.199660063530767,7.466268736221e-05,4.14533301653738e-05,0.18677313655625,0.224463753372375,1.3202041847026,0.420138442056537,16,0.97
"SYNPCC7002_RS05460","CyAbrB1",NA,NA,86,4,334.5,0.0207157100911,355,0.369098712446,1,0.157300728897,0.0207157100911,0.149159663866,1.6962748153,0.3445831337433,0.0142155234731886,0.825,0.120761472884912,0.26477937676386,0.172698303698262,0.02512239750496,0.00453547911102399,0.23173985509563,0.165831300926882,1.691224763109,0.370521946596085,17,0.01
"SYNPCC7002_RS09820",NA,NA,NA,69,4,299,0.00373158881625,303,0.296137339056,1,0.140606630614,0.00373158881625,0.12731092437,1.56778648286,0.2872385575176,0.016277639289785,0.825,0.120761472884912,0.21207023850479,0.134723597163068,0.005499255317266,0.00154219793203107,0.18605732149522,0.130138534886399,1.515865372835,0.316156474645096,18,0.16
"SYNPCC7002_RS04680",NA,NA,NA,46,4,334.666666667,5.6060065159e-05,436,0.197424892704,1,0.157379104946,5.6060065159e-05,0.183193277311,1.53805333503,0.1882870487725,0.0156821555298784,0.9,0.129099444873581,0.18144390373955,0.106088870580996,8.077886824688e-05,3.84444978666356e-05,0.1892339931085,0.0986195348630887,1.459045724487,0.131868959087202,19,0.6
"SYNPCC7002_RS09630",NA,NA,NA,67,4,238,0.00067191147414,272,0.287553648069,1,0.111920996943,0.00067191147414,0.114285714286,1.51443227077,0.2769767888412,0.0137665948855283,0.9,0.129099444873581,0.24367540343021,0.192870633085532,0.0012817406103962,0.000843680797988999,0.22259713536936,0.188640129670336,1.644531068251,0.37720744201548,20,-0.34
"SYNPCC7002_RS02715",NA,NA,NA,82,4,72.5,0.0569066774007,90,0.351931330472,1,0.0340935810016,0.0569066774007,0.0378151260504,1.48074671492,0.3326341192002,0.0204123441992604,0.825,0.120761472884912,0.00936067360135,0.0151140272469824,0.04990453789877,0.00803734219194146,0.00931367661735,0.015012866765188,1.226213007318,0.125842257204289,21,2.02
"SYNPCC7002_RS04250","SphR",NA,NA,90,4,0,0.0818229765514,0,0.386266094421,1,0,0.0818229765514,0,1.46808907097,0.4130945555895,0.0245045770095821,0.8,0.105409255338946,0.02967828992219,0.0486596828633706,0.06996877301734,0.0128819665962925,0.02537106394283,0.0411379149636275,1.338112682472,0.152672259105275,22,0.85
"SYNPCC7002_RS07385",NA,NA,NA,76,3,319,8.59931149996e-05,438,0.326180257511,0.75,0.150011756407,8.59931149996e-05,0.184033613445,1.41031162048,0.2702334649908,0.0297007287374727,0.8,0.105409255338946,0.45888375137961,0.243475042817407,0.00011904220565505,6.88348312769664e-05,0.46870990933201,0.240097989841587,1.997946167911,0.488991713652194,23,-1.2
"SYNPCC7002_RS08210",NA,NA,NA,52,4,154.833333333,0.000239351108918,234,0.223175965665,1,0.0728113488516,0.000239351108918,0.0983193277311,1.39454599336,0.1926688683146,0.0148023532310386,0.95,0.105409255338946,0.289410257992,0.15831810231879,0.00020027216775516,7.62348334582873e-05,0.3077558240291,0.159767280567144,1.740035222503,0.366750444474052,24,-0.94
"SYNPCC7002_RS15680","AraC",NA,NA,64,4,40.8333333333,0.0032571121098,42,0.274678111588,1,0.0192021318285,0.0032571121098,0.0176470588235,1.31478441435,0.267836195551,0.0134293200262926,0.975,0.0790569415042095,0.14130696291526,0.115928079510018,0.0017534237868393,0.000942315926224035,0.142332023545557,0.122606999048997,1.528228605799,0.270375236182921,25,-0.79
"SYNPCC7002_RS08255",NA,NA,NA,33,3,466,0.000724580172642,470,0.141630901288,0.75,0.21913943099,0.000724580172642,0.197478991597,1.30897390405,0.1473375191387,0.0188256943238492,0.625,0.131761569173682,0.10111303451939,0.0773629531836718,0.00040681748627869,0.000545770568654561,0.10716730816788,0.0815868604753915,0.9810246793119,0.283156043582721,26,1.16
"SYNPCC7002_RS16320",NA,NA,NA,41,4,135.833333333,0.00511724416423,138,0.175965665236,1,0.0638764793478,0.00511724416423,0.0579831932773,1.30294258203,0.1684704439882,0.0143807691548493,0.975,0.0790569415042095,0.12764888657372,0.111799470770798,0.006490378869316,0.00239690848507491,0.12324962356244,0.117061756100054,1.400859332993,0.25508297496955,27,-0.38
"SYNPCC7002_RS09995","hrcA",NA,NA,39,3,268,0.000439229522535,356,0.167381974249,0.75,0.126028685634,0.000439229522535,0.149579831933,1.19342972134,0.172660835097,0.0192376430657785,0.75,0,0.18251408205375,0.154486154841781,0.0008113309447351,0.000402337269339418,0.19814151173177,0.191311897390981,1.304127759827,0.348163947547775,28,-0.32
"SYNPCC7002_RS09780","NarL2",NA,NA,88,3,0,0.058480232714,0,0.377682403433,0.75,0,0.058480232714,0,1.18616263615,0.3661320808129,0.0277306146677761,0.75,0,0,0,0.05170650623158,0.00684823354317374,0,0,1.167838587047,0.0326313822331824,29,0.56
"SYNPCC7002_RS15255",NA,NA,NA,42,4,0,0.0010083149732,0,0.18025751073,1,0,0.0010083149732,0,1.1812658257,0.1895835272146,0.0177057267966833,0.975,0.0790569415042095,0.06670284092593,0.102230243121968,0.001024566527768,0.000433080887769597,0.06764428089485,0.104289679673088,1.2999552155613,0.240032106577464,30,-0.49
"SYNPCC7002_RS05985","RbcR",NA,NA,94,3,0,0.0156057183655,0,0.403433476395,0.75,0,0.0156057183655,0,1.16903919476,0.3927247824777,0.0134528811835467,0.75,0,0.0315642458101,0.0998149093853426,0.011583658909247,0.00273358996775649,0.0307065217391,0.0971025477170306,1.216579208935,0.198244895790653,31,-0.24
"SYNPCC7002_RS00640",NA,NA,NA,36,4,0,0.0059008756293,0,0.154506437768,1,0,0.0059008756293,0,1.1604073134,0.1440530681033,0.0158516555726768,0.825,0.120761472884912,0,0,0.004410388487217,0.00117844764593927,0,0,0.9734634565904,0.12264784021794,32,1.52
"SYNPCC7002_RS00050",NA,NA,NA,32,3,291.5,0.0129475715467,292,0.137339055794,0.75,0.137079708441,0.0129475715467,0.12268907563,1.16005541141,0.1309061629665,0.0150451403113599,0.75,0,0.023016218322689,0.0199972244654231,0.00875757454694,0.00331728958426372,0.019699175272896,0.0169523079797815,0.932379131109,0.0435945741398776,33,5.22
"SYNPCC7002_RS06540",NA,NA,NA,45,3,194,5.39636149735e-05,197,0.19313304721,0.75,0.0912297201975,5.39636149735e-05,0.0827731092437,1.11718984027,0.1820886115753,0.0186607602679089,0.75,0,0.29158773699975,0.33480755095574,0.00018120752544371,0.000210666286864094,0.28061528731472,0.326830181441183,1.5044728434152,0.674770859411402,34,-0.57
"SYNPCC7002_RS01335","sigC",NA,NA,80,3,0,0.000648732683773,0,0.343347639485,0.75,0,0.000648732683773,0,1.09399637217,0.3211752562057,0.0297958556465192,0.75,0,0,0,0.0004254571091474,0.000326698736849275,0,0,1.071600713316,0.0298484961310807,35,0.75
"SYNPCC7002_RS15720",NA,NA,NA,11,4,17.3333333333,0.000464759595484,19,0.0472103004292,1,0.00815110902107,0.000464759595484,0.00798319327731,1.06380936232,0.04746011693004,0.00534167677028034,0.975,0.0790569415042095,0.0507754170635081,0.0766224681664981,0.0004419041746159,0.000206806027688195,0.052355077004849,0.0768842688771625,1.126032515175,0.190081185533751,36,-0.33
"SYNPCC7002_RS14440",NA,NA,NA,31,3,130,0.0142162419211,130,0.1330472103,0.75,0.0611333176581,0.0142162419211,0.0546218487395,1.01301861862,0.1316561315734,0.00669650040379915,0.75,0,0.09269247622977,0.0736147347361873,0.0187468204606,0.0037369019105736,0.0885496060467,0.0754969315559367,1.0816450343097,0.151945739520375,37,-0.45
"SYNPCC7002_RS00650",NA,NA,NA,35,3,89.5,2.74703744433e-05,133,0.150214592275,0.75,0.0420879379262,2.74703744433e-05,0.0558823529412,0.998212353517,0.1403313434734,0.0149862309854818,0.825,0.120761472884912,0.09193401639097,0.0594607472145435,5.794465960073e-05,3.39462632403867e-05,0.11494303849803,0.0803497492402532,1.1722663430221,0.211260083112684,38,-0.82
"SYNPCC7002_RS03950",NA,NA,NA,28,3,96,0.00635629399444,112,0.12017167382,0.75,0.0451446038091,0.00635629399444,0.0470588235294,0.968731395153,0.10031394502866,0.00945318892007707,0.775,0.0790569415042095,0.03761747329791,0.0162180859689936,0.002940571398824,0.000677059350743454,0.03280746184487,0.0168416468471429,0.9486794515701,0.0783824845160476,39,0.26
"SYNPCC7002_RS02455",NA,NA,NA,45,3,0,0.00029289718359,0,0.19313304721,0.75,0,0.00029289718359,0,0.943425944394,0.1725095843079,0.00854762137580423,0.775,0.0790569415042095,0.12251956727761,0.116334253137981,9.518464033307e-05,5.54588269163533e-05,0.12057675210358,0.11267179164168,1.1907010883301,0.229642500375414,40,-1.08
"SYNPCC7002_RS12515",NA,NA,NA,37,3,32.5,0.00102039252204,34,0.158798283262,0.75,0.0152833294145,0.00102039252204,0.0142857142857,0.939387719484,0.1411222341239,0.0180795156012116,0.725,0.0790569415042095,0.10642341464285,0.148639770488819,0.00503935514097518,0.00770381816752928,0.1012295546225,0.149432761489967,1.0788145585303,0.331758030833184,41,-0.42
"SYNPCC7002_RS03295",NA,NA,NA,31,3,34.5,0.00249446800554,39,0.1330472103,0.75,0.0162238419939,0.00249446800554,0.0163865546218,0.918152074921,0.1366117590373,0.00823146068541468,0.75,0,0.02988419783606,0.0218373464879614,0.0018466135929225,0.000773092077622808,0.0275988248471,0.0207763359664657,0.9459413953134,0.0419790189384571,42,-0.66
"SYNPCC7002_RS09420","Xre1",NA,NA,10,3,72,0.0573600983771,72,0.0429184549356,0.75,0.0338584528568,0.0573600983771,0.0302521008403,0.91438910701,0.04079865880832,0.00738601846717499,0.65,0.129099444873581,0.056197393306804,0.108794898369148,0.05929321808699,0.00851405500813128,0.054429008519999,0.114443813785214,0.8607182787218,0.302201981349637,43,0.18
"SYNPCC7002_RS00690",NA,NA,NA,28,3,34,0.000427086524946,34,0.12017167382,0.75,0.015988713849,0.000427086524946,0.0142857142857,0.90087318848,0.08630050237188,0.0113896308746094,0.55,0.105409255338946,0.011755530692253,0.0150116057167288,0.0005962022580257,0.000730614609435408,0.010574255683409,0.0137201119100852,0.6592264910053,0.113096477148106,44,2.14
"SYNPCC7002_RS08175",NA,NA,NA,34,3,0,0.000949433923123,0,0.145922746781,0.75,0,0.000949433923123,0,0.896872180704,0.1179419769742,0.0123143798110184,0.6,0.129099444873581,0.00906632734212,0.0286702444137598,0.0029292043206825,0.00305151372435682,0.00785123966942,0.0248277998112346,0.7377887483061,0.160874530103633,45,0.99
"SYNPCC7002_RS14790",NA,NA,NA,31,3,0,0.000543776089026,0,0.1330472103,0.75,0,0.000543776089026,0,0.883590986389,0.1125990320553,0.00759584052773328,0.65,0.129099444873581,0,0,0.00088594524663234,0.00112154657869956,0,0,0.763484977302,0.13283953191346,46,0.9
"SYNPCC7002_RS08480","pyrR",NA,NA,10,3,86,0.00677361482013,102,0.0429184549356,0.75,0.0404420409123,0.00677361482013,0.0428571428571,0.882991253525,0.0383552931297,0.0105420177318014,0.6,0.129099444873581,0.037625404033311,0.0247262763448536,0.007281115387681,0.00440913788339707,0.035792104781073,0.0220291904065464,0.7190539173317,0.137809526588865,47,1.19
"SYNPCC7002_RS03760","nusA",NA,NA,27,3,0,0.0106017111275,0,0.115879828326,0.75,0,0.0106017111275,0,0.876481539453,0.1096541869743,0.0122969225406677,0.75,0,0.016866767292216,0.0162572683021771,0.015767444785012,0.00372474839125278,0.014583582990519,0.0142208001458241,0.9068719820421,0.0385952678476926,48,-0.79
"SYNPCC7002_RS12090",NA,NA,NA,29,3,0,0.00108190555302,0,0.124463519313,0.75,0,0.00108190555302,0,0.875545424866,0.1337468510874,0.0141926054172732,0.725,0.0790569415042095,0.002481310641,0.00784659320797238,0.0008158801088737,0.000558052565611449,0.00214876033058,0.00679497679044916,0.8641928021678,0.0809358972886065,49,0.14
"SYNPCC7002_RS09260","lexA",NA,NA,18,3,13,8.59631765275e-06,13,0.0772532188841,0.75,0.00611333176581,8.59631765275e-06,0.00546218487395,0.838837331842,0.08915813967101,0.011238775171717,0.575,0.120761472884912,0.015988433239155,0.0115447724960789,4.3696135334067e-05,4.64207566612233e-05,0.014012908716644,0.0111980473054667,0.6942031777621,0.131939880530474,50,1.1
"SYNPCC7002_RS14385",NA,NA,NA,18,3,9,0.0024808237716,9,0.0772532188841,0.75,0.0042323066071,0.0024808237716,0.00378151260504,0.837747861868,0.07506431145254,0.0052521432210336,0.75,0,0.0021908695847474,0.0012169585341956,0.003563345555996,0.00145876911147136,0.0019218645971821,0.00120555280501684,0.8327403911905,0.00523828560875687,51,0.96
"SYNPCC7002_RS01085",NA,NA,NA,20,3,0,0.000340748867354,0,0.0858369098712,0.75,0,0.000340748867354,0,0.836177658739,0.06935132327453,0.0115105401250451,0.5,0,0.000567316278826,0.00179401159478132,0.00028071358666814,0.000167033754145372,0.000480897675661,0.00152073197656968,0.5706802508157,0.0108660251591975,52,24.43
"SYNPCC7002_RS00010","dnaA",NA,NA,13,3,29,0.00013960072503,30,0.0557939914163,0.75,0.0136374324007,0.00013960072503,0.0126050420168,0.832176066559,0.05575471331591,0.00608335113275352,0.525,0.0790569415042095,0.0018463033444,0.00583852381989029,0.00216030268751,0.00133940079158622,0.00174152153987,0.00550717466023294,0.5865028408876,0.0807937156464207,53,3.04
"SYNPCC7002_RS09845",NA,NA,NA,19,3,0,8.96397690448e-06,0,0.0815450643777,0.75,0,8.96397690448e-06,0,0.831554028355,0.0726890883931,0.00819571574728946,0.575,0.120761472884912,0,0,3.7451291827404e-05,4.21604896414389e-05,0,0,0.6477265396848,0.1240479077369,54,1.48
"SYNPCC7002_RS12105",NA,NA,NA,13,3,9,0.00113473716704,9,0.0557939914163,0.75,0.0042323066071,0.00113473716704,0.00378151260504,0.814942547795,0.06644965866793,0.0100925637626413,0.7,0.105409255338946,0.006516035422639,0.00834070033446481,0.001408089576902,0.000602823055078704,0.005853200913827,0.00823673672917326,0.7802269845813,0.100825522305491,55,0.34
"SYNPCC7002_RS16160",NA,NA,NA,11,3,7,0.000210450786258,7,0.0472103004292,0.75,0.00329179402775,0.000210450786258,0.00294117647059,0.803653721714,0.05609754671762,0.00500267203628961,0.675,0.120761472884912,0.006464094172875,0.00334686571717104,0.0011032690266315,0.00112518853957732,0.005521854094132,0.0030122918807008,0.7441867640113,0.121155166690021,56,0.49
"SYNPCC7002_RS08945","sfsA",NA,NA,34,2,0,0.00527763052853,0,0.145922746781,0.5,0,0.00527763052853,0,0.65120037731,0.1600682382481,0.0149058087203969,0.75,0,0.00855434646917,0.0121432979430526,0.011720273037689,0.00360449400336313,0.00685808570226,0.00976297355728553,0.9372009434572,0.0296334388183165,57,-9.65
"SYNPCC7002_RS08860",NA,NA,NA,23,2,57,7.02197228729e-06,57,0.0987124463519,0.5,0.0268046085116,7.02197228729e-06,0.0239495798319,0.649473656668,0.0801148940232,0.0106500899133902,0.55,0.105409255338946,0.02620628511788,0.0413977481994224,0.000922346544847917,0.00167020433662951,0.0247904285214,0.039828989182302,0.6820339542069,0.178602128650435,58,-0.18
"SYNPCC7002_RS07295",NA,NA,NA,30,2,0,0.0012304772721,0,0.128755364807,0.5,0,0.0012304772721,0,0.629985842079,0.1328218383976,0.00962828039158886,0.6,0.129099444873581,0,0,0.0007358288168911,0.00102378377497873,0,0,0.7335576672145,0.131665323823119,59,-0.79
"SYNPCC7002_RS00260",NA,NA,NA,18,2,17,3.51813377543e-05,17,0.0772532188841,0.5,0.00799435692452,3.51813377543e-05,0.00714285714286,0.592425614289,0.09671052587127,0.0127018503721898,0.5,0,0.00328674729771,0.0073161895408758,2.1743659803555e-05,3.31976691656832e-05,0.00307506887052,0.00697472603814445,0.6030940856992,0.0205409526760187,60,-0.52
"SYNPCC7002_RS15410",NA,NA,NA,18,2,0,1.98982795809e-05,0,0.0772532188841,0.5,0,1.98982795809e-05,0,0.577273117164,0.09070260659333,0.0164480144831703,0.55,0.105409255338946,0.00186219739292,0.00588878521445471,2.5352853224686e-05,2.79576275166836e-05,0.0018115942029,0.00572876387712121,0.6444017510424,0.118516671365186,61,-0.57
"SYNPCC7002_RS06005",NA,NA,NA,17,2,0,0.000593031032195,0,0.0729613733906,0.5,0,0.000593031032195,0,0.573554404423,0.05158253428547,0.00524931555793762,0.5,0,0.004024967624256,0.00532410907758542,0.0003641947992526,0.000110805642337529,0.003284301161108,0.00444534746637355,0.5592559978701,0.0122565071995019,62,1.17
"SYNPCC7002_RS09175",NA,NA,NA,16,2,0,0.00384762661751,0,0.068669527897,0.5,0,0.00384762661751,0,0.572517154515,0.07550103992327,0.00948173952481978,0.525,0.0790569415042095,0,0,0.0046123553702568,0.00260148567295105,0,0,0.6051133952936,0.0846164383240756,63,-0.39
"SYNPCC7002_RS15995",NA,NA,NA,11,2,20,5.9809248629e-05,20,0.0472103004292,0.5,0.00940512579356,5.9809248629e-05,0.00840336134454,0.565078596816,0.04423996357475,0.00948812057357026,0.45,0.105409255338946,0.020566928193079,0.0146451311848517,0.00035369865616192,0.000432340816229049,0.018819655218061,0.0138010577126125,0.5339802456422,0.124279391401274,64,0.25
"SYNPCC7002_RS10145",NA,NA,NA,11,2,11,1.5981070193e-05,11,0.0472103004292,0.5,0.00517281918646,1.5981070193e-05,0.0046218487395,0.557020949425,0.04538417500215,0.00427919253816476,0.5,0,0.014137513139348,0.0236914855026413,7.529400571855e-07,5.49823969323986e-07,0.0125739497425,0.0212759027964901,0.5720963908241,0.047584484804797,65,-0.32
"SYNPCC7002_RS15030",NA,NA,NA,12,2,0,3.96650711781e-05,0,0.0515021459227,0.5,0,3.96650711781e-05,0,0.551541810994,0.04375132115278,0.00680471357977391,0.5,0,0.0013777900248,0.00435695461582788,1.8583243366746e-05,2.50807692245058e-05,0.0011327594019,0.00358209975097406,0.5462804538228,0.0109692206567838,66,0.48
"SYNPCC7002_RS00635",NA,NA,NA,5,2,27,8.68677341347e-06,36,0.0214592274678,0.5,0.0126969198213,8.68677341347e-06,0.0151260504202,0.549290884483,0.0214809159485,0.00480356256133389,0.6,0.129099444873581,0.012937444723262,0.00709147462663957,1.734741939767e-05,1.43372794770122e-05,0.013540836587907,0.00786203054602577,0.6479765446788,0.134453897480089,67,-0.73
"SYNPCC7002_RS09195",NA,NA,NA,9,2,0,0.00043179112304,0,0.0386266094421,0.5,0,0.00043179112304,0,0.539058400565,0.03092346084881,0.0085957118461708,0.475,0.0790569415042095,0,0,0.0003403837785972,0.000154216007181985,0,0,0.5062638446273,0.0844975001107247,68,0.39
"SYNPCC7002_RS10525",NA,NA,NA,6,2,3,3.63953791565e-05,3,0.0257510729614,0.5,0.00141076886903,3.63953791565e-05,0.00126050420168,0.528458741411,0.02346356749828,0.00715558070450416,0.5,0.117851130197758,0.0086623467989673,0.020207170581943,0.0017892818660127,0.00559842583813131,0.006166789257287,0.0132318073915884,0.5400819854207,0.131605069020374,69,-0.09
"SYNPCC7002_RS09090","sufR",NA,NA,4,2,11,2.41014476411e-05,11,0.0171673819742,0.5,0.00517281918646,2.41014476411e-05,0.0046218487395,0.526986151348,0.02511691754374,0.00500187556414304,0.5,0,0.0161093578541571,0.0259382274299915,3.7151471643705e-05,1.66644111801232e-05,0.0142003182940722,0.0229440350178765,0.5554637451636,0.0508758454860416,70,-0.56
"SYNPCC7002_RS13450",NA,NA,NA,5,2,4,0.000172875329156,4,0.0214592274678,0.5,0.00188102515871,0.000172875329156,0.00168067226891,0.525193800225,0.02109749858903,0.0061681075233532,0.475,0.0790569415042095,0.0012977003974125,0.00156518206409259,6.2414011165897e-05,7.64287802629462e-05,0.0011524953462782,0.00147554159732122,0.498610108344,0.0827621926780628,71,0.32
"SYNPCC7002_RS06165",NA,NA,NA,4,2,0,1.218883978e-06,0,0.0171673819742,0.5,0,1.218883978e-06,0,0.517168600858,0.01733091424604,0.00262332684137397,0.5,0,0.000348643717984,0.000749548235088114,3.7001414319281e-06,6.81971325471842e-06,0.000284137791054,0.000605062670346517,0.5179673958966,0.00269962682651217,72,-0.3
"SYNPCC7002_RS04290",NA,NA,NA,2,2,0,4.06039520411e-05,0,0.00858369098712,0.5,0,4.06039520411e-05,0,0.508624294939,0.014844849246612,0.003963876535938,0.6,0.129099444873581,0.00143290162579,0.00453123280045467,3.6291550761021e-05,3.38673709203435e-05,0.00117806977798,0.00372538374102568,0.6174921122013,0.135978026309243,73,-0.8
"SYNPCC7002_RS15535",NA,NA,NA,2,2,0,1.17919434149e-06,0,0.00858369098712,0.5,0,1.17919434149e-06,0,0.508584870181,0.012809347399646,0.00504685208259165,0.55,0.105409255338946,0.01194972465547,0.026648991146495,4.0539152399275e-06,6.08286124984157e-06,0.01072678358635,0.0237931651320244,0.5854899095566,0.119611330123481,74,-0.64
"SYNPCC7002_RS00850",NA,NA,NA,10,1,0,3.91861113696e-07,0,0.0429184549356,0.25,0,3.91861113696e-07,0,0.292918846797,0.04210500754386,0.00220435084721531,0.35,0.129099444873581,0,0,1.47513664263568e-06,1.66698685447284e-06,0,0,0.3921064826806,0.128923669680895,75,-0.77
"SYNPCC7002_RS09950","ChlR",NA,NA,2,1,2,7.91324596445e-07,2,0.00858369098712,0.25,0.000940512579356,7.91324596445e-07,0.000840336134454,0.260365331026,0.001659865351172,0.00349945403105034,0.075,0.168737139427638,0.0001584701667457,0.000342701582111948,1.807475956672e-08,3.94374770149558e-08,0.0001360777031727,0.000295023801966132,0.0769544312959,0.172565579634959,76,1.06
"SYNPCC7002_RS02410",NA,NA,NA,2,1,0,2.36582721536e-17,0,0.00858369098712,0.25,0,2.36582721536e-17,0,0.258583690987,0.013229028577791,0.00444249406003465,0.35,0.129099444873581,0.006180813025792,0.00536070467883445,0.000276085753750911,0.000302569862465741,0.005718674372687,0.00499493780206418,0.37540460173,0.135040814149123,77,-0.87
