"community","regulators","community_size","source","term","gene_count","set_size","term_size","universe","fold","p_value","q_value","gene_ratio"
2,"TetR, SigA5, SigF1",18,"COG","C",7,18,204,2712,5.16993464052288,0.0001914487120235,0.001148692272141,"7/18"
2,"TetR, SigA5, SigF1",18,"COG","F",4,18,98,2712,6.14965986394558,0.00332142670240972,0.00996428010722916,"4/18"
2,"TetR, SigA5, SigF1",18,"KEGG","map01100",11,18,580,2712,2.85747126436782,0.000283462649772758,0.00510232769590964,"11/18"
2,"TetR, SigA5, SigF1",18,"KEGG","map00860",3,18,48,2712,9.41666666666667,0.00352413272734627,0.0212692267527221,"3/18"
2,"TetR, SigA5, SigF1",18,"KEGG","map00190",3,18,49,2712,9.22448979591837,0.0037383737409178,0.0212692267527221,"3/18"
2,"TetR, SigA5, SigF1",18,"KEGG","map00760",2,18,16,2712,18.8333333333333,0.00472649483393824,0.0212692267527221,"2/18"
2,"TetR, SigA5, SigF1",18,"KEGG","map00720",2,18,18,2712,16.7407407407407,0.00597908814379983,0.0215247173176794,"2/18"
2,"TetR, SigA5, SigF1",18,"KEGG","map00620",2,18,24,2712,12.5555555555556,0.0105346211056804,0.0316038633170413,"2/18"
3,"NusG",44,"COG","J",15,44,166,2712,5.56955093099671,1.64974242582885e-08,2.30963939616039e-07,"15/44"
3,"NusG",44,"KEGG","map03010",11,44,53,2712,12.7924528301887,2.53566047598279e-10,9.88907585633289e-09,"11/44"
4,"CyAbrB2",48,"COG","C",16,48,204,2712,4.43137254901961,1.53796078574062e-07,2.30694117861092e-06,"16/48"
4,"CyAbrB2",48,"KEGG","map00195",17,48,59,2712,16.2796610169492,1.19538538285332e-17,2.03215515085065e-16,"17/48"
4,"CyAbrB2",48,"KEGG","map01100",30,48,580,2712,2.92241379310345,5.97059421525589e-10,5.07500508296751e-09,"30/48"
4,"CyAbrB2",48,"KEGG","map00190",8,48,49,2712,9.22448979591837,1.37448962052649e-06,7.78877451631676e-06,"8/48"
4,"CyAbrB2",48,"KEGG","map00196",3,48,17,2712,9.97058823529412,0.00297352766113447,0.0126374925598215,"3/48"
5,"RpaB",34,"COG","C",11,34,204,2712,4.30103806228374,2.04504588711171e-05,0.000245405506453405,"11/34"
5,"RpaB",34,"COG","F",5,34,98,2712,4.06962785114046,0.00672853480735368,0.0403712088441221,"5/34"
5,"RpaB",34,"KEGG","map00190",8,34,49,2712,13.0228091236495,8.00467330503117e-08,2.64154219066029e-06,"8/34"
5,"RpaB",34,"KEGG","map01100",20,34,580,2712,2.75050709939148,1.96399276090472e-06,3.2405880554928e-05,"20/34"
5,"RpaB",34,"KEGG","map01130",10,34,166,2712,4.80510276399716,2.05183854182333e-05,0.000225702239600566,"10/34"
5,"RpaB",34,"KEGG","map00710",4,34,16,2712,19.9411764705882,3.3728914126059e-05,0.000278263541539987,"4/34"
5,"RpaB",34,"KEGG","map00195",6,34,59,2712,8.11166500498505,6.86605367616524e-05,0.000453159542626906,"6/34"
5,"RpaB",34,"KEGG","map01120",8,34,122,2712,5.2304725168756,9.03701190653636e-05,0.0004970356548595,"8/34"
5,"RpaB",34,"KEGG","map01200",6,34,70,2712,6.83697478991597,0.000181021615572006,0.000853387616268026,"6/34"
5,"RpaB",34,"KEGG","map00010",4,34,28,2712,11.3949579831933,0.000341053389442771,0.00140684523145143,"4/34"
5,"RpaB",34,"KEGG","map01230",6,34,94,2712,5.09136420525657,0.000905983558175329,0.00332193971330954,"6/34"
5,"RpaB",34,"KEGG","map01051",1,34,1,2712,79.7647058823529,0.0125368731563426,0.0413716814159304,"1/34"
6,"XylR",21,"COG","G",4,21,82,2712,6.29965156794425,0.00313872880615341,0.0313872880615341,"4/21"
6,"XylR",21,"KEGG","map01100",12,21,580,2712,2.67192118226601,0.000355944627668671,0.00971815601124841,"12/21"
6,"XylR",21,"KEGG","map01230",5,21,94,2712,6.8693009118541,0.000588979152196873,0.00971815601124841,"5/21"
6,"XylR",21,"KEGG","map01130",6,21,166,2712,4.66781411359725,0.00120611473477709,0.013267262082548,"6/21"
6,"XylR",21,"KEGG","map01110",7,21,249,2712,3.63052208835341,0.00190723688223469,0.0157347042784362,"7/21"
6,"XylR",21,"KEGG","map00521",2,21,13,2712,19.8681318681319,0.00423232060381005,0.0279333159851463,"2/21"
7,"SigA1",31,"COG","J",16,31,166,2712,8.43218033424019,2.57798436898996e-12,2.57798436898996e-11,"16/31"
7,"SigA1",31,"KEGG","map03010",14,31,53,2712,23.1089470480828,3.91659180443844e-17,9.39982033065226e-16,"14/31"
7,"SigA1",31,"KEGG","map03020",2,31,3,2712,58.3225806451613,0.000376769386624281,0.00452123263949138,"2/31"
8,"Rre1",51,"KEGG","map00300",3,51,11,2712,14.5026737967914,0.000929932607488162,0.0409170347294791,"3/51"
9,"DnaA",78,"COG","F",10,78,98,2712,3.54788069073783,0.000389988257253573,0.00740977688781789,"10/78"
13,"NtrC",50,"KEGG","map00030",4,50,18,2712,12.0533333333333,0.000258814347635238,0.0147524178152086,"4/50"
14,"NrdR",63,"KEGG","map01100",27,63,580,2712,2.00394088669951,8.58972214563578e-05,0.00433928325734043,"27/63"
14,"NrdR",63,"KEGG","map01200",8,63,70,2712,4.91972789115646,0.000163746538012846,0.00433928325734043,"8/63"
14,"NrdR",63,"KEGG","map01110",15,63,249,2712,2.59323006310958,0.000393383909225721,0.00694978239632107,"15/63"
14,"NrdR",63,"KEGG","map00720",4,63,18,2712,9.56613756613757,0.000634075941131235,0.00840150621998886,"4/63"
16,"BolA",40,"COG","J",9,40,166,2712,3.67590361445783,0.000510995833897154,0.00766493750845731,"9/40"
16,"BolA",40,"KEGG","map03010",5,40,53,2712,6.39622641509434,0.00092179252678146,0.0248883982230994,"5/40"
17,"Zur, ArsR",37,"KEGG","map00970",4,37,26,2712,11.2765072765073,0.00035399976193649,0.00884999404841226,"4/37"
20,"NusA",29,"COG","J",14,29,166,2712,7.88699626090569,2.10267825295878e-10,2.52321390355053e-09,"14/29"
20,"NusA",29,"KEGG","map03010",11,29,53,2712,19.409238776838,1.42056478098282e-12,5.54020264583301e-11,"11/29"
21,"NtcA",20,"COG","M",5,20,147,2712,4.61224489795918,0.00349420454468576,0.0244594318128003,"5/20"
