"rank","locus_tag","TF_name","stress_related","stress_category","IC","IC_seedmean","IC_seedsd","degree","kcore","betweenness","eigenvector","stress"
1,"SYNPCC7942_RS03565","NrdR","yes","multi-stress (DNA damage/replication)",4.59,4.07,0.509,101,3,2782,0.8009,2951
2,"SYNPCC7942_RS05640","DnaA","no","",3.395,3.337,0.072,128,3,553,1,580
3,"SYNPCC7942_RS09435","Rre1","yes","multi-stress",3.212,2.233,0.697,58,3,2235,0.1569,2356
4,"SYNPCC7942_RS09500","Rre28","yes","uncharacterized two-component stress",2.387,2.64,0.681,84,2,1431,0.0454,1489
5,"SYNPCC7942_RS05070","Fur","yes","metal stress (Fe)",2.319,1.823,0.65,48,2,1714,0.0514,1801
6,"SYNPCC7942_RS07805","NtrC","yes","nutrient stress (N)",2.256,2.479,0.43,62,3,841.5,0.1719,877
7,"SYNPCC7942_RS11465","CyAbrB2","yes","nutrient stress (C/N)",2.117,2.792,0.712,74,3,569,0.132,598
8,"SYNPCC7942_RS03260","NusG","no","",1.804,2.254,0.573,75,3,135,0.124,135
9,"SYNPCC7942_RS00480","RpaA","no","",1.751,1.62,0.233,46,3,216,0.2296,250
10,"SYNPCC7942_RS03160","HrcA","yes","multi-stress (heat)",1.614,1.627,0.304,29,3,391.5,0.0995,433
11,"SYNPCC7942_RS05870","BolA","yes","multi-stress",1.551,2.082,0.104,48,2,549,0.1069,606
12,"SYNPCC7942_RS04225","Zur","yes","metal stress (Zn)",1.503,2.124,0.658,38,2,749,0.0064,778
13,"SYNPCC7942_RS10700","XylR","no","",1.339,1.486,0.183,27,3,149.5,0.0153,175
14,"SYNPCC7942_RS07435","RpaB","yes","multi-stress (light/redox)",1.285,1.372,0.152,48,2,284,0.0284,333
15,"SYNPCC7942_RS00645","NtcA","yes","nutrient stress (N)",1.282,1.229,0.192,22,3,133.5,0.0129,145
16,"SYNPCC7942_RS10260","NusA","no","",1.281,1.292,0.065,31,3,13,0.0299,14
17,"SYNPCC7942_RS07185","ManR","yes","metal stress (Mn)",1.192,1.428,0.413,41,2,291,0.002,291
18,"SYNPCC7942_RS08645","ChlR","yes","multi-stress (low O2)",0.934,1.557,0.569,34,2,0,0.0015,0
19,"SYNPCC7942_RS00455","PlmA","no","",0.923,1.027,0.253,9,2,260,0.0041,260
20,"SYNPCC7942_RS03075","TetR","no","",0.918,0.897,0.097,18,2,133,0.0174,133
