order,TF_name,locus_tag,degree,betweenness,eigenvector,k_core,stress,IC,colour_group
1,NtcB,SYNPCC7942_RS06365,5,18.0,0.145582691652,2,21,0.864898255454,c
2,NrrA,SYNPCC7942_RS12535,1,0.0,0.000903872219732,1,0,0.342049705553,c
3,SufR,SYNPCC7942_RS08820,9,0.0,0.000810376837382,1,0,0.40445621017,red
4,YebC,SYNPCC7942_RS05230,7,39.0,0.0130904375745,2,39,0.761679154861,red
5,RbcR,SYNPCC7942_RS10040,19,82.0,0.00057626976934,2,82,0.872942824919,m
6,PlmA,SYNPCC7942_RS00455,9,260.0,0.00410043755951,2,260,0.922643275024,m
7,PyrR,SYNPCC7942_RS06745,8,41.0,0.000172898879255,2,41,0.757970759787,red
8,Rre28,SYNPCC7942_RS09500,84,1431.0,0.045425457752,2,1489,2.38729499007,y
9,Fur,SYNPCC7942_RS05070,48,1714.0,0.0513772132839,2,1801,2.31944899528,y
10,Zur,SYNPCC7942_RS04225,38,749.0,0.00644604118905,2,778,1.50285792134,k
11,ManR,SYNPCC7942_RS07185,41,291.0,0.00198797262152,2,291,1.19217878622,k
12,ChlR,SYNPCC7942_RS08645,34,0.0,0.00150278223446,2,0,0.933794448901,k
13,TetR,SYNPCC7942_RS03075,18,133.0,0.017374665701,2,133,0.917543133199,g
14,SigA5,SYNPCC7942_RS09380,5,9.0,0.00160900611419,2,9,0.713623069078,g
15,KaiC,SYNPCC7942_RS06230,2,4.0,0.0118578301479,2,4,0.696942784058,red
16,SfsA,SYNPCC7942_RS10350,4,12.0,0.00975416634566,2,12,0.716050694742,b
17,NtcA,SYNPCC7942_RS00645,22,133.5,0.0128759605181,3,145,1.28187390633,b
18,XylR,SYNPCC7942_RS10700,27,149.5,0.0153405158963,3,175,1.3393182652,b
19,HrcA,SYNPCC7942_RS03160,29,391.5,0.0994875652643,3,433,1.61350608366,b
20,BolA,SYNPCC7942_RS05870,48,549.0,0.106863228149,2,606,1.5512240552,purple
21,NusA,SYNPCC7942_RS10260,31,13.0,0.0298754482225,3,14,1.28147999994,purple
22,NusG,SYNPCC7942_RS03260,75,135.0,0.124040790174,3,135,1.80425173463,purple
23,SigA1,SYNPCC7942_RS03325,30,0.0,0.00773734114114,2,0,0.908779007808,purple
24,CyAbrB2,SYNPCC7942_RS11465,74,569.0,0.131985823635,3,598,2.11728311119,purple
25,RpaB,SYNPCC7942_RS07435,48,284.0,0.0284280846585,2,333,1.28502268642,purple
26,RpaA,SYNPCC7942_RS00480,46,216.0,0.229642936891,3,250,1.75137696614,c
27,DnaA,SYNPCC7942_RS05640,128,553.0,1.0,3,580,3.39532140222,c
28,NrdR,SYNPCC7942_RS03565,101,2782.0,0.800923063877,3,2951,4.58998556388,c
29,NusB,SYNPCC7942_RS12560,15,26.0,0.0380490425254,2,26,0.840059576272,c
30,Rre1,SYNPCC7942_RS09435,58,2235.0,0.156909901028,3,2356,3.21178719789,c
31,NtrC,SYNPCC7942_RS07805,62,841.5,0.171855268328,3,877,2.25589789248,c
