"n","mean","lo","hi"
5,0.62,0.4,1
6,0.7,0.5,1
7,0.742857142857143,0.571428571428571,1
8,0.75,0.625,1
9,0.744444444444444,0.555555555555556,0.888888888888889
10,0.73,0.6,0.8
11,0.818181818181818,0.727272727272727,0.909090909090909
12,0.866666666666667,0.833333333333333,1
13,0.846153846153846,0.769230769230769,0.923076923076923
14,0.857142857142857,0.785714285714286,0.928571428571429
15,0.853333333333333,0.8,0.933333333333333
16,0.8625,0.8125,0.9375
17,0.905882352941176,0.823529411764706,0.941176470588235
18,0.916666666666667,0.833333333333333,0.944444444444444
19,0.91578947368421,0.842105263157895,0.947368421052632
20,0.91,0.85,0.95
