"measure","seed","rho"
"degree",1,0.990390445951076
"degree",2,0.987500686753367
"degree",3,0.987473291216413
"degree",4,0.990352998715607
"degree",5,0.991878311709991
"degree",6,0.991620480071907
"degree",7,0.987814387259814
"degree",8,0.992511650763701
"degree",9,0.984445506820812
"degree",10,0.982829512972357
"kcore",1,0.733135168390963
"kcore",2,0.85773822338333
"kcore",3,0.833662684394572
"kcore",4,0.886027196575259
"kcore",5,0.854004282209526
"kcore",6,0.79381684404486
"kcore",7,0.88476138726801
"kcore",8,0.832919816104922
"kcore",9,0.763158397658742
"kcore",10,0.678808219390155
"betweenness",1,0.683994921726965
"betweenness",2,0.766582082082714
"betweenness",3,0.695312609882584
"betweenness",4,0.835603637623705
"betweenness",5,0.743808614059693
"betweenness",6,0.968830865313363
"betweenness",7,0.668350020052415
"betweenness",8,0.708216851879865
"betweenness",9,0.812976190476191
"betweenness",10,0.854635346981707
"eigenvector",1,0.913513513513514
"eigenvector",2,0.927563190721085
"eigenvector",3,0.974632527264106
"eigenvector",4,0.942882153408469
"eigenvector",5,0.910612010380389
"eigenvector",6,0.903989703989704
"eigenvector",7,0.928957528957529
"eigenvector",8,0.922949265054528
"eigenvector",9,0.8994131958186
"eigenvector",10,0.905642484589853
"stress",1,0.682354235126518
"stress",2,0.769053012449097
"stress",3,0.681652739292266
"stress",4,0.838733929160825
"stress",5,0.742870090938888
"stress",6,0.965276432667858
"stress",7,0.664857382855253
"stress",8,0.711107397451205
"stress",9,0.813679387119358
"stress",10,0.851631340570404
"IC",1,0.907078507078507
"IC",2,0.937848779954043
"IC",3,0.93764817449028
"IC",4,0.958857643068169
"IC",5,0.906235924394108
"IC",6,0.95006435006435
"IC",7,0.884942084942085
"IC",8,0.915362731152205
"IC",9,0.897160810063947
"IC",10,0.921052631578947
