"group","run_a","run_b","overlap"
"rep_vs_seed","representative","seed1",77.2727272727273
"rep_vs_seed","representative","seed2",77.2727272727273
"rep_vs_seed","representative","seed3",77.6214253290967
"rep_vs_seed","representative","seed4",76.9090909090909
"rep_vs_seed","representative","seed5",77.3430391264786
"rep_vs_seed","representative","seed6",77.6513427401001
"rep_vs_seed","representative","seed7",77.349069450749
"rep_vs_seed","representative","seed8",76.3289413902772
"rep_vs_seed","representative","seed9",76.0345611641655
"rep_vs_seed","representative","seed10",77.0909090909091
"seed_vs_seed","seed1","seed2",76.1818181818182
"seed_vs_seed","seed1","seed3",78.620063549705
"seed_vs_seed","seed1","seed4",78.0909090909091
"seed_vs_seed","seed1","seed5",77.6160145586897
"seed_vs_seed","seed1","seed6",77.9244424214838
"seed_vs_seed","seed1","seed7",78.8016341352701
"seed_vs_seed","seed1","seed8",77.4193548387097
"seed_vs_seed","seed1","seed9",75.7617098681219
"seed_vs_seed","seed1","seed10",77
"seed_vs_seed","seed2","seed3",77.2582841579664
"seed_vs_seed","seed2","seed4",77.7272727272727
"seed_vs_seed","seed2","seed5",75.3412192902639
"seed_vs_seed","seed2","seed6",77.4692762858443
"seed_vs_seed","seed2","seed7",76.9859282796187
"seed_vs_seed","seed2","seed8",76.4198091776465
"seed_vs_seed","seed2","seed9",76.8531150522965
"seed_vs_seed","seed2","seed10",77.7272727272727
"seed_vs_seed","seed3","seed4",78.2569223785747
"seed_vs_seed","seed3","seed5",77.0558836892322
"seed_vs_seed","seed3","seed6",78.6363636363636
"seed_vs_seed","seed3","seed7",78.0598368087035
"seed_vs_seed","seed3","seed8",77.4954627949183
"seed_vs_seed","seed3","seed9",77.4750227066303
"seed_vs_seed","seed3","seed10",77.984566500227
"seed_vs_seed","seed4","seed5",77.3430391264786
"seed_vs_seed","seed4","seed6",77.9244424214838
"seed_vs_seed","seed4","seed7",78.4384929641398
"seed_vs_seed","seed4","seed8",76.9650159018628
"seed_vs_seed","seed4","seed9",77.0350159163256
"seed_vs_seed","seed4","seed10",76.4545454545455
"seed_vs_seed","seed5","seed6",77.8132118451025
"seed_vs_seed","seed5","seed7",77.8736937755566
"seed_vs_seed","seed5","seed8",76.4893133242383
"seed_vs_seed","seed5","seed9",74.7382794720073
"seed_vs_seed","seed5","seed10",77.6160145586897
"seed_vs_seed","seed6","seed7",77.6363636363636
"seed_vs_seed","seed6","seed8",77.3430391264786
"seed_vs_seed","seed6","seed9",76.2295081967213
"seed_vs_seed","seed6","seed10",75.7396449704142
"seed_vs_seed","seed7","seed8",77.0417422867514
"seed_vs_seed","seed7","seed9",77.8383287920073
"seed_vs_seed","seed7","seed10",77.5306400363141
"seed_vs_seed","seed8","seed9",76.9090909090909
"seed_vs_seed","seed8","seed10",75.7837346660609
"seed_vs_seed","seed9","seed10",76.3983628922237
