"locus_tag","rep","seed_mean","TF_name","stress"
"SYNPCC7942_RS06230",1,1.1,"KaiC","no"
"SYNPCC7942_RS08885",3,3.44444444444444,"SigA2","no"
"SYNPCC7942_RS03075",16,15.6,"TetR","no"
"SYNPCC7942_RS03260",74,74.3,"NusG","no"
"SYNPCC7942_RS09380",4,4,"SigA5","no"
"SYNPCC7942_RS11465",72,78.4,"CyAbrB2","yes"
"SYNPCC7942_RS07435",47,44.4,"RpaB","yes"
"SYNPCC7942_RS10700",25,27.3,"XylR","no"
"SYNPCC7942_RS03325",30,30.6,"SigA1","no"
"SYNPCC7942_RS09435",56,55.7,"Rre1","yes"
"SYNPCC7942_RS07185",40,33.7,"ManR","yes"
"SYNPCC7942_RS05640",127,127.1,"DnaA","no"
"SYNPCC7942_RS03160",28,25.8,"HrcA","yes"
"SYNPCC7942_RS00480",45,42.3,"RpaA","no"
"SYNPCC7942_RS10350",2,1.44444444444444,"SfsA","no"
"SYNPCC7942_RS08645",34,37.8,"ChlR","yes"
"SYNPCC7942_RS07805",61,63.3,"NtrC","yes"
"SYNPCC7942_RS03565",99,99.8,"NrdR","yes"
"SYNPCC7942_RS08820",9,9.5,"SufR","yes"
"SYNPCC7942_RS05870",47,55.4,"BolA","yes"
"SYNPCC7942_RS04225",37,37.4,"Zur","yes"
"SYNPCC7942_RS09500",83,77.4,"Rre28","yes"
"SYNPCC7942_RS12560",14,14.5,"NusB","no"
"SYNPCC7942_RS10260",30,26.9,"NusA","no"
"SYNPCC7942_RS00645",20,17.8,"NtcA","yes"
"SYNPCC7942_RS06700",3,2.5,"CmpR","no"
"SYNPCC7942_RS06745",7,5.8,"PyrR","no"
"SYNPCC7942_RS05070",47,45,"Fur","yes"
"SYNPCC7942_RS10040",18,19.4,"RbcR","no"
"SYNPCC7942_RS06365",3,3.1,"NtcB","no"
"SYNPCC7942_RS05230",6,6.2,"YebC","no"
"SYNPCC7942_RS03530",2,1.55555555555556,"ArsR","yes"
"SYNPCC7942_RS00455",7,7.8,"PlmA","no"
"SYNPCC7942_RS13165",1,1,"Rrf2","yes"
"SYNPCC7942_RS03440",1,1,"SigA3","no"
"SYNPCC7942_RS12535",1,2.6,"NrrA","yes"
