"locus_tag","TF_name","rep_rank","seeds_in_top","rank_min","rank_median","rank_max","stress"
"SYNPCC7942_RS03565","NrdR",1,10,1,1,4,"yes"
"SYNPCC7942_RS05640","DnaA",2,10,2,2,4,"no"
"SYNPCC7942_RS09435","Rre1",3,10,2,9,12,"yes"
"SYNPCC7942_RS09500","Rre28",4,10,2,4,13,"yes"
"SYNPCC7942_RS07805","NtrC",6,10,4,6,10,"yes"
"SYNPCC7942_RS11465","CyAbrB2",7,10,1,4,9,"yes"
"SYNPCC7942_RS03260","NusG",8,10,3,9,11,"no"
"SYNPCC7942_RS05870","BolA",11,10,4,8,11,"yes"
"SYNPCC7942_RS03160","HrcA",10,9,7,13,17,"yes"
"SYNPCC7942_RS04225","Zur",12,9,1,8,17,"yes"
"SYNPCC7942_RS05070","Fur",5,8,5,9,20,"yes"
"SYNPCC7942_RS00480","RpaA",9,8,7,12.5,20,"no"
"SYNPCC7942_RS10700","XylR",13,8,10,15,16,"no"
"SYNPCC7942_RS07185","ManR",17,6,10,14.5,22,"yes"
"SYNPCC7942_RS08645","ChlR",18,6,4,12.5,22,"yes"
"SYNPCC7942_RS10040","RbcR",22,6,5,13.5,23,"no"
"SYNPCC7942_RS07435","RpaB",14,5,10,15.5,19,"yes"
"SYNPCC7942_RS10260","NusA",16,2,9,17,19,"no"
"SYNPCC7942_RS00645","NtcA",15,1,12,18,21,"yes"
"SYNPCC7942_RS00455","PlmA",19,1,15,20.5,25,"no"
"SYNPCC7942_RS05230","YebC",25,1,12,25,33,"no"
"SYNPCC7942_RS03075","TetR",20,0,18,23,24,"no"
"SYNPCC7942_RS03325","SigA1",21,0,18,21,23,"no"
"SYNPCC7942_RS06365","NtcB",23,0,20,23,24,"no"
"SYNPCC7942_RS12560","NusB",24,0,18,21.5,23,"no"
"SYNPCC7942_RS06745","PyrR",26,0,26,27.5,36,"no"
"SYNPCC7942_RS10350","SfsA",27,0,26,28,37,"no"
"SYNPCC7942_RS09380","SigA5",28,0,26,28,31,"no"
"SYNPCC7942_RS06230","KaiC",29,0,26,35,36,"no"
"SYNPCC7942_RS06700","CmpR",30,0,27,30,32,"no"
"SYNPCC7942_RS13165","Rrf2",31,0,30,31.5,33,"yes"
"SYNPCC7942_RS08820","SufR",32,0,25,28,34,"yes"
"SYNPCC7942_RS08885","SigA2",33,0,31,32,35,"no"
"SYNPCC7942_RS03530","ArsR",34,0,27,33,36,"yes"
"SYNPCC7942_RS03440","SigA3",35,0,34,37,37,"no"
"SYNPCC7942_RS07720","SigF1",36,0,27,35.5,37,"no"
"SYNPCC7942_RS12535","NrrA",37,0,25,31,35,"yes"
"SYNPCC7942_RS11970","Crp",38,0,36,38,38,"no"
