"network","group","run_a","run_b","overlap"
"s7942","rep_vs_seed","representative","seed1",89.2
"s7942","rep_vs_seed","representative","seed2",88.6857142857143
"s7942","rep_vs_seed","representative","seed3",89.1142857142857
"s7942","rep_vs_seed","representative","seed4",89.2571428571429
"s7942","rep_vs_seed","representative","seed5",89.0285714285714
"s7942","rep_vs_seed","representative","seed6",88.2571428571429
"s7942","rep_vs_seed","representative","seed7",88.6857142857143
"s7942","rep_vs_seed","representative","seed8",89.2857142857143
"s7942","rep_vs_seed","representative","seed9",89.1714285714286
"s7942","rep_vs_seed","representative","seed10",89.2857142857143
"s7942","seed_vs_seed","seed1","seed2",89.4285714285714
"s7942","seed_vs_seed","seed1","seed3",89.4571428571429
"s7942","seed_vs_seed","seed1","seed4",89.0857142857143
"s7942","seed_vs_seed","seed1","seed5",89.7142857142857
"s7942","seed_vs_seed","seed1","seed6",89.4285714285714
"s7942","seed_vs_seed","seed1","seed7",89.1428571428571
"s7942","seed_vs_seed","seed1","seed8",89.5142857142857
"s7942","seed_vs_seed","seed1","seed9",89.4
"s7942","seed_vs_seed","seed1","seed10",89.1714285714286
"s7942","seed_vs_seed","seed2","seed3",89.2571428571429
"s7942","seed_vs_seed","seed2","seed4",89.3714285714286
"s7942","seed_vs_seed","seed2","seed5",89.0857142857143
"s7942","seed_vs_seed","seed2","seed6",89.0857142857143
"s7942","seed_vs_seed","seed2","seed7",89.0857142857143
"s7942","seed_vs_seed","seed2","seed8",89.1714285714286
"s7942","seed_vs_seed","seed2","seed9",89.8571428571429
"s7942","seed_vs_seed","seed2","seed10",89.1428571428571
"s7942","seed_vs_seed","seed3","seed4",89.9714285714286
"s7942","seed_vs_seed","seed3","seed5",89.4285714285714
"s7942","seed_vs_seed","seed3","seed6",89.0571428571429
"s7942","seed_vs_seed","seed3","seed7",88.9142857142857
"s7942","seed_vs_seed","seed3","seed8",89.2857142857143
"s7942","seed_vs_seed","seed3","seed9",89.5428571428571
"s7942","seed_vs_seed","seed3","seed10",89.4857142857143
"s7942","seed_vs_seed","seed4","seed5",89.4571428571429
"s7942","seed_vs_seed","seed4","seed6",89.1714285714286
"s7942","seed_vs_seed","seed4","seed7",89.5714285714286
"s7942","seed_vs_seed","seed4","seed8",89.4285714285714
"s7942","seed_vs_seed","seed4","seed9",89.5428571428571
"s7942","seed_vs_seed","seed4","seed10",89.7142857142857
"s7942","seed_vs_seed","seed5","seed6",89.1142857142857
"s7942","seed_vs_seed","seed5","seed7",89.0857142857143
"s7942","seed_vs_seed","seed5","seed8",89.6571428571429
"s7942","seed_vs_seed","seed5","seed9",89.8
"s7942","seed_vs_seed","seed5","seed10",89.0571428571429
"s7942","seed_vs_seed","seed6","seed7",88.6857142857143
"s7942","seed_vs_seed","seed6","seed8",89.0857142857143
"s7942","seed_vs_seed","seed6","seed9",88.8571428571429
"s7942","seed_vs_seed","seed6","seed10",89
"s7942","seed_vs_seed","seed7","seed8",89.2285714285714
"s7942","seed_vs_seed","seed7","seed9",89.5142857142857
"s7942","seed_vs_seed","seed7","seed10",89.5142857142857
"s7942","seed_vs_seed","seed8","seed9",89.5142857142857
"s7942","seed_vs_seed","seed8","seed10",89.2285714285714
"s7942","seed_vs_seed","seed9","seed10",89.6
"s6803","rep_vs_seed","representative","seed1",81
"s6803","rep_vs_seed","representative","seed2",80.6571428571429
"s6803","rep_vs_seed","representative","seed3",80.5428571428571
"s6803","rep_vs_seed","representative","seed4",80.7428571428571
"s6803","rep_vs_seed","representative","seed5",80.5428571428571
"s6803","rep_vs_seed","representative","seed6",80.3428571428571
"s6803","rep_vs_seed","representative","seed7",80.1428571428571
"s6803","rep_vs_seed","representative","seed8",81.5142857142857
"s6803","rep_vs_seed","representative","seed9",80.6
"s6803","rep_vs_seed","representative","seed10",79.6571428571429
"s6803","seed_vs_seed","seed1","seed2",80.9714285714286
"s6803","seed_vs_seed","seed1","seed3",80.8571428571429
"s6803","seed_vs_seed","seed1","seed4",80.4857142857143
"s6803","seed_vs_seed","seed1","seed5",80.3428571428571
"s6803","seed_vs_seed","seed1","seed6",81.0285714285714
"s6803","seed_vs_seed","seed1","seed7",80.3714285714286
"s6803","seed_vs_seed","seed1","seed8",80.6571428571429
"s6803","seed_vs_seed","seed1","seed9",81.2
"s6803","seed_vs_seed","seed1","seed10",80.6857142857143
"s6803","seed_vs_seed","seed2","seed3",81.0571428571429
"s6803","seed_vs_seed","seed2","seed4",80.3714285714286
"s6803","seed_vs_seed","seed2","seed5",80.7428571428571
"s6803","seed_vs_seed","seed2","seed6",79.8571428571429
"s6803","seed_vs_seed","seed2","seed7",80.4857142857143
"s6803","seed_vs_seed","seed2","seed8",80.9428571428571
"s6803","seed_vs_seed","seed2","seed9",80.4857142857143
"s6803","seed_vs_seed","seed2","seed10",80.2285714285714
"s6803","seed_vs_seed","seed3","seed4",80.1714285714286
"s6803","seed_vs_seed","seed3","seed5",80.2857142857143
"s6803","seed_vs_seed","seed3","seed6",80.4857142857143
"s6803","seed_vs_seed","seed3","seed7",80.8
"s6803","seed_vs_seed","seed3","seed8",80.8285714285714
"s6803","seed_vs_seed","seed3","seed9",81.2
"s6803","seed_vs_seed","seed3","seed10",80.6
"s6803","seed_vs_seed","seed4","seed5",80.0857142857143
"s6803","seed_vs_seed","seed4","seed6",79.3428571428571
"s6803","seed_vs_seed","seed4","seed7",80.9714285714286
"s6803","seed_vs_seed","seed4","seed8",81.5142857142857
"s6803","seed_vs_seed","seed4","seed9",80.6285714285714
"s6803","seed_vs_seed","seed4","seed10",80.7714285714286
"s6803","seed_vs_seed","seed5","seed6",80.6857142857143
"s6803","seed_vs_seed","seed5","seed7",80.4
"s6803","seed_vs_seed","seed5","seed8",80.7142857142857
"s6803","seed_vs_seed","seed5","seed9",80.8571428571429
"s6803","seed_vs_seed","seed5","seed10",79.6571428571429
"s6803","seed_vs_seed","seed6","seed7",80.6571428571429
"s6803","seed_vs_seed","seed6","seed8",80.5428571428571
"s6803","seed_vs_seed","seed6","seed9",81.1714285714286
"s6803","seed_vs_seed","seed6","seed10",80.3428571428571
"s6803","seed_vs_seed","seed7","seed8",81.2
"s6803","seed_vs_seed","seed7","seed9",80.9428571428571
"s6803","seed_vs_seed","seed7","seed10",80.2285714285714
"s6803","seed_vs_seed","seed8","seed9",81.6571428571429
"s6803","seed_vs_seed","seed8","seed10",80.6285714285714
"s6803","seed_vs_seed","seed9","seed10",80.6
"s7002","rep_vs_seed","representative","seed1",73.6857142857143
"s7002","rep_vs_seed","representative","seed2",73.2857142857143
"s7002","rep_vs_seed","representative","seed3",72.2
"s7002","rep_vs_seed","representative","seed4",72.9714285714286
"s7002","rep_vs_seed","representative","seed5",73.3428571428571
"s7002","rep_vs_seed","representative","seed6",74.0571428571429
"s7002","rep_vs_seed","representative","seed7",73.0285714285714
"s7002","rep_vs_seed","representative","seed8",73.2857142857143
"s7002","rep_vs_seed","representative","seed9",73.1142857142857
"s7002","rep_vs_seed","representative","seed10",72.1142857142857
"s7002","seed_vs_seed","seed1","seed2",73.7714285714286
"s7002","seed_vs_seed","seed1","seed3",73.5428571428571
"s7002","seed_vs_seed","seed1","seed4",73.8857142857143
"s7002","seed_vs_seed","seed1","seed5",72.7142857142857
"s7002","seed_vs_seed","seed1","seed6",72.8857142857143
"s7002","seed_vs_seed","seed1","seed7",72.8285714285714
"s7002","seed_vs_seed","seed1","seed8",73.8
"s7002","seed_vs_seed","seed1","seed9",73.3142857142857
"s7002","seed_vs_seed","seed1","seed10",72.9714285714286
"s7002","seed_vs_seed","seed2","seed3",72.2285714285714
"s7002","seed_vs_seed","seed2","seed4",73.6
"s7002","seed_vs_seed","seed2","seed5",73.6857142857143
"s7002","seed_vs_seed","seed2","seed6",73
"s7002","seed_vs_seed","seed2","seed7",73.2571428571429
"s7002","seed_vs_seed","seed2","seed8",73.4571428571429
"s7002","seed_vs_seed","seed2","seed9",73.4571428571429
"s7002","seed_vs_seed","seed2","seed10",72.6571428571429
"s7002","seed_vs_seed","seed3","seed4",72.4857142857143
"s7002","seed_vs_seed","seed3","seed5",73.0571428571429
"s7002","seed_vs_seed","seed3","seed6",72.5142857142857
"s7002","seed_vs_seed","seed3","seed7",72.4571428571429
"s7002","seed_vs_seed","seed3","seed8",73.3428571428571
"s7002","seed_vs_seed","seed3","seed9",72.4285714285714
"s7002","seed_vs_seed","seed3","seed10",72.2285714285714
"s7002","seed_vs_seed","seed4","seed5",73.6571428571429
"s7002","seed_vs_seed","seed4","seed6",74.0285714285714
"s7002","seed_vs_seed","seed4","seed7",73.6285714285714
"s7002","seed_vs_seed","seed4","seed8",73.2
"s7002","seed_vs_seed","seed4","seed9",73.5142857142857
"s7002","seed_vs_seed","seed4","seed10",72.2857142857143
"s7002","seed_vs_seed","seed5","seed6",73.3428571428571
"s7002","seed_vs_seed","seed5","seed7",72.4
"s7002","seed_vs_seed","seed5","seed8",72.9714285714286
"s7002","seed_vs_seed","seed5","seed9",73
"s7002","seed_vs_seed","seed5","seed10",71.9714285714286
"s7002","seed_vs_seed","seed6","seed7",71.9714285714286
"s7002","seed_vs_seed","seed6","seed8",72.9714285714286
"s7002","seed_vs_seed","seed6","seed9",72.6285714285714
"s7002","seed_vs_seed","seed6","seed10",72.5714285714286
"s7002","seed_vs_seed","seed7","seed8",72.3428571428571
"s7002","seed_vs_seed","seed7","seed9",72.6
"s7002","seed_vs_seed","seed7","seed10",72.6571428571429
"s7002","seed_vs_seed","seed8","seed9",73.1428571428571
"s7002","seed_vs_seed","seed8","seed10",73.0571428571429
"s7002","seed_vs_seed","seed9","seed10",72.6285714285714
