"network","measure","seed","rho"
"s7942","degree",1,0.989021102928999
"s7942","degree",2,0.995497670682817
"s7942","degree",3,0.995780088128998
"s7942","degree",4,0.994556871263806
"s7942","degree",5,0.995288898082406
"s7942","degree",6,0.995508214050851
"s7942","degree",7,0.99392067683813
"s7942","degree",8,0.992594403329215
"s7942","degree",9,0.99463068838996
"s7942","degree",10,0.994317856975463
"s7942","kcore",1,0.886098074696926
"s7942","kcore",2,0.837153297507721
"s7942","kcore",3,0.881362833481999
"s7942","kcore",4,0.911887573829491
"s7942","kcore",5,0.865371139783115
"s7942","kcore",6,0.904717775892903
"s7942","kcore",7,0.861912599023712
"s7942","kcore",8,0.876815540237576
"s7942","kcore",9,0.874988945719899
"s7942","kcore",10,0.926279686600887
"s7942","betweenness",1,0.872624899069421
"s7942","betweenness",2,0.952562700462044
"s7942","betweenness",3,0.990733916669699
"s7942","betweenness",4,0.892886346311702
"s7942","betweenness",5,0.837715246318025
"s7942","betweenness",6,0.962568300069233
"s7942","betweenness",7,0.897315551079172
"s7942","betweenness",8,0.939095423590528
"s7942","betweenness",9,0.878276907035923
"s7942","betweenness",10,0.767641548874548
"s7942","eigenvector",1,0.982256549420729
"s7942","eigenvector",2,0.968521031207598
"s7942","eigenvector",3,0.987475211355808
"s7942","eigenvector",4,0.982214800125248
"s7942","eigenvector",5,0.970191003026824
"s7942","eigenvector",6,0.967853042479908
"s7942","eigenvector",7,0.975576662143826
"s7942","eigenvector",8,0.977956371986223
"s7942","eigenvector",9,0.984636259263125
"s7942","eigenvector",10,0.985930487423025
"s7942","stress",1,0.878913928465052
"s7942","stress",2,0.957109207621742
"s7942","stress",3,0.992737566594611
"s7942","stress",4,0.900421591478766
"s7942","stress",5,0.847045763823455
"s7942","stress",6,0.964722906393914
"s7942","stress",7,0.904289097312294
"s7942","stress",8,0.942316450119561
"s7942","stress",9,0.886033589536255
"s7942","stress",10,0.783314954275814
"s7942","IC",1,0.949441603172947
"s7942","IC",2,0.947646383467279
"s7942","IC",3,0.962843127022232
"s7942","IC",4,0.945475420102286
"s7942","IC",5,0.926855234317921
"s7942","IC",6,0.964429600250496
"s7942","IC",7,0.923640538565912
"s7942","IC",8,0.951529067946978
"s7942","IC",9,0.938461538461539
"s7942","IC",10,0.9385450370525
"s6803","degree",1,0.989002265354921
"s6803","degree",2,0.987173467220577
"s6803","degree",3,0.989898075957829
"s6803","degree",4,0.990785565462274
"s6803","degree",5,0.989442506321915
"s6803","degree",6,0.989975091162139
"s6803","degree",7,0.987843566418861
"s6803","degree",8,0.985496956493647
"s6803","degree",9,0.990801290863299
"s6803","degree",10,0.990683710289134
"s6803","kcore",1,0.788879487337345
"s6803","kcore",2,0.781603032606551
"s6803","kcore",3,0.654928419344906
"s6803","kcore",4,0.713858748666779
"s6803","kcore",5,0.794714746421739
"s6803","kcore",6,0.744146773964496
"s6803","kcore",7,0.842517011451378
"s6803","kcore",8,0.792208066836918
"s6803","kcore",9,0.799320792323653
"s6803","kcore",10,0.791142927473866
"s6803","betweenness",1,0.508367717502133
"s6803","betweenness",2,0.746958508027203
"s6803","betweenness",3,0.678368172281836
"s6803","betweenness",4,0.698909995824555
"s6803","betweenness",5,0.658245668682168
"s6803","betweenness",6,0.64661883942869
"s6803","betweenness",7,0.679411943101111
"s6803","betweenness",8,0.710656474255677
"s6803","betweenness",9,0.602386876073737
"s6803","betweenness",10,0.598411485075072
"s6803","eigenvector",1,0.973867703319758
"s6803","eigenvector",2,0.91068122917438
"s6803","eigenvector",3,0.943446871529063
"s6803","eigenvector",4,0.914383561643835
"s6803","eigenvector",5,0.906948043934345
"s6803","eigenvector",6,0.883345674441565
"s6803","eigenvector",7,0.913519684067629
"s6803","eigenvector",8,0.889331111933852
"s6803","eigenvector",9,0.966956682710107
"s6803","eigenvector",10,0.962205356040972
"s6803","stress",1,0.509556846054405
"s6803","stress",2,0.750095520381444
"s6803","stress",3,0.680728302276801
"s6803","stress",4,0.702252376099889
"s6803","stress",5,0.664343387814235
"s6803","stress",6,0.647486636689317
"s6803","stress",7,0.685165276921509
"s6803","stress",8,0.713987199380991
"s6803","stress",9,0.599426039123934
"s6803","stress",10,0.603648654429985
"s6803","IC",1,0.888405528816487
"s6803","IC",2,0.909786498827595
"s6803","IC",3,0.883901024311983
"s6803","IC",4,0.885906454399605
"s6803","IC",5,0.897507096137233
"s6803","IC",6,0.90552881648772
"s6803","IC",7,0.914105886708626
"s6803","IC",8,0.927218314204615
"s6803","IC",9,0.906855485622609
"s6803","IC",10,0.903770208564729
"s7002","degree",1,0.99032373698618
"s7002","degree",2,0.988735534795534
"s7002","degree",3,0.989621856247201
"s7002","degree",4,0.990896531803947
"s7002","degree",5,0.989904382207477
"s7002","degree",6,0.989063096005367
"s7002","degree",7,0.989159650669794
"s7002","degree",8,0.988610136410908
"s7002","degree",9,0.98708724327348
"s7002","degree",10,0.989618241626508
"s7002","kcore",1,0.704236345277119
"s7002","kcore",2,0.831012429626338
"s7002","kcore",3,0.893793172036859
"s7002","kcore",4,0.827509952087063
"s7002","kcore",5,0.773634319383245
"s7002","kcore",6,0.816181167226959
"s7002","kcore",7,0.889309514128688
"s7002","kcore",8,0.858137516492621
"s7002","kcore",9,0.835728781063624
"s7002","kcore",10,0.785744731902937
"s7002","betweenness",1,0.591637948281345
"s7002","betweenness",2,0.684175430348902
"s7002","betweenness",3,0.786962868046578
"s7002","betweenness",4,0.78792094189848
"s7002","betweenness",5,0.720817134767804
"s7002","betweenness",6,0.651110495615519
"s7002","betweenness",7,0.751194472076921
"s7002","betweenness",8,0.790578097038868
"s7002","betweenness",9,0.677856788812863
"s7002","betweenness",10,0.737294048958319
"s7002","eigenvector",1,0.922433356117567
"s7002","eigenvector",2,0.879261790840738
"s7002","eigenvector",3,0.89295967190704
"s7002","eigenvector",4,0.918496240601504
"s7002","eigenvector",5,0.914914559125085
"s7002","eigenvector",6,0.90406961459593
"s7002","eigenvector",7,0.951141490088858
"s7002","eigenvector",8,0.934565434565435
"s7002","eigenvector",9,0.918550922761449
"s7002","eigenvector",10,0.969350649350649
"s7002","stress",1,0.600793215671627
"s7002","stress",2,0.689786609046771
"s7002","stress",3,0.790421805212441
"s7002","stress",4,0.804801450895585
"s7002","stress",5,0.727299914628008
"s7002","stress",6,0.660893777344892
"s7002","stress",7,0.747350492549977
"s7002","stress",8,0.797275371745086
"s7002","stress",9,0.693168039202211
"s7002","stress",10,0.755046531352136
"s7002","IC",1,0.873656869446343
"s7002","IC",2,0.927272727272727
"s7002","IC",3,0.925331510594668
"s7002","IC",4,0.915187969924812
"s7002","IC",5,0.91578947368421
"s7002","IC",6,0.917135496082864
"s7002","IC",7,0.939931647300068
"s7002","IC",8,0.938587728061412
"s7002","IC",9,0.910567327409433
"s7002","IC",10,0.925905673274094
