"network","locus_tag","rep","seed_mean"
"s7942","SYNPCC7942_RS11050",13,13
"s7942","SYNPCC7942_RS06230",2,1.8
"s7942","SYNPCC7942_RS03260",48,45.8
"s7942","SYNPCC7942_RS09760",42,42.3
"s7942","SYNPCC7942_RS03075",114,112.8
"s7942","SYNPCC7942_RS02830",95,95.3
"s7942","SYNPCC7942_RS06365",7,6.4
"s7942","SYNPCC7942_RS00560",15,14.6
"s7942","SYNPCC7942_RS12560",130,127.1
"s7942","SYNPCC7942_RS09380",93,93.6
"s7942","SYNPCC7942_RS11970",22,22
"s7942","SYNPCC7942_RS08885",89,87.4
"s7942","SYNPCC7942_RS05195",3,3
"s7942","SYNPCC7942_RS00645",163,164.5
"s7942","SYNPCC7942_RS02895",56,55.3
"s7942","SYNPCC7942_RS07435",268,266.2
"s7942","SYNPCC7942_RS09065",57,53.1
"s7942","SYNPCC7942_RS12275",31,33.1
"s7942","SYNPCC7942_RS00480",18,19.1
"s7942","SYNPCC7942_RS03465",121,120.8
"s7942","SYNPCC7942_RS08850",15,13.9
"s7942","SYNPCC7942_RS03960",7,8.4
"s7942","SYNPCC7942_RS03955",41,41.3
"s7942","SYNPCC7942_RS03160",366,374.4
"s7942","SYNPCC7942_RS06700",11,11.6
"s7942","SYNPCC7942_RS10340",25,25.7
"s7942","SYNPCC7942_RS09500",25,26.1
"s7942","SYNPCC7942_RS00455",206,200.7
"s7942","SYNPCC7942_RS03440",33,34.5
"s7942","SYNPCC7942_RS09160",48,48.1
"s7942","SYNPCC7942_RS09740",180,173.4
"s7942","SYNPCC7942_RS05870",146,144
"s7942","SYNPCC7942_RS07185",137,136
"s7942","SYNPCC7942_RS03325",57,59.7
"s7942","SYNPCC7942_RS06370",43,43.1
"s7942","SYNPCC7942_RS13165",39,34.3
"s7942","SYNPCC7942_RS10700",246,248.4
"s7942","SYNPCC7942_RS10170",23,23.9
"s7942","SYNPCC7942_RS12535",12,11.7
"s7942","SYNPCC7942_RS08820",14,13.6
"s7942","SYNPCC7942_RS08405",24,24.7
"s7942","SYNPCC7942_RS07720",7,7.5
"s7942","SYNPCC7942_RS07805",20,19
"s7942","SYNPCC7942_RS09620",45,43.6
"s7942","SYNPCC7942_RS09935",11,10.1
"s7942","SYNPCC7942_RS08645",17,15.8
"s7942","SYNPCC7942_RS12285",13,13.4
"s7942","SYNPCC7942_RS05640",18,21
"s7942","SYNPCC7942_RS07940",6,7.4
"s7942","SYNPCC7942_RS11465",29,30.7
"s7942","SYNPCC7942_RS10350",20,19.1
"s7942","SYNPCC7942_RS00765",26,25.3
"s7942","SYNPCC7942_RS04835",3,3
"s7942","SYNPCC7942_RS09435",36,35.8
"s7942","SYNPCC7942_RS08780",15,15.3
"s7942","SYNPCC7942_RS04225",17,15.9
"s7942","SYNPCC7942_RS03530",19,17.1
"s7942","SYNPCC7942_RS09990",2,2.1
"s7942","SYNPCC7942_RS00380",42,44.8
"s7942","SYNPCC7942_RS05070",21,20.6
"s7942","SYNPCC7942_RS10165",12,11.8
"s7942","SYNPCC7942_RS10040",13,14.6
"s7942","SYNPCC7942_RS05230",10,6.4
"s7942","SYNPCC7942_RS13695",4,4.6
"s7942","SYNPCC7942_RS11030",5,5.1
"s7942","SYNPCC7942_RS11715",4,2.9
"s6803","SGL_RS12540",13,14.4
"s6803","SGL_RS01980",84,90.5
"s6803","SGL_RS06410",100,101.5
"s6803","SGL_RS06480",33,32.2
"s6803","SGL_RS15585",13,13.3
"s6803","SGL_RS02020",26,28.5
"s6803","SGL_RS00400",148,151.5
"s6803","SGL_RS00455",74,72.2
"s6803","SGL_RS00515",45,50.1
"s6803","SGL_RS16495",72,72.1
"s6803","SGL_RS08165",18,16.6
"s6803","SGL_RS14610",16,14
"s6803","SGL_RS00320",77,80.9
"s6803","SGL_RS00075",37,34.2
"s6803","SGL_RS15210",82,78.9
"s6803","SGL_RS02470",32,29.3
"s6803","SGL_RS07740",13,12.2
"s6803","SGL_RS12430",282,278.7
"s6803","SGL_RS14165",2,2
"s6803","SGL_RS15805",245,251.8
"s6803","SGL_RS08080",10,8.4
"s6803","SGL_RS08210",52,49.6
"s6803","SGL_RS17760",109,111.9
"s6803","SGL_RS16080",20,19.1
"s6803","SGL_RS01215",19,20
"s6803","SGL_RS18290",48,49.1
"s6803","SGL_RS02510",17,13.8
"s6803","SGL_RS06215",64,63
"s6803","SGL_RS07975",16,17.7
"s6803","SGL_RS11285",23,22.4
"s6803","SGL_RS17245",35,37.3
"s6803","SGL_RS12005",46,38.6
"s6803","SGL_RS10820",124,119
"s6803","SGL_RS15965",108,110.3
"s6803","SGL_RS03065",71,73.9
"s6803","SGL_RS02990",26,29.3
"s6803","SGL_RS07730",34,42.1
"s6803","SGL_RS04725",54,55.8
"s6803","SGL_RS13820",30,32.5
"s6803","SGL_RS01625",32,29.4
"s6803","SGL_RS05150",26,24.7
"s6803","SGL_RS04820",13,12.5
"s6803","SGL_RS08835",73,70.5
"s6803","SGL_RS10755",11,7.1
"s6803","SGL_RS09285",112,110.2
"s6803","SGL_RS17395",92,89.2
"s6803","SGL_RS17440",17,17.8
"s6803","SGL_RS12595",66,64.4
"s6803","SGL_RS06340",41,40.8
"s6803","SGL_RS17120",7,6.6
"s6803","SGL_RS15245",32,31
"s6803","SGL_RS10605",88,89.1
"s6803","SGL_RS16165",29,27.4
"s6803","SGL_RS01955",31,30.7
"s6803","SGL_RS04450",68,73.8
"s6803","SGL_RS08845",4,3.9
"s6803","SGL_RS04055",68,74.5
"s6803","SGL_RS14385",57,55.2
"s6803","SGL_RS13130",53,46.8
"s6803","SGL_RS11370",53,49.5
"s6803","SGL_RS11985",27,22.2
"s6803","SGL_RS01255",20,14.5
"s6803","SGL_RS08500",41,43.9
"s6803","SGL_RS08520",7,9.2
"s6803","SGL_RS14540",19,19.7
"s6803","SGL_RS06080",25,26.7
"s6803","SGL_RS15215",4,3.3
"s6803","SGL_RS04615",21,16.7
"s6803","SGL_RS00670",20,22.8
"s6803","SGL_RS11835",4,3.7
"s6803","SGL_RS07535",16,15.8
"s6803","SGL_RS15310",4,4.1
"s6803","SGL_RS12485",1,1.5
"s7002","SYNPCC7002_RS09630",66,65.7
"s7002","SYNPCC7002_RS00850",10,10.2
"s7002","SYNPCC7002_RS14440",29,30.3
"s7002","SYNPCC7002_RS14385",17,17.2
"s7002","SYNPCC7002_RS06150",57,56
"s7002","SYNPCC7002_RS05135",231,240.4
"s7002","SYNPCC7002_RS02715",81,80.3
"s7002","SYNPCC7002_RS15680",63,63.2
"s7002","SYNPCC7002_RS15720",8,9.3
"s7002","SYNPCC7002_RS16320",39,38.6
"s7002","SYNPCC7002_RS15030",12,10.5
"s7002","SYNPCC7002_RS08965",154,155.6
"s7002","SYNPCC7002_RS01335",80,77.8
"s7002","SYNPCC7002_RS05985",94,95
"s7002","SYNPCC7002_RS04780",119,114.9
"s7002","SYNPCC7002_RS15255",42,45.3
"s7002","SYNPCC7002_RS04890",112,104.7
"s7002","SYNPCC7002_RS15520",98,93.2
"s7002","SYNPCC7002_RS04250",90,99.8
"s7002","SYNPCC7002_RS12395",188,189.1
"s7002","SYNPCC7002_RS08175",34,28.5
"s7002","SYNPCC7002_RS09320",72,74.1
"s7002","SYNPCC7002_RS08390",87,88.9
"s7002","SYNPCC7002_RS09820",68,68.5
"s7002","SYNPCC7002_RS11685",46,47.3
"s7002","SYNPCC7002_RS05460",84,81.5
"s7002","SYNPCC7002_RS01800",52,48.6
"s7002","SYNPCC7002_RS04650",84,84.3
"s7002","SYNPCC7002_RS02455",45,40.7
"s7002","SYNPCC7002_RS14790",31,27.3
"s7002","SYNPCC7002_RS03950",26,23.3
"s7002","SYNPCC7002_RS03030",87,91.6
"s7002","SYNPCC7002_RS10050",150,156.1
"s7002","SYNPCC7002_RS16160",10,12.3
"s7002","SYNPCC7002_RS06540",43,42.5
"s7002","SYNPCC7002_RS07385",75,62.7
"s7002","SYNPCC7002_RS00050",29,29.9
"s7002","SYNPCC7002_RS04680",44,43.6
"s7002","SYNPCC7002_RS08255",31,34.3
"s7002","SYNPCC7002_RS07295",30,32.2
"s7002","SYNPCC7002_RS09195",9,7.5
"s7002","SYNPCC7002_RS02410",2,2.4
"s7002","SYNPCC7002_RS03295",30,31.8
"s7002","SYNPCC7002_RS00650",34,32.2
"s7002","SYNPCC7002_RS09175",16,18.3
"s7002","SYNPCC7002_RS11400",49,48.7
"s7002","SYNPCC7002_RS01420",64,62.3
"s7002","SYNPCC7002_RS12090",29,32.3
"s7002","SYNPCC7002_RS09780",88,88.7
"s7002","SYNPCC7002_RS12105",12,15.1
"s7002","SYNPCC7002_RS00640",36,34.9
"s7002","SYNPCC7002_RS00260",17,23.2
"s7002","SYNPCC7002_RS00690",27,20.4
"s7002","SYNPCC7002_RS09845",19,17.6
"s7002","SYNPCC7002_RS09995",38,40.5
"s7002","SYNPCC7002_RS08860",22,19
"s7002","SYNPCC7002_RS09090",3,5.1
"s7002","SYNPCC7002_RS15995",10,9.6
"s7002","SYNPCC7002_RS03760",27,25.7
"s7002","SYNPCC7002_RS08945",34,38.4
"s7002","SYNPCC7002_RS15410",18,21.9
"s7002","SYNPCC7002_RS09420",8,8.2
"s7002","SYNPCC7002_RS10145",10,10
"s7002","SYNPCC7002_RS10525",5,4.8
"s7002","SYNPCC7002_RS09260",17,20.1
"s7002","SYNPCC7002_RS06165",4,4
"s7002","SYNPCC7002_RS04290",2,3.5
"s7002","SYNPCC7002_RS06005",17,11.9
"s7002","SYNPCC7002_RS08210",50,44.4
"s7002","SYNPCC7002_RS13450",4,4.5
"s7002","SYNPCC7002_RS08480",8,7.6
"s7002","SYNPCC7002_RS12515",36,33.3
"s7002","SYNPCC7002_RS01085",20,16.7
"s7002","SYNPCC7002_RS00010",11,13.4
"s7002","SYNPCC7002_RS09950",1,1
"s7002","SYNPCC7002_RS00635",3,3.7
"s7002","SYNPCC7002_RS15535",2,2.8
