"network","locus_tag","TF_name","rep_rank","seeds_in_top","rank_min","rank_median","rank_max"
"s7942","SYNPCC7942_RS10700","XylR",1,10,1,2,2
"s7942","SYNPCC7942_RS00455","PlmA",2,10,3,3,3
"s7942","SYNPCC7942_RS03160","HrcA",3,10,1,1,2
"s7942","SYNPCC7942_RS00645","NtcA",4,10,4,4,6
"s7942","SYNPCC7942_RS07435","RpaB",5,10,4,5,5
"s7942","SYNPCC7942_RS09740","Xre1",6,10,4,6,7
"s7942","SYNPCC7942_RS05870","BolA",7,10,7,7,8
"s7942","SYNPCC7942_RS03465","Pex",8,10,8,9,10
"s7942","SYNPCC7942_RS09065","SigF2",9,10,9,11,13
"s7942","SYNPCC7942_RS03075","TetR",10,10,8,10,10
"s7942","SYNPCC7942_RS09380","SigA5",11,10,11,12,13
"s7942","SYNPCC7942_RS02830","SrrB",12,10,11,13,14
"s7942","SYNPCC7942_RS03325","SigA1",13,10,6,8,13
"s7942","SYNPCC7942_RS00380","Xre2",15,9,11,14.5,17
"s7942","SYNPCC7942_RS07185","ManR",14,6,14,15,16
"s7942","SYNPCC7942_RS02895",NA,16,4,11,17,19
"s7942","SYNPCC7942_RS12560","NusB",18,1,13,18,18
"s7942","SYNPCC7942_RS06370","Crp/Fnr",17,0,16,16.5,19
"s7942","SYNPCC7942_RS09760",NA,19,0,18,20,24
"s7942","SYNPCC7942_RS09620",NA,20,0,19,20,22
"s7942","SYNPCC7942_RS10340",NA,21,0,22,23.5,41
"s7942","SYNPCC7942_RS08885","SigA2",22,0,19,21,23
"s7942","SYNPCC7942_RS08820","SufR",23,0,23,27.5,46
"s7942","SYNPCC7942_RS10040","RbcR",24,0,20,27,34
"s7942","SYNPCC7942_RS03955",NA,25,0,21,23,40
"s7942","SYNPCC7942_RS13165","Rrf2",26,0,22,25.5,42
"s7942","SYNPCC7942_RS00560",NA,27,0,24,26.5,55
"s7942","SYNPCC7942_RS03260","NusG",28,0,21,47.5,52
"s7942","SYNPCC7942_RS09435","Rre1",29,0,24,28,49
"s7942","SYNPCC7942_RS09160",NA,30,0,19,25,29
"s7942","SYNPCC7942_RS03440","SigA3",31,0,26,29,34
"s7942","SYNPCC7942_RS06700","CmpR",32,0,31,36.5,52
"s7942","SYNPCC7942_RS12275",NA,33,0,27,30.5,32
"s7942","SYNPCC7942_RS11465","CyAbrB2",34,0,27,31,51
"s7942","SYNPCC7942_RS04225","Zur",35,0,28,33.5,50
"s7942","SYNPCC7942_RS07805","NtrC",36,0,33,35,38
"s7942","SYNPCC7942_RS10165",NA,37,0,31,34.5,38
"s7942","SYNPCC7942_RS08405",NA,38,0,18,31.5,35
"s7942","SYNPCC7942_RS03530","ArsR",39,0,34,40,43
"s7942","SYNPCC7942_RS00765",NA,40,0,27,34.5,49
"s7942","SYNPCC7942_RS10350","SfsA",41,0,36,52,54
"s7942","SYNPCC7942_RS05070","Fur",42,0,36,40.5,43
"s7942","SYNPCC7942_RS09935",NA,43,0,39,43.5,55
"s7942","SYNPCC7942_RS08645","ChlR",44,0,38,43,47
"s7942","SYNPCC7942_RS08780",NA,45,0,41,43.5,54
"s7942","SYNPCC7942_RS09990",NA,46,0,46,48.5,63
"s7942","SYNPCC7942_RS10170",NA,47,0,43,49.5,53
"s7942","SYNPCC7942_RS09500","Rre28",48,0,47,50,54
"s7942","SYNPCC7942_RS03960",NA,49,0,35,39.5,52
"s7942","SYNPCC7942_RS06365","NtcB",50,0,46,54,66
"s7942","SYNPCC7942_RS08850",NA,51,0,53,54.5,57
"s7942","SYNPCC7942_RS11970","Crp",52,0,50,53,56
"s7942","SYNPCC7942_RS00480","RpaA",53,0,36,41,55
"s7942","SYNPCC7942_RS05640","DnaA",54,0,35,39,57
"s7942","SYNPCC7942_RS07940",NA,55,0,45,56,59
"s7942","SYNPCC7942_RS05195",NA,56,0,52,58,60
"s7942","SYNPCC7942_RS12285",NA,57,0,55,57.5,60
"s7942","SYNPCC7942_RS05230","YebC",58,0,44,55,62
"s7942","SYNPCC7942_RS11050",NA,59,0,58,58,62
"s7942","SYNPCC7942_RS12535","NrrA",60,0,30,56,62
"s7942","SYNPCC7942_RS11715",NA,61,0,61,67.5,68
"s7942","SYNPCC7942_RS07720","SigF1",62,0,44,61,62
"s7942","SYNPCC7942_RS13695",NA,63,0,48,59.5,61
"s7942","SYNPCC7942_RS11030",NA,64,0,62,63,64
"s7942","SYNPCC7942_RS06230","KaiC",65,0,64,64,66
"s7942","SYNPCC7942_RS04835",NA,66,0,64,65,66
"s6803","SGL_RS15805","RpaA",1,10,1,1,2
"s6803","SGL_RS12430","KaiC3",3,10,1,2,2
"s6803","SGL_RS10605","Sycrp1",4,10,3,4.5,7
"s6803","SGL_RS01980","IutR2",5,10,3,3.5,12
"s6803","SGL_RS01955","IutR1",7,10,4,7.5,15
"s6803","SGL_RS00400","MocR",11,10,4,8.5,13
"s6803","SGL_RS09285","NtcA",2,9,3,10,16
"s6803","SGL_RS06410","Bhl",10,9,11,13,19
"s6803","SGL_RS00320",NA,13,9,6,10.5,33
"s6803","SGL_RS03065","HrcA",15,8,3,9,20
"s6803","SGL_RS14385","Rre28",6,7,6,11,23
"s6803","SGL_RS02020","IutR3",8,7,5,7,34
"s6803","SGL_RS17760","KaiC1",19,7,4,13,21
"s6803","SGL_RS15210",NA,25,7,5,13,27
"s6803","SGL_RS15965","NarL2/Rre32",21,6,10,14.5,23
"s6803","SGL_RS13130","NrdR",24,5,9,16,30
"s6803","SGL_RS04450","BolA",9,3,8,18.5,28
"s6803","SGL_RS10820",NA,23,3,4,20,27
"s6803","SGL_RS08835","KaiC2",32,3,6,24.5,32
"s6803","SGL_RS17395",NA,22,2,10,20,23
"s6803","SGL_RS00455",NA,34,2,12,19.5,31
"s6803","SGL_RS12595","XylR",12,1,12,17,19
"s6803","SGL_RS08210","DnaA",14,1,15,26,32
"s6803","SGL_RS06215","NusG",17,1,14,19,26
"s6803","SGL_RS12005","CyAbrB1",16,0,26,39,42
"s6803","SGL_RS02990",NA,18,0,18,27.5,41
"s6803","SGL_RS07535",NA,20,0,21,31.5,55
"s6803","SGL_RS02510",NA,26,0,50,54.5,61
"s6803","SGL_RS00075",NA,27,0,24,28,35
"s6803","SGL_RS08500",NA,28,0,21,28.5,38
"s6803","SGL_RS04725","NarL1/Rre9",29,0,16,21,27
"s6803","SGL_RS16495",NA,30,0,23,27.5,33
"s6803","SGL_RS02470","NusA",31,0,31,48,54
"s6803","SGL_RS01625",NA,33,0,29,45,49
"s6803","SGL_RS18290",NA,35,0,27,29.5,34
"s6803","SGL_RS06480",NA,36,0,33,37.5,42
"s6803","SGL_RS04055","ChlR",37,0,21,30,43
"s6803","SGL_RS07730","SfsA",38,0,24,31.5,37
"s6803","SGL_RS13820",NA,39,0,29,40,48
"s6803","SGL_RS16165",NA,40,0,44,48,52
"s6803","SGL_RS06340",NA,41,0,24,34,47
"s6803","SGL_RS11370",NA,42,0,33,37.5,40
"s6803","SGL_RS00515",NA,43,0,19,35.5,37
"s6803","SGL_RS15245","SufR",44,0,36,42,50
"s6803","SGL_RS11985",NA,45,0,50,50.5,56
"s6803","SGL_RS11285",NA,46,0,40,44.5,57
"s6803","SGL_RS14540","PyrR",47,0,35,43,52
"s6803","SGL_RS00670",NA,48,0,40,42.5,47
"s6803","SGL_RS05150",NA,49,0,35,46,51
"s6803","SGL_RS17440",NA,50,0,33,45,57
"s6803","SGL_RS17245","SigA1",51,0,37,47.5,51
"s6803","SGL_RS15585",NA,52,0,41,61.5,70
"s6803","SGL_RS14610","SigA5",53,0,53,62.5,65
"s6803","SGL_RS17120",NA,54,0,49,67,70
"s6803","SGL_RS16080",NA,55,0,54,58,62
"s6803","SGL_RS01255",NA,56,0,57,60,63
"s6803","SGL_RS04615",NA,57,0,44,59.5,62
"s6803","SGL_RS06080",NA,58,0,45,52.5,55
"s6803","SGL_RS12540",NA,59,0,54,56,61
"s6803","SGL_RS01215",NA,60,0,51,54.5,60
"s6803","SGL_RS15215",NA,61,0,55,69.5,73
"s6803","SGL_RS04820",NA,62,0,34,44.5,57
"s6803","SGL_RS08165",NA,63,0,44,57.5,64
"s6803","SGL_RS07975",NA,64,0,45,56,60
"s6803","SGL_RS10755",NA,65,0,62,66.5,68
"s6803","SGL_RS07740",NA,66,0,63,69.5,73
"s6803","SGL_RS08080",NA,67,0,63,65.5,68
"s6803","SGL_RS08845",NA,68,0,70,71.5,74
"s6803","SGL_RS15310",NA,69,0,60,66,73
"s6803","SGL_RS11835","NusB",70,0,61,67,70
"s6803","SGL_RS08520",NA,71,0,64,66,70
"s6803","SGL_RS14165",NA,72,0,72,73.5,74
"s6803","SGL_RS12485",NA,73,0,59,68.5,74
"s7002","SYNPCC7002_RS12395","Zur",1,10,1,2,4
"s7002","SYNPCC7002_RS05135","NusG",2,10,1,2,3
"s7002","SYNPCC7002_RS04890","RpaB",5,10,4,9,10
"s7002","SYNPCC7002_RS15520","NarL1",6,10,3,6.5,14
"s7002","SYNPCC7002_RS04780","NrdR",8,10,2,4,8
"s7002","SYNPCC7002_RS08965","Sycrp1",3,9,1,3.5,22
"s7002","SYNPCC7002_RS10050","SigA1",7,9,6,10.5,16
"s7002","SYNPCC7002_RS09320","Crp2",11,8,5,10,17
"s7002","SYNPCC7002_RS03030",NA,14,8,3,5,31
"s7002","SYNPCC7002_RS07385",NA,23,8,6,9.5,33
"s7002","SYNPCC7002_RS04650","NusB",10,7,10,13.5,20
"s7002","SYNPCC7002_RS06150","TetR",15,6,6,15,33
"s7002","SYNPCC7002_RS05460","CyAbrB1",17,6,4,14.5,25
"s7002","SYNPCC7002_RS11685","Xre2",13,5,10,15.5,23
"s7002","SYNPCC7002_RS09630",NA,20,5,5,16,32
"s7002","SYNPCC7002_RS08210",NA,24,5,8,14.5,24
"s7002","SYNPCC7002_RS06540",NA,34,4,6,36,40
"s7002","SYNPCC7002_RS09820",NA,18,3,11,19.5,29
"s7002","SYNPCC7002_RS15680","AraC",25,3,11,19,28
"s7002","SYNPCC7002_RS08390","NtcA",12,2,7,18.5,34
"s7002","SYNPCC7002_RS16320",NA,27,2,10,22,30
"s7002","SYNPCC7002_RS15255",NA,30,2,13,26,37
"s7002","SYNPCC7002_RS01420","KaiC",4,1,14,20,26
"s7002","SYNPCC7002_RS11400",NA,16,1,7,27.5,36
"s7002","SYNPCC7002_RS04680",NA,19,1,14,18.5,26
"s7002","SYNPCC7002_RS04250","SphR",22,1,13,21.5,29
"s7002","SYNPCC7002_RS09995","HrcA",28,1,9,27,34
"s7002","SYNPCC7002_RS05985","RbcR",31,1,13,30,32
"s7002","SYNPCC7002_RS12515",NA,41,1,12,37.5,51
"s7002","SYNPCC7002_RS09420","Xre1",43,1,15,47,60
"s7002","SYNPCC7002_RS01800","SigC",9,0,26,33,41
"s7002","SYNPCC7002_RS02715",NA,21,0,22,26.5,33
"s7002","SYNPCC7002_RS08255",NA,26,0,17,33.5,58
"s7002","SYNPCC7002_RS09780","NarL2",29,0,24,28.5,34
"s7002","SYNPCC7002_RS00640",NA,32,0,30,42.5,47
"s7002","SYNPCC7002_RS00050",NA,33,0,37,40.5,47
"s7002","SYNPCC7002_RS01335","SigA5",35,0,26,35,36
"s7002","SYNPCC7002_RS15720",NA,36,0,21,32,51
"s7002","SYNPCC7002_RS14440",NA,37,0,22,35,40
"s7002","SYNPCC7002_RS00650",NA,38,0,19,33.5,39
"s7002","SYNPCC7002_RS03950",NA,39,0,33,41,43
"s7002","SYNPCC7002_RS02455",NA,40,0,19,29,44
"s7002","SYNPCC7002_RS03295",NA,42,0,37,40.5,46
"s7002","SYNPCC7002_RS00690",NA,44,0,45,54.5,66
"s7002","SYNPCC7002_RS08175",NA,45,0,36,53,57
"s7002","SYNPCC7002_RS14790",NA,46,0,45,51,59
"s7002","SYNPCC7002_RS08480","PyrR",47,0,42,53,67
"s7002","SYNPCC7002_RS03760","NusA",48,0,39,43,46
"s7002","SYNPCC7002_RS12090",NA,49,0,42,44.5,55
"s7002","SYNPCC7002_RS09260","LexA",50,0,44,56,58
"s7002","SYNPCC7002_RS14385",NA,51,0,46,48,55
"s7002","SYNPCC7002_RS01085",NA,52,0,59,62,65
"s7002","SYNPCC7002_RS00010","DnaA",53,0,49,65,67
"s7002","SYNPCC7002_RS09845",NA,54,0,50,60,66
"s7002","SYNPCC7002_RS12105",NA,55,0,46,50.5,64
"s7002","SYNPCC7002_RS16160",NA,56,0,48,54.5,65
"s7002","SYNPCC7002_RS08945","SfsA",57,0,35,40.5,48
"s7002","SYNPCC7002_RS08860",NA,58,0,33,59.5,62
"s7002","SYNPCC7002_RS07295",NA,59,0,46,52,57
"s7002","SYNPCC7002_RS00260",NA,60,0,55,58,61
"s7002","SYNPCC7002_RS15410",NA,61,0,46,58,63
"s7002","SYNPCC7002_RS06005",NA,62,0,61,64.5,67
"s7002","SYNPCC7002_RS09175",NA,63,0,52,59,64
"s7002","SYNPCC7002_RS15995",NA,64,0,53,63,75
"s7002","SYNPCC7002_RS10145",NA,65,0,49,66,68
"s7002","SYNPCC7002_RS15030",NA,66,0,63,68,71
"s7002","SYNPCC7002_RS00635",NA,67,0,47,64,73
"s7002","SYNPCC7002_RS09195",NA,68,0,68,70.5,76
"s7002","SYNPCC7002_RS10525",NA,69,0,53,70,76
"s7002","SYNPCC7002_RS09090","SufR",70,0,50,69,73
"s7002","SYNPCC7002_RS13450",NA,71,0,68,72,76
"s7002","SYNPCC7002_RS06165",NA,72,0,71,72.5,75
"s7002","SYNPCC7002_RS04290",NA,73,0,52,73,75
"s7002","SYNPCC7002_RS15535",NA,74,0,49,74,76
"s7002","SYNPCC7002_RS00850",NA,75,0,68,74.5,76
"s7002","SYNPCC7002_RS09950","ChlR",76,0,73,75,77
"s7002","SYNPCC7002_RS02410",NA,77,0,68,75,77
