"network","n","mean","lo","hi"
"s7942",5,0.98,0.8,1
"s7942",6,0.983333333333333,0.833333333333333,1
"s7942",7,0.971428571428571,0.857142857142857,1
"s7942",8,0.9,0.875,1
"s7942",9,0.911111111111111,0.888888888888889,1
"s7942",10,0.93,0.9,1
"s7942",11,0.890909090909091,0.818181818181818,0.909090909090909
"s7942",12,0.916666666666667,0.833333333333333,1
"s7942",13,0.969230769230769,0.923076923076923,1
"s7942",14,0.942857142857143,0.928571428571429,1
"s7942",15,0.966666666666667,0.866666666666667,1
"s7942",16,0.95625,0.9375,1
"s7942",17,0.988235294117647,0.941176470588235,1
"s7942",18,0.988888888888889,0.944444444444444,1
"s7942",19,0.973684210526316,0.947368421052632,1
"s7942",20,0.965,0.9,1
"s6803",5,0.78,0.4,1
"s6803",6,0.683333333333333,0.333333333333333,0.833333333333333
"s6803",7,0.714285714285714,0.428571428571429,0.857142857142857
"s6803",8,0.75,0.375,0.875
"s6803",9,0.722222222222222,0.333333333333333,0.888888888888889
"s6803",10,0.65,0.3,0.8
"s6803",11,0.7,0.454545454545455,0.818181818181818
"s6803",12,0.691666666666667,0.5,0.833333333333333
"s6803",13,0.746153846153846,0.538461538461538,0.923076923076923
"s6803",14,0.728571428571429,0.571428571428571,0.857142857142857
"s6803",15,0.76,0.666666666666667,0.866666666666667
"s6803",16,0.75,0.6875,0.8125
"s6803",17,0.752941176470588,0.705882352941177,0.823529411764706
"s6803",18,0.738888888888889,0.666666666666667,0.833333333333333
"s6803",19,0.778947368421053,0.68421052631579,0.842105263157895
"s6803",20,0.755,0.7,0.85
"s7002",5,0.6,0.4,0.8
"s7002",6,0.583333333333333,0.333333333333333,0.666666666666667
"s7002",7,0.585714285714286,0.428571428571429,0.714285714285714
"s7002",8,0.675,0.5,0.875
"s7002",9,0.655555555555556,0.444444444444444,0.777777777777778
"s7002",10,0.63,0.5,0.8
"s7002",11,0.672727272727273,0.454545454545455,0.818181818181818
"s7002",12,0.65,0.416666666666667,0.75
"s7002",13,0.653846153846154,0.384615384615385,0.769230769230769
"s7002",14,0.692857142857143,0.428571428571429,0.785714285714286
"s7002",15,0.7,0.466666666666667,0.8
"s7002",16,0.7,0.5,0.8125
"s7002",17,0.729411764705882,0.588235294117647,0.823529411764706
"s7002",18,0.744444444444444,0.611111111111111,0.833333333333333
"s7002",19,0.768421052631579,0.631578947368421,0.842105263157895
"s7002",20,0.785,0.65,0.9
