"network","run","shared","expected","p"
"s7942","representative",5,3.18181818181818,0.170467433354784
"s7942","seed1",5,3.18181818181818,0.170467433354784
"s7942","seed2",5,3.18181818181818,0.170467433354784
"s7942","seed3",5,3.18181818181818,0.170467433354784
"s7942","seed4",5,3.18181818181818,0.170467433354784
"s7942","seed5",5,3.18181818181818,0.170467433354784
"s7942","seed6",5,3.18181818181818,0.170467433354784
"s7942","seed7",5,3.18181818181818,0.170467433354784
"s7942","seed8",5,3.18181818181818,0.170467433354784
"s7942","seed9",5,3.18181818181818,0.170467433354784
"s7942","seed10",5,3.18181818181818,0.170467433354784
"s6803","representative",7,3.08219178082192,0.00996120236079251
"s6803","seed1",4,3.08219178082192,0.36807185323936
"s6803","seed2",7,3.08219178082192,0.00996120236079251
"s6803","seed3",5,3.08219178082192,0.154357629530514
"s6803","seed4",5,3.08219178082192,0.154357629530514
"s6803","seed5",4,3.08219178082192,0.36807185323936
"s6803","seed6",6,3.08219178082192,0.0466100417439704
"s6803","seed7",5,3.08219178082192,0.154357629530514
"s6803","seed8",7,3.08219178082192,0.00996120236079251
"s6803","seed9",5,3.08219178082192,0.154357629530514
"s6803","seed10",7,3.08219178082192,0.00996120236079251
"s7002","representative",6,2.92207792207792,0.0359373144003157
"s7002","seed1",5,2.92207792207792,0.127458202234408
"s7002","seed2",6,2.92207792207792,0.0359373144003157
"s7002","seed3",8,2.92207792207792,0.000989985263308288
"s7002","seed4",8,2.92207792207792,0.000989985263308288
"s7002","seed5",7,2.92207792207792,0.00715716099336844
"s7002","seed6",6,2.92207792207792,0.0359373144003157
"s7002","seed7",5,2.92207792207792,0.127458202234408
"s7002","seed8",7,2.92207792207792,0.00715716099336844
"s7002","seed9",6,2.92207792207792,0.0359373144003157
"s7002","seed10",5,2.92207792207792,0.127458202234408
