"strain","stage","source","count"
"PCC7942","initial","Total",140
"PCC7942","initial","DeepTF",91
"PCC7942","initial","ENTRAF",75
"PCC7942","initial","P2TF",73
"PCC7942","initial","NCBI",76
"PCC7942","curated","Total",71
"PCC7942","curated","DeepTF",54
"PCC7942","curated","ENTRAF",43
"PCC7942","curated","P2TF",55
"PCC7942","curated","NCBI",60
"PCC7002","initial","Total",176
"PCC7002","initial","DeepTF",99
"PCC7002","initial","ENTRAF",86
"PCC7002","initial","P2TF",72
"PCC7002","initial","NCBI",92
"PCC7002","curated","Total",78
"PCC7002","curated","DeepTF",57
"PCC7002","curated","ENTRAF",58
"PCC7002","curated","P2TF",63
"PCC7002","curated","NCBI",55
"PCC6803","initial","Total",214
"PCC6803","initial","DeepTF",132
"PCC6803","initial","ENTRAF",81
"PCC6803","initial","P2TF",96
"PCC6803","initial","NCBI",109
"PCC6803","curated","Total",74
"PCC6803","curated","DeepTF",55
"PCC6803","curated","ENTRAF",45
"PCC6803","curated","P2TF",59
"PCC6803","curated","NCBI",51
