locus_tag,module_rerun,cluster_of_record,is_regulator
SYNPCC7942_RS00005,15,20,0
SYNPCC7942_RS00015,15,20,0
SYNPCC7942_RS00020,3,8,0
SYNPCC7942_RS00025,7,11,0
SYNPCC7942_RS00030,18,6,0
SYNPCC7942_RS00045,0,9,0
SYNPCC7942_RS00060,5,4,0
SYNPCC7942_RS00090,0,9,0
SYNPCC7942_RS00115,0,9,0
SYNPCC7942_RS00120,19,21,0
SYNPCC7942_RS00135,2,14,0
SYNPCC7942_RS00320,2,14,0
SYNPCC7942_RS00330,1,18,0
SYNPCC7942_RS00335,17,10,0
SYNPCC7942_RS00350,18,6,0
SYNPCC7942_RS00355,1,18,0
SYNPCC7942_RS00385,10,17,0
SYNPCC7942_RS00395,13,12,0
SYNPCC7942_RS00415,1,18,0
SYNPCC7942_RS00430,3,8,0
SYNPCC7942_RS00450,4,13,0
SYNPCC7942_RS00455,16,25,1
SYNPCC7942_RS00460,13,12,0
SYNPCC7942_RS00480,7,11,1
SYNPCC7942_RS00500,15,20,0
SYNPCC7942_RS00515,7,11,0
SYNPCC7942_RS00520,4,13,0
SYNPCC7942_RS00535,4,13,0
SYNPCC7942_RS00545,2,14,0
SYNPCC7942_RS00555,9,16,0
SYNPCC7942_RS00565,0,9,0
SYNPCC7942_RS00570,12,29,0
SYNPCC7942_RS00580,5,4,0
SYNPCC7942_RS00590,10,17,0
SYNPCC7942_RS00610,7,11,0
SYNPCC7942_RS00635,10,17,0
SYNPCC7942_RS00640,11,5,0
SYNPCC7942_RS00645,19,21,1
SYNPCC7942_RS00675,13,12,0
SYNPCC7942_RS00695,3,8,0
SYNPCC7942_RS00700,7,11,0
SYNPCC7942_RS00705,16,25,0
SYNPCC7942_RS00715,5,4,0
SYNPCC7942_RS00720,15,20,0
SYNPCC7942_RS00735,10,17,0
SYNPCC7942_RS00770,4,13,0
SYNPCC7942_RS00780,16,25,0
SYNPCC7942_RS00800,8,3,0
SYNPCC7942_RS00810,0,9,0
SYNPCC7942_RS00830,22,15,0
SYNPCC7942_RS00840,6,24,0
SYNPCC7942_RS00885,10,17,0
SYNPCC7942_RS00900,1,18,0
SYNPCC7942_RS00905,3,8,0
SYNPCC7942_RS00960,2,14,0
SYNPCC7942_RS00970,15,20,0
SYNPCC7942_RS00985,2,14,0
SYNPCC7942_RS01030,2,14,0
SYNPCC7942_RS01110,10,17,0
SYNPCC7942_RS01145,7,11,0
SYNPCC7942_RS01160,1,18,0
SYNPCC7942_RS01180,18,6,0
SYNPCC7942_RS01185,2,14,0
SYNPCC7942_RS01220,7,11,0
SYNPCC7942_RS01225,12,29,0
SYNPCC7942_RS01300,2,14,0
SYNPCC7942_RS01305,3,8,0
SYNPCC7942_RS01310,1,18,0
SYNPCC7942_RS01315,21,19,0
SYNPCC7942_RS01330,1,18,0
SYNPCC7942_RS01335,14,7,0
SYNPCC7942_RS01355,6,24,0
SYNPCC7942_RS01360,1,18,0
SYNPCC7942_RS01375,9,16,0
SYNPCC7942_RS01390,18,6,0
SYNPCC7942_RS01405,6,24,0
SYNPCC7942_RS01415,20,2,0
SYNPCC7942_RS01420,20,2,0
SYNPCC7942_RS01440,7,11,0
SYNPCC7942_RS01470,3,8,0
SYNPCC7942_RS01475,7,11,0
SYNPCC7942_RS01490,2,14,0
SYNPCC7942_RS01500,5,4,0
SYNPCC7942_RS01505,11,5,0
SYNPCC7942_RS01515,14,7,0
SYNPCC7942_RS01540,12,29,0
SYNPCC7942_RS01545,17,10,0
SYNPCC7942_RS01575,5,4,0
SYNPCC7942_RS01585,7,11,0
SYNPCC7942_RS01595,21,19,0
SYNPCC7942_RS01605,8,3,0
SYNPCC7942_RS01625,2,14,0
SYNPCC7942_RS01635,9,16,0
SYNPCC7942_RS01640,10,17,0
SYNPCC7942_RS01645,10,17,0
SYNPCC7942_RS01650,2,14,0
SYNPCC7942_RS01655,5,4,0
SYNPCC7942_RS01660,5,4,0
SYNPCC7942_RS01665,11,5,0
SYNPCC7942_RS01670,11,5,0
SYNPCC7942_RS01675,17,10,0
SYNPCC7942_RS01685,5,4,0
SYNPCC7942_RS01690,11,5,0
SYNPCC7942_RS01695,5,4,0
SYNPCC7942_RS01700,11,5,0
SYNPCC7942_RS01705,11,5,0
SYNPCC7942_RS01710,11,5,0
SYNPCC7942_RS01715,11,5,0
SYNPCC7942_RS01720,7,11,0
SYNPCC7942_RS01730,0,9,0
SYNPCC7942_RS01750,9,16,0
SYNPCC7942_RS01765,1,18,0
SYNPCC7942_RS01770,8,3,0
SYNPCC7942_RS01780,17,10,0
SYNPCC7942_RS01800,7,11,0
SYNPCC7942_RS01810,1,18,0
SYNPCC7942_RS01825,18,6,0
SYNPCC7942_RS01840,9,16,0
SYNPCC7942_RS01845,17,10,0
SYNPCC7942_RS01925,4,13,0
SYNPCC7942_RS01965,9,16,0
SYNPCC7942_RS01970,3,8,0
SYNPCC7942_RS02000,12,29,0
SYNPCC7942_RS02030,1,18,0
SYNPCC7942_RS02045,13,12,0
SYNPCC7942_RS02050,13,12,0
SYNPCC7942_RS02060,13,12,0
SYNPCC7942_RS02065,13,12,0
SYNPCC7942_RS02095,15,20,0
SYNPCC7942_RS02170,1,18,0
SYNPCC7942_RS02175,1,18,0
SYNPCC7942_RS02185,4,13,0
SYNPCC7942_RS02195,9,16,0
SYNPCC7942_RS02220,7,11,0
SYNPCC7942_RS02245,15,20,0
SYNPCC7942_RS02255,6,24,0
SYNPCC7942_RS02275,2,14,0
SYNPCC7942_RS02280,8,3,0
SYNPCC7942_RS02300,8,3,0
SYNPCC7942_RS02335,16,25,0
SYNPCC7942_RS02340,16,25,0
SYNPCC7942_RS02360,1,18,0
SYNPCC7942_RS02385,2,14,0
SYNPCC7942_RS02390,2,14,0
SYNPCC7942_RS02405,1,18,0
SYNPCC7942_RS02425,6,24,0
SYNPCC7942_RS02430,22,15,0
SYNPCC7942_RS02435,3,8,0
SYNPCC7942_RS02440,1,18,0
SYNPCC7942_RS02455,4,13,0
SYNPCC7942_RS02465,19,21,0
SYNPCC7942_RS02470,11,5,0
SYNPCC7942_RS02480,6,24,0
SYNPCC7942_RS02505,0,9,0
SYNPCC7942_RS02510,4,13,0
SYNPCC7942_RS02545,4,13,0
SYNPCC7942_RS02565,19,21,0
SYNPCC7942_RS02575,5,4,0
SYNPCC7942_RS02595,3,8,0
SYNPCC7942_RS02600,1,18,0
SYNPCC7942_RS02605,1,18,0
SYNPCC7942_RS02610,13,12,0
SYNPCC7942_RS02620,9,16,0
SYNPCC7942_RS02625,13,12,0
SYNPCC7942_RS02670,2,14,0
SYNPCC7942_RS02690,4,13,0
SYNPCC7942_RS02695,7,11,0
SYNPCC7942_RS02710,2,14,0
SYNPCC7942_RS02715,6,24,0
SYNPCC7942_RS02720,5,4,0
SYNPCC7942_RS02725,5,4,0
SYNPCC7942_RS02730,8,3,0
SYNPCC7942_RS02735,11,5,0
SYNPCC7942_RS02745,7,11,0
SYNPCC7942_RS02760,6,24,0
SYNPCC7942_RS02775,12,29,0
SYNPCC7942_RS02795,12,29,0
SYNPCC7942_RS02810,9,16,0
SYNPCC7942_RS02820,0,9,0
SYNPCC7942_RS02845,16,25,0
SYNPCC7942_RS02860,1,18,0
SYNPCC7942_RS02900,4,13,0
SYNPCC7942_RS02905,13,12,0
SYNPCC7942_RS02940,4,13,0
SYNPCC7942_RS02945,0,9,0
SYNPCC7942_RS02960,12,29,0
SYNPCC7942_RS02970,18,6,0
SYNPCC7942_RS03010,6,24,0
SYNPCC7942_RS03030,6,24,0
SYNPCC7942_RS03055,6,24,0
SYNPCC7942_RS03075,20,2,1
SYNPCC7942_RS03100,11,5,0
SYNPCC7942_RS03135,0,9,0
SYNPCC7942_RS03145,19,21,0
SYNPCC7942_RS03155,1,18,0
SYNPCC7942_RS03160,17,10,1
SYNPCC7942_RS03170,1,18,0
SYNPCC7942_RS03180,2,14,0
SYNPCC7942_RS03200,3,8,0
SYNPCC7942_RS03205,3,8,0
SYNPCC7942_RS03220,17,10,0
SYNPCC7942_RS03245,14,7,0
SYNPCC7942_RS03250,8,3,0
SYNPCC7942_RS03255,15,20,0
SYNPCC7942_RS03260,8,3,1
SYNPCC7942_RS03265,8,3,0
SYNPCC7942_RS03280,11,5,0
SYNPCC7942_RS03285,1,18,0
SYNPCC7942_RS03310,8,3,0
SYNPCC7942_RS03325,14,7,1
SYNPCC7942_RS03335,0,9,0
SYNPCC7942_RS03340,2,14,0
SYNPCC7942_RS03345,14,7,0
SYNPCC7942_RS03350,9,16,0
SYNPCC7942_RS03370,7,11,0
SYNPCC7942_RS03415,3,8,0
SYNPCC7942_RS03440,12,29,1
SYNPCC7942_RS03445,1,18,0
SYNPCC7942_RS03450,14,7,0
SYNPCC7942_RS03455,5,4,0
SYNPCC7942_RS03470,4,13,0
SYNPCC7942_RS03480,7,11,0
SYNPCC7942_RS03490,7,11,0
SYNPCC7942_RS03495,19,21,0
SYNPCC7942_RS03500,6,24,0
SYNPCC7942_RS03505,15,20,0
SYNPCC7942_RS03520,1,18,0
SYNPCC7942_RS03530,10,17,1
SYNPCC7942_RS03540,6,24,0
SYNPCC7942_RS03560,15,20,0
SYNPCC7942_RS03565,2,14,1
SYNPCC7942_RS03575,5,4,0
SYNPCC7942_RS03605,1,18,0
SYNPCC7942_RS03610,2,14,0
SYNPCC7942_RS03620,15,20,0
SYNPCC7942_RS03625,2,14,0
SYNPCC7942_RS03640,9,16,0
SYNPCC7942_RS03645,0,9,0
SYNPCC7942_RS03650,3,8,0
SYNPCC7942_RS03655,2,14,0
SYNPCC7942_RS03660,4,13,0
SYNPCC7942_RS03670,19,21,0
SYNPCC7942_RS03990,13,12,0
SYNPCC7942_RS03995,3,8,0
SYNPCC7942_RS04000,0,9,0
SYNPCC7942_RS04015,13,12,0
SYNPCC7942_RS04030,2,14,0
SYNPCC7942_RS04050,20,2,0
SYNPCC7942_RS04060,0,9,0
SYNPCC7942_RS04090,14,7,0
SYNPCC7942_RS04095,0,9,0
SYNPCC7942_RS04145,4,13,0
SYNPCC7942_RS04155,0,9,0
SYNPCC7942_RS04160,2,14,0
SYNPCC7942_RS04170,9,16,0
SYNPCC7942_RS04180,2,14,0
SYNPCC7942_RS04205,10,17,0
SYNPCC7942_RS04225,10,17,1
SYNPCC7942_RS04265,19,21,0
SYNPCC7942_RS04290,8,3,0
SYNPCC7942_RS04295,0,9,0
SYNPCC7942_RS04310,21,19,0
SYNPCC7942_RS04320,7,11,0
SYNPCC7942_RS04325,0,9,0
SYNPCC7942_RS04330,21,19,0
SYNPCC7942_RS04335,0,9,0
SYNPCC7942_RS04340,0,9,0
SYNPCC7942_RS04350,0,9,0
SYNPCC7942_RS04380,1,18,0
SYNPCC7942_RS04385,2,14,0
SYNPCC7942_RS04400,18,6,0
SYNPCC7942_RS04405,6,24,0
SYNPCC7942_RS04445,6,24,0
SYNPCC7942_RS04455,7,11,0
SYNPCC7942_RS04475,18,6,0
SYNPCC7942_RS04510,1,18,0
SYNPCC7942_RS04515,3,8,0
SYNPCC7942_RS04520,7,11,0
SYNPCC7942_RS04545,0,9,0
SYNPCC7942_RS04550,8,3,0
SYNPCC7942_RS04555,14,7,0
SYNPCC7942_RS04560,9,16,0
SYNPCC7942_RS04565,15,20,0
SYNPCC7942_RS04570,9,16,0
SYNPCC7942_RS04590,2,14,0
SYNPCC7942_RS04595,7,11,0
SYNPCC7942_RS04605,0,9,0
SYNPCC7942_RS04635,10,17,0
SYNPCC7942_RS04680,15,20,0
SYNPCC7942_RS04685,8,3,0
SYNPCC7942_RS04730,9,16,0
SYNPCC7942_RS04735,5,4,0
SYNPCC7942_RS04740,8,3,0
SYNPCC7942_RS04750,12,29,0
SYNPCC7942_RS04755,3,8,0
SYNPCC7942_RS04760,0,9,0
SYNPCC7942_RS04780,0,9,0
SYNPCC7942_RS04785,1,18,0
SYNPCC7942_RS04790,1,18,0
SYNPCC7942_RS04795,1,18,0
SYNPCC7942_RS04800,17,10,0
SYNPCC7942_RS04805,19,21,0
SYNPCC7942_RS04810,13,12,0
SYNPCC7942_RS04830,0,9,0
SYNPCC7942_RS04840,1,18,0
SYNPCC7942_RS04850,3,8,0
SYNPCC7942_RS04860,4,13,0
SYNPCC7942_RS04870,7,11,0
SYNPCC7942_RS04890,2,14,0
SYNPCC7942_RS04900,17,10,0
SYNPCC7942_RS04905,12,29,0
SYNPCC7942_RS04915,8,3,0
SYNPCC7942_RS04930,21,19,0
SYNPCC7942_RS04935,19,21,0
SYNPCC7942_RS04940,0,9,0
SYNPCC7942_RS04945,12,29,0
SYNPCC7942_RS04970,1,18,0
SYNPCC7942_RS04990,11,5,0
SYNPCC7942_RS04995,9,16,0
SYNPCC7942_RS05005,12,29,0
SYNPCC7942_RS05010,0,9,0
SYNPCC7942_RS05015,5,4,0
SYNPCC7942_RS05035,1,18,0
SYNPCC7942_RS05050,4,13,0
SYNPCC7942_RS05055,10,17,0
SYNPCC7942_RS05060,3,8,0
SYNPCC7942_RS05070,6,24,1
SYNPCC7942_RS05075,8,3,0
SYNPCC7942_RS05090,8,3,0
SYNPCC7942_RS05120,9,16,0
SYNPCC7942_RS05145,15,20,0
SYNPCC7942_RS05170,2,14,0
SYNPCC7942_RS05175,18,6,0
SYNPCC7942_RS05185,21,19,0
SYNPCC7942_RS05210,3,8,0
SYNPCC7942_RS05240,2,14,0
SYNPCC7942_RS05255,4,13,0
SYNPCC7942_RS05270,0,9,0
SYNPCC7942_RS05285,16,25,0
SYNPCC7942_RS05315,14,7,0
SYNPCC7942_RS05340,2,14,0
SYNPCC7942_RS05350,0,9,0
SYNPCC7942_RS05390,5,4,0
SYNPCC7942_RS05410,0,9,0
SYNPCC7942_RS05420,0,9,0
SYNPCC7942_RS05425,10,17,0
SYNPCC7942_RS05480,11,5,0
SYNPCC7942_RS05490,0,9,0
SYNPCC7942_RS05495,6,24,0
SYNPCC7942_RS05545,1,18,0
SYNPCC7942_RS05555,4,13,0
SYNPCC7942_RS05560,19,21,0
SYNPCC7942_RS05570,6,24,0
SYNPCC7942_RS05595,17,10,0
SYNPCC7942_RS05610,12,29,0
SYNPCC7942_RS05630,7,11,0
SYNPCC7942_RS05640,0,9,1
SYNPCC7942_RS05665,11,5,0
SYNPCC7942_RS05670,11,5,0
SYNPCC7942_RS05690,5,4,0
SYNPCC7942_RS05710,0,9,0
SYNPCC7942_RS05720,11,5,0
SYNPCC7942_RS05730,2,14,0
SYNPCC7942_RS05735,2,14,0
SYNPCC7942_RS05750,8,3,0
SYNPCC7942_RS05755,2,14,0
SYNPCC7942_RS05815,6,24,0
SYNPCC7942_RS05820,11,5,0
SYNPCC7942_RS05835,17,10,0
SYNPCC7942_RS05840,19,21,0
SYNPCC7942_RS05845,10,17,0
SYNPCC7942_RS05850,11,5,0
SYNPCC7942_RS05865,9,16,0
SYNPCC7942_RS05870,9,16,1
SYNPCC7942_RS05900,0,9,0
SYNPCC7942_RS05980,1,18,0
SYNPCC7942_RS05990,7,11,0
SYNPCC7942_RS05995,4,13,0
SYNPCC7942_RS06005,2,14,0
SYNPCC7942_RS06015,7,11,0
SYNPCC7942_RS06020,5,4,0
SYNPCC7942_RS06025,8,3,0
SYNPCC7942_RS06030,5,4,0
SYNPCC7942_RS06035,10,17,0
SYNPCC7942_RS06040,10,17,0
SYNPCC7942_RS06045,3,8,0
SYNPCC7942_RS06055,5,4,0
SYNPCC7942_RS06080,1,18,0
SYNPCC7942_RS06095,3,8,0
SYNPCC7942_RS06100,7,11,0
SYNPCC7942_RS06105,7,11,0
SYNPCC7942_RS06115,3,8,0
SYNPCC7942_RS06130,8,3,0
SYNPCC7942_RS06230,7,11,1
SYNPCC7942_RS06235,7,11,0
SYNPCC7942_RS06240,6,24,0
SYNPCC7942_RS06245,14,7,0
SYNPCC7942_RS06250,8,3,0
SYNPCC7942_RS06260,0,9,0
SYNPCC7942_RS06275,2,14,0
SYNPCC7942_RS06280,2,14,0
SYNPCC7942_RS06310,5,4,0
SYNPCC7942_RS06315,14,7,0
SYNPCC7942_RS06385,0,9,0
SYNPCC7942_RS06395,12,29,0
SYNPCC7942_RS06400,5,4,0
SYNPCC7942_RS06405,5,4,0
SYNPCC7942_RS06430,0,9,0
SYNPCC7942_RS06435,3,8,0
SYNPCC7942_RS06445,0,9,0
SYNPCC7942_RS06465,0,9,0
SYNPCC7942_RS06470,13,12,0
SYNPCC7942_RS06480,13,12,0
SYNPCC7942_RS06495,18,6,0
SYNPCC7942_RS06500,6,24,0
SYNPCC7942_RS06515,6,24,0
SYNPCC7942_RS06525,5,4,0
SYNPCC7942_RS06535,12,29,0
SYNPCC7942_RS06540,14,7,0
SYNPCC7942_RS06545,8,3,0
SYNPCC7942_RS06610,2,14,0
SYNPCC7942_RS06620,3,8,0
SYNPCC7942_RS06655,13,12,0
SYNPCC7942_RS06680,2,14,0
SYNPCC7942_RS06715,16,25,0
SYNPCC7942_RS06720,21,19,0
SYNPCC7942_RS06725,4,13,0
SYNPCC7942_RS06760,5,4,0
SYNPCC7942_RS06795,9,16,0
SYNPCC7942_RS06810,0,9,0
SYNPCC7942_RS06815,1,18,0
SYNPCC7942_RS06845,2,14,0
SYNPCC7942_RS06850,21,19,0
SYNPCC7942_RS06860,18,6,0
SYNPCC7942_RS06865,4,13,0
SYNPCC7942_RS06875,4,13,0
SYNPCC7942_RS06885,12,29,0
SYNPCC7942_RS06915,18,6,0
SYNPCC7942_RS06925,2,14,0
SYNPCC7942_RS06940,1,18,0
SYNPCC7942_RS06950,2,14,0
SYNPCC7942_RS06955,19,21,0
SYNPCC7942_RS07005,12,29,0
SYNPCC7942_RS07020,3,8,0
SYNPCC7942_RS07060,2,14,0
SYNPCC7942_RS07070,8,3,0
SYNPCC7942_RS07080,5,4,0
SYNPCC7942_RS07100,11,5,0
SYNPCC7942_RS07115,2,14,0
SYNPCC7942_RS07120,12,29,0
SYNPCC7942_RS07135,9,16,0
SYNPCC7942_RS07180,16,25,0
SYNPCC7942_RS07185,12,29,1
SYNPCC7942_RS07200,6,24,0
SYNPCC7942_RS07215,9,16,0
SYNPCC7942_RS07235,3,8,0
SYNPCC7942_RS07260,20,2,0
SYNPCC7942_RS07265,20,2,0
SYNPCC7942_RS07270,5,4,0
SYNPCC7942_RS07275,11,5,0
SYNPCC7942_RS07280,11,5,0
SYNPCC7942_RS07300,5,4,0
SYNPCC7942_RS07305,12,29,0
SYNPCC7942_RS07350,3,8,0
SYNPCC7942_RS07355,21,19,0
SYNPCC7942_RS07365,18,6,0
SYNPCC7942_RS07385,14,7,0
SYNPCC7942_RS07405,6,24,0
SYNPCC7942_RS07410,3,8,0
SYNPCC7942_RS07415,10,17,0
SYNPCC7942_RS07425,3,8,0
SYNPCC7942_RS07435,11,5,1
SYNPCC7942_RS07440,7,11,0
SYNPCC7942_RS07450,18,6,0
SYNPCC7942_RS07455,18,6,0
SYNPCC7942_RS07500,4,13,0
SYNPCC7942_RS07510,10,17,0
SYNPCC7942_RS07555,13,12,0
SYNPCC7942_RS07565,1,18,0
SYNPCC7942_RS07570,0,9,0
SYNPCC7942_RS07590,0,9,0
SYNPCC7942_RS07595,4,13,0
SYNPCC7942_RS07600,8,3,0
SYNPCC7942_RS07645,0,9,0
SYNPCC7942_RS07660,16,25,0
SYNPCC7942_RS07665,1,18,0
SYNPCC7942_RS07670,1,18,0
SYNPCC7942_RS07675,8,3,0
SYNPCC7942_RS07680,0,9,0
SYNPCC7942_RS07690,8,3,0
SYNPCC7942_RS07705,2,14,0
SYNPCC7942_RS07720,20,2,1
SYNPCC7942_RS07725,21,19,0
SYNPCC7942_RS07730,6,24,0
SYNPCC7942_RS07740,2,14,0
SYNPCC7942_RS07770,1,18,0
SYNPCC7942_RS07780,14,7,0
SYNPCC7942_RS07790,9,16,0
SYNPCC7942_RS07795,1,18,0
SYNPCC7942_RS07805,4,13,1
SYNPCC7942_RS07810,6,24,0
SYNPCC7942_RS07815,12,29,0
SYNPCC7942_RS07915,8,3,0
SYNPCC7942_RS07930,3,8,0
SYNPCC7942_RS08000,4,13,0
SYNPCC7942_RS08060,4,13,0
SYNPCC7942_RS08080,11,5,0
SYNPCC7942_RS08090,6,24,0
SYNPCC7942_RS08100,8,3,0
SYNPCC7942_RS08115,6,24,0
SYNPCC7942_RS08145,2,14,0
SYNPCC7942_RS08155,9,16,0
SYNPCC7942_RS08170,17,10,0
SYNPCC7942_RS08185,6,24,0
SYNPCC7942_RS08215,20,2,0
SYNPCC7942_RS08225,20,2,0
SYNPCC7942_RS08250,14,7,0
SYNPCC7942_RS08260,0,9,0
SYNPCC7942_RS08265,0,9,0
SYNPCC7942_RS08315,16,25,0
SYNPCC7942_RS08345,7,11,0
SYNPCC7942_RS08360,17,10,0
SYNPCC7942_RS08365,13,12,0
SYNPCC7942_RS08390,4,13,0
SYNPCC7942_RS08425,2,14,0
SYNPCC7942_RS08475,12,29,0
SYNPCC7942_RS08490,17,10,0
SYNPCC7942_RS08500,18,6,0
SYNPCC7942_RS08515,1,18,0
SYNPCC7942_RS08525,4,13,0
SYNPCC7942_RS08545,21,19,0
SYNPCC7942_RS08555,4,13,0
SYNPCC7942_RS08560,22,15,0
SYNPCC7942_RS08565,0,9,0
SYNPCC7942_RS08570,0,9,0
SYNPCC7942_RS08620,19,21,0
SYNPCC7942_RS08635,9,16,0
SYNPCC7942_RS08645,13,12,1
SYNPCC7942_RS08660,3,8,0
SYNPCC7942_RS08670,0,9,0
SYNPCC7942_RS08690,19,21,0
SYNPCC7942_RS08700,6,24,0
SYNPCC7942_RS08710,12,29,0
SYNPCC7942_RS08725,12,29,0
SYNPCC7942_RS08735,0,9,0
SYNPCC7942_RS08750,4,13,0
SYNPCC7942_RS08785,7,11,0
SYNPCC7942_RS08800,1,18,0
SYNPCC7942_RS08805,0,9,0
SYNPCC7942_RS08820,22,15,1
SYNPCC7942_RS08825,2,14,0
SYNPCC7942_RS08830,22,15,0
SYNPCC7942_RS08835,22,15,0
SYNPCC7942_RS08860,16,25,0
SYNPCC7942_RS08865,11,5,0
SYNPCC7942_RS08870,11,5,0
SYNPCC7942_RS08875,0,9,0
SYNPCC7942_RS08900,10,17,0
SYNPCC7942_RS08905,14,7,0
SYNPCC7942_RS08935,4,13,0
SYNPCC7942_RS08945,1,18,0
SYNPCC7942_RS08955,6,24,0
SYNPCC7942_RS08960,12,29,0
SYNPCC7942_RS09000,21,19,0
SYNPCC7942_RS09020,19,21,0
SYNPCC7942_RS09035,17,10,0
SYNPCC7942_RS09040,0,9,0
SYNPCC7942_RS09045,16,25,0
SYNPCC7942_RS09055,10,17,0
SYNPCC7942_RS09075,16,25,0
SYNPCC7942_RS09100,13,12,0
SYNPCC7942_RS09105,5,4,0
SYNPCC7942_RS09115,0,9,0
SYNPCC7942_RS09140,1,18,0
SYNPCC7942_RS09175,4,13,0
SYNPCC7942_RS09195,4,13,0
SYNPCC7942_RS09250,7,11,0
SYNPCC7942_RS09255,4,13,0
SYNPCC7942_RS09265,16,25,0
SYNPCC7942_RS09275,0,9,0
SYNPCC7942_RS09280,15,20,0
SYNPCC7942_RS09290,9,16,0
SYNPCC7942_RS09295,19,21,0
SYNPCC7942_RS09310,6,24,0
SYNPCC7942_RS09320,13,12,0
SYNPCC7942_RS09325,20,2,0
SYNPCC7942_RS09340,6,24,0
SYNPCC7942_RS09355,10,17,0
SYNPCC7942_RS09370,9,16,0
SYNPCC7942_RS09375,3,8,0
SYNPCC7942_RS09380,20,2,1
SYNPCC7942_RS09415,10,17,0
SYNPCC7942_RS09425,8,3,0
SYNPCC7942_RS09435,3,8,1
SYNPCC7942_RS09440,19,21,0
SYNPCC7942_RS09455,6,24,0
SYNPCC7942_RS09465,1,18,0
SYNPCC7942_RS09485,4,13,0
SYNPCC7942_RS09490,13,12,0
SYNPCC7942_RS09500,1,18,1
SYNPCC7942_RS09505,10,17,0
SYNPCC7942_RS09510,16,25,0
SYNPCC7942_RS09530,0,9,0
SYNPCC7942_RS09540,6,24,0
SYNPCC7942_RS09545,8,3,0
SYNPCC7942_RS09550,6,24,0
SYNPCC7942_RS09580,4,13,0
SYNPCC7942_RS09590,8,3,0
SYNPCC7942_RS09595,6,24,0
SYNPCC7942_RS09605,12,29,0
SYNPCC7942_RS09615,18,6,0
SYNPCC7942_RS09620,10,17,0
SYNPCC7942_RS09625,3,8,0
SYNPCC7942_RS09630,12,29,0
SYNPCC7942_RS09635,7,11,0
SYNPCC7942_RS09660,13,12,0
SYNPCC7942_RS09670,5,4,0
SYNPCC7942_RS09690,2,14,0
SYNPCC7942_RS09700,7,11,0
SYNPCC7942_RS09720,10,17,0
SYNPCC7942_RS09725,8,3,0
SYNPCC7942_RS09780,12,29,0
SYNPCC7942_RS09790,13,12,0
SYNPCC7942_RS09795,7,11,0
SYNPCC7942_RS09800,13,12,0
SYNPCC7942_RS09805,5,4,0
SYNPCC7942_RS09810,0,9,0
SYNPCC7942_RS09820,9,16,0
SYNPCC7942_RS09825,3,8,0
SYNPCC7942_RS09830,9,16,0
SYNPCC7942_RS09865,8,3,0
SYNPCC7942_RS09870,0,9,0
SYNPCC7942_RS09910,10,17,0
SYNPCC7942_RS09920,2,14,0
SYNPCC7942_RS09940,10,17,0
SYNPCC7942_RS09945,2,14,0
SYNPCC7942_RS09950,3,8,0
SYNPCC7942_RS09960,12,29,0
SYNPCC7942_RS09965,1,18,0
SYNPCC7942_RS09970,3,8,0
SYNPCC7942_RS09980,0,9,0
SYNPCC7942_RS09985,6,24,0
SYNPCC7942_RS10010,0,9,0
SYNPCC7942_RS10020,4,13,0
SYNPCC7942_RS10025,11,5,0
SYNPCC7942_RS10040,16,25,1
SYNPCC7942_RS10050,5,4,0
SYNPCC7942_RS10055,22,15,0
SYNPCC7942_RS10065,3,8,0
SYNPCC7942_RS10070,3,8,0
SYNPCC7942_RS10100,6,24,0
SYNPCC7942_RS10115,1,18,0
SYNPCC7942_RS10145,17,10,0
SYNPCC7942_RS10180,1,18,0
SYNPCC7942_RS10195,5,4,0
SYNPCC7942_RS10200,6,24,0
SYNPCC7942_RS10215,0,9,0
SYNPCC7942_RS10260,15,20,1
SYNPCC7942_RS10265,15,20,0
SYNPCC7942_RS10295,4,13,0
SYNPCC7942_RS10350,17,10,1
SYNPCC7942_RS10355,16,25,0
SYNPCC7942_RS10380,2,14,0
SYNPCC7942_RS10385,9,16,0
SYNPCC7942_RS10415,3,8,0
SYNPCC7942_RS10420,6,24,0
SYNPCC7942_RS10425,22,15,0
SYNPCC7942_RS10435,16,25,0
SYNPCC7942_RS10440,19,21,0
SYNPCC7942_RS10450,17,10,0
SYNPCC7942_RS10455,7,11,0
SYNPCC7942_RS10465,4,13,0
SYNPCC7942_RS10470,15,20,0
SYNPCC7942_RS10475,6,24,0
SYNPCC7942_RS10480,0,9,0
SYNPCC7942_RS10485,3,8,0
SYNPCC7942_RS10510,15,20,0
SYNPCC7942_RS10520,8,3,0
SYNPCC7942_RS10550,1,18,0
SYNPCC7942_RS10555,20,2,0
SYNPCC7942_RS10570,18,6,0
SYNPCC7942_RS10575,7,11,0
SYNPCC7942_RS10580,1,18,0
SYNPCC7942_RS10585,17,10,0
SYNPCC7942_RS10595,3,8,0
SYNPCC7942_RS10690,3,8,0
SYNPCC7942_RS10695,7,11,0
SYNPCC7942_RS10700,18,6,1
SYNPCC7942_RS10710,6,24,0
SYNPCC7942_RS10715,16,25,0
SYNPCC7942_RS10725,4,13,0
SYNPCC7942_RS10740,9,16,0
SYNPCC7942_RS10750,1,18,0
SYNPCC7942_RS10755,5,4,0
SYNPCC7942_RS10760,12,29,0
SYNPCC7942_RS10765,11,5,0
SYNPCC7942_RS10775,3,8,0
SYNPCC7942_RS10790,13,12,0
SYNPCC7942_RS10795,4,13,0
SYNPCC7942_RS10875,3,8,0
SYNPCC7942_RS10915,10,17,0
SYNPCC7942_RS10920,10,17,0
SYNPCC7942_RS10955,4,13,0
SYNPCC7942_RS11000,12,29,0
SYNPCC7942_RS11065,7,11,0
SYNPCC7942_RS11105,20,2,0
SYNPCC7942_RS11120,2,14,0
SYNPCC7942_RS11170,6,24,0
SYNPCC7942_RS11185,13,12,0
SYNPCC7942_RS11190,16,25,0
SYNPCC7942_RS11195,2,14,0
SYNPCC7942_RS11200,8,3,0
SYNPCC7942_RS11205,14,7,0
SYNPCC7942_RS11210,14,7,0
SYNPCC7942_RS11215,9,16,0
SYNPCC7942_RS11220,9,16,0
SYNPCC7942_RS11225,14,7,0
SYNPCC7942_RS11230,15,20,0
SYNPCC7942_RS11235,14,7,0
SYNPCC7942_RS11240,5,4,0
SYNPCC7942_RS11250,9,16,0
SYNPCC7942_RS11255,15,20,0
SYNPCC7942_RS11260,8,3,0
SYNPCC7942_RS11265,14,7,0
SYNPCC7942_RS11275,14,7,0
SYNPCC7942_RS11280,14,7,0
SYNPCC7942_RS11285,15,20,0
SYNPCC7942_RS11290,14,7,0
SYNPCC7942_RS11295,8,3,0
SYNPCC7942_RS11300,14,7,0
SYNPCC7942_RS11305,15,20,0
SYNPCC7942_RS11310,14,7,0
SYNPCC7942_RS11315,15,20,0
SYNPCC7942_RS11320,15,20,0
SYNPCC7942_RS11325,14,7,0
SYNPCC7942_RS11330,8,3,0
SYNPCC7942_RS11335,11,5,0
SYNPCC7942_RS11350,1,18,0
SYNPCC7942_RS11385,16,25,0
SYNPCC7942_RS11395,1,18,0
SYNPCC7942_RS11435,17,10,0
SYNPCC7942_RS11450,10,17,0
SYNPCC7942_RS11465,5,4,1
SYNPCC7942_RS11480,1,18,0
SYNPCC7942_RS11500,0,9,0
SYNPCC7942_RS11505,1,18,0
SYNPCC7942_RS11510,3,8,0
SYNPCC7942_RS11525,0,9,0
SYNPCC7942_RS11530,0,9,0
SYNPCC7942_RS11540,1,18,0
SYNPCC7942_RS11615,13,12,0
SYNPCC7942_RS11685,14,7,0
SYNPCC7942_RS11690,9,16,0
SYNPCC7942_RS11705,12,29,0
SYNPCC7942_RS11710,2,14,0
SYNPCC7942_RS11730,2,14,0
SYNPCC7942_RS11770,11,5,0
SYNPCC7942_RS11775,5,4,0
SYNPCC7942_RS11800,5,4,0
SYNPCC7942_RS11805,8,3,0
SYNPCC7942_RS11810,3,8,0
SYNPCC7942_RS11815,10,17,0
SYNPCC7942_RS11845,13,12,0
SYNPCC7942_RS11850,9,16,0
SYNPCC7942_RS11865,4,13,0
SYNPCC7942_RS11890,15,20,0
SYNPCC7942_RS11895,2,14,0
SYNPCC7942_RS11900,5,4,0
SYNPCC7942_RS11905,5,4,0
SYNPCC7942_RS11915,7,11,0
SYNPCC7942_RS11930,0,9,0
SYNPCC7942_RS11945,0,9,0
SYNPCC7942_RS11950,20,2,0
SYNPCC7942_RS11960,5,4,0
SYNPCC7942_RS11970,16,25,1
SYNPCC7942_RS11995,19,21,0
SYNPCC7942_RS12015,3,8,0
SYNPCC7942_RS12040,0,9,0
SYNPCC7942_RS12065,8,3,0
SYNPCC7942_RS12070,0,9,0
SYNPCC7942_RS12105,18,6,0
SYNPCC7942_RS12110,10,17,0
SYNPCC7942_RS12115,20,2,0
SYNPCC7942_RS12120,20,2,0
SYNPCC7942_RS12125,2,14,0
SYNPCC7942_RS12145,2,14,0
SYNPCC7942_RS12160,0,9,0
SYNPCC7942_RS12170,7,11,0
SYNPCC7942_RS12180,5,4,0
SYNPCC7942_RS12185,7,11,0
SYNPCC7942_RS12190,3,8,0
SYNPCC7942_RS12210,5,4,0
SYNPCC7942_RS12270,15,20,0
SYNPCC7942_RS12295,2,14,0
SYNPCC7942_RS12320,17,10,0
SYNPCC7942_RS12340,10,17,0
SYNPCC7942_RS12365,1,18,0
SYNPCC7942_RS12380,4,13,0
SYNPCC7942_RS12420,8,3,0
SYNPCC7942_RS12440,21,19,0
SYNPCC7942_RS12445,16,25,0
SYNPCC7942_RS12465,4,13,0
SYNPCC7942_RS12470,0,9,0
SYNPCC7942_RS12515,17,10,0
SYNPCC7942_RS12520,0,9,0
SYNPCC7942_RS12560,21,19,1
SYNPCC7942_RS12565,4,13,0
SYNPCC7942_RS12570,11,5,0
SYNPCC7942_RS12575,4,13,0
SYNPCC7942_RS12620,22,15,0
SYNPCC7942_RS12645,12,29,0
SYNPCC7942_RS12670,8,3,0
SYNPCC7942_RS12695,1,18,0
SYNPCC7942_RS12700,5,4,0
SYNPCC7942_RS12715,8,3,0
SYNPCC7942_RS12735,8,3,0
SYNPCC7942_RS12745,11,5,0
SYNPCC7942_RS12755,1,18,0
SYNPCC7942_RS12760,10,17,0
SYNPCC7942_RS12825,21,19,0
SYNPCC7942_RS12845,15,20,0
SYNPCC7942_RS12850,14,7,0
SYNPCC7942_RS12855,13,12,0
SYNPCC7942_RS12860,0,9,0
SYNPCC7942_RS12880,3,8,0
SYNPCC7942_RS12885,14,7,0
SYNPCC7942_RS12890,2,14,0
SYNPCC7942_RS12900,15,20,0
SYNPCC7942_RS12970,12,29,0
SYNPCC7942_RS12975,13,12,0
SYNPCC7942_RS12980,1,18,0
SYNPCC7942_RS12990,20,2,0
SYNPCC7942_RS12995,20,2,0
SYNPCC7942_RS13000,9,16,0
SYNPCC7942_RS13005,9,16,0
SYNPCC7942_RS13020,13,12,0
SYNPCC7942_RS13040,9,16,0
SYNPCC7942_RS13055,4,13,0
SYNPCC7942_RS13060,11,5,0
SYNPCC7942_RS13115,3,8,0
SYNPCC7942_RS13120,17,10,0
SYNPCC7942_RS13125,6,24,0
SYNPCC7942_RS13150,18,6,0
SYNPCC7942_RS13160,0,9,0
SYNPCC7942_RS13180,6,24,0
SYNPCC7942_RS13185,6,24,0
SYNPCC7942_RS13225,0,9,0
SYNPCC7942_RS13235,14,7,0
SYNPCC7942_RS13245,0,9,0
SYNPCC7942_RS13250,7,11,0
SYNPCC7942_RS13265,5,4,0
SYNPCC7942_RS13275,10,17,0
SYNPCC7942_RS13280,1,18,0
SYNPCC7942_RS13295,2,14,0
SYNPCC7942_RS13305,9,16,0
SYNPCC7942_RS13675,5,4,0
SYNPCC7942_RS13770,22,15,0
SYNPCC7942_RS13875,10,17,0
SYNPCC7942_RS13930,5,4,0
