"V1","V2","V3","V4","V5","V6","V7","V8"
"Robustness of the integrated centrality score","","","","","","",""
"IC = sum over 5 measures of (measure / max measure): degree, kcore, betweenness, eigenvector, stress","","","","","","",""
"Background: 17 of 38 regulators are stress-related (45%)","","","","","","",""
"","","","","","","",""
"1) Leave-one-measure-out","","","","","","",""
"measure dropped","Spearman vs full IC","top-15 retained","stress in top 15","hypergeometric p","","",""
"(none)","1","15/15","11/15","0.00535","","",""
"degree","0.97","14/15","10/15","0.0309","","",""
"kcore","0.983","14/15","11/15","0.00535","","",""
"betweenness","0.991","14/15","10/15","0.0309","","",""
"eigenvector","0.995","15/15","11/15","0.00535","","",""
"stress","0.993","14/15","10/15","0.0309","","",""
"","","","","","","",""
"2) Correlation of each measure with the full IC","","","","","","",""
"measure","rho vs IC","","","","","",""
"degree","0.953","","","","","",""
"kcore","0.843","","","","","",""
"betweenness","0.884","","","","","",""
"eigenvector","0.757","","","","","",""
"stress","0.881","","","","","",""
"","","","","","","",""
"3) Outlier and dominance after max-normalization","","","","","","",""
"measure","max / 2nd-max","top-node share of sum","skewness","","","",""
"degree","1.27","0.112","1.22","","","",""
"kcore","1","0.038","-0.08","","","",""
"betweenness","1.24","0.203","2.31","","","",""
"eigenvector","1.25","0.293","3.43","","","",""
"stress","1.25","0.204","2.32","","","",""
"","","","","","","",""
"4) Ranking stability under alternative normalization","","","","","","",""
"normalization","Spearman vs max-norm IC","top-15 retained","stress in top 15","","","",""
"rank-sum","0.969","15/15","11/15","","","",""
"z-score","1","15/15","11/15","","","",""
"min-max","0.998","14/15","10/15","","","",""
