"locus_tag","TF_name","stress_related","stress_category","seed","degree","kcore","betweenness","eigenvector","stress","degree_norm","kcore_norm","betweenness_norm","eigenvector_norm","stress_norm","IC","IC_rank"
"SYNPCC7942_RS11465","CyAbrB2","yes","nutrient stress (C/N)",1,88,3,712.5,0.144176791713,719,0.698412698413,1,1,0.144176791713,1,3.84258949013,1
"SYNPCC7942_RS03565","NrdR","yes","multi-stress (DNA damage/replication)",1,100,3,371.5,0.813498799209,382,0.793650793651,1,0.521403508772,0.813498799209,0.531293463143,3.65984656478,2
"SYNPCC7942_RS05640","DnaA","no","",1,126,3,93,1,98,1,1,0.130526315789,1,0.136300417246,3.26682673304,3
"SYNPCC7942_RS07805","NtrC","yes","nutrient stress (N)",1,64,3,558,0.186043667523,566,0.507936507937,1,0.783157894737,0.186043667523,0.787204450626,3.26434252082,4
"SYNPCC7942_RS03260","NusG","no","",1,78,3,527.5,0.123353725737,528,0.619047619048,1,0.740350877193,0.123353725737,0.734353268428,3.21710549041,5
"SYNPCC7942_RS05870","BolA","yes","multi-stress",1,49,3,154.5,0.150095125656,165,0.388888888889,1,0.216842105263,0.150095125656,0.229485396384,1.98531151619,6
"SYNPCC7942_RS00480","RpaA","no","",1,45,3,52.5,0.263716025582,59,0.357142857143,1,0.0736842105263,0.263716025582,0.0820584144645,1.77660150772,7
"SYNPCC7942_RS09500","Rre28","yes","uncharacterized two-component stress",1,78,2,139.5,0.0442328405711,141,0.619047619048,0.666666666667,0.195789473684,0.0442328405711,0.196105702364,1.72184230233,8
"SYNPCC7942_RS10260","NusA","no","",1,30,3,60.5,0.0300464306987,61,0.238095238095,1,0.0849122807018,0.0300464306987,0.0848400556328,1.43789400513,9
"SYNPCC7942_RS07435","RpaB","yes","multi-stress (light/redox)",1,44,2,111,0.0299315654689,117,0.349206349206,0.666666666667,0.155789473684,0.0299315654689,0.162726008345,1.36432006337,10
"SYNPCC7942_RS04225","Zur","yes","metal stress (Zn)",1,44,2,107,0.00843134441655,108,0.349206349206,0.666666666667,0.150175438596,0.00843134441655,0.150208623088,1.32468842197,11
"SYNPCC7942_RS09435","Rre1","yes","multi-stress",1,57,2,52,0.041225307504,52,0.452380952381,0.666666666667,0.0729824561404,0.041225307504,0.0723226703755,1.30557805307,12
"SYNPCC7942_RS08645","ChlR","yes","multi-stress (low O2)",1,41,2,37.5,0.0019676169867,38,0.325396825397,0.666666666667,0.0526315789474,0.0019676169867,0.0528511821975,1.0995138702,13
"SYNPCC7942_RS10700","XylR","no","",1,27,2,70,0.00351426277609,70,0.214285714286,0.666666666667,0.0982456140351,0.00351426277609,0.0973574408901,1.08006969865,14
"SYNPCC7942_RS05070","Fur","yes","metal stress (Fe)",1,47,2,0,0.0295673552768,0,0.373015873016,0.666666666667,0,0.0295673552768,0,1.06924989496,15
"SYNPCC7942_RS07185","ManR","yes","metal stress (Mn)",1,34,2,37,0.000184796610765,37,0.269841269841,0.666666666667,0.0519298245614,0.000184796610765,0.0514603616134,1.04008291929,16
"SYNPCC7942_RS03160","HrcA","yes","multi-stress (heat)",1,28,2,40,0.0204930020965,40,0.222222222222,0.666666666667,0.0561403508772,0.0204930020965,0.0556328233658,1.02115506523,17
"SYNPCC7942_RS12560","NusB","no","",1,13,2,60,0.0290769295495,60,0.103174603175,0.666666666667,0.0842105263158,0.0290769295495,0.0834492350487,0.966577960756,18
"SYNPCC7942_RS03325","SigA1","no","",1,30,2,0,0.0180829832131,0,0.238095238095,0.666666666667,0,0.0180829832131,0,0.922844887975,19
"SYNPCC7942_RS06365","NtcB","no","",1,6,2,5,0.158503329482,6,0.047619047619,0.666666666667,0.00701754385965,0.158503329482,0.00834492350487,0.888151511133,20
"SYNPCC7942_RS00645","NtcA","yes","nutrient stress (N)",1,17,2,22,0.000608962057572,22,0.134920634921,0.666666666667,0.0308771929825,0.000608962057572,0.0305980528512,0.863671509479,21
"SYNPCC7942_RS03075","TetR","no","",1,17,2,13,0.00823699190139,13,0.134920634921,0.666666666667,0.0182456140351,0.00823699190139,0.0180806675939,0.846150575118,22
"SYNPCC7942_RS10040","RbcR","no","",1,17,2,13,0.000497332488861,13,0.134920634921,0.666666666667,0.0182456140351,0.000497332488861,0.0180806675939,0.838410915706,23
"SYNPCC7942_RS00455","PlmA","no","",1,9,2,14,1.98412478986e-05,14,0.0714285714286,0.666666666667,0.019649122807,1.98412478986e-05,0.019471488178,0.777235690328,24
"SYNPCC7942_RS08820","SufR","yes","metal stress (Fe-S)",1,11,2,0,0.00110233178685,0,0.0873015873016,0.666666666667,0,0.00110233178685,0,0.755070585755,25
"SYNPCC7942_RS09380","SigA5","no","",1,5,2,1,0.000767716964219,1,0.0396825396825,0.666666666667,0.00140350877193,0.000767716964219,0.00139082058414,0.70991125267,26
"SYNPCC7942_RS06745","PyrR","no","",1,5,2,0,1.50495682911e-05,0,0.0396825396825,0.666666666667,0,1.50495682911e-05,0,0.706364255918,27
"SYNPCC7942_RS10350","SfsA","no","",1,3,2,3,0.00190806230885,3,0.0238095238095,0.666666666667,0.00421052631579,0.00190806230885,0.00417246175243,0.700767240854,28
"SYNPCC7942_RS03530","ArsR","yes","metal stress",1,2,2,1,0.000947779566956,2,0.015873015873,0.666666666667,0.00140350877193,0.000947779566956,0.00278164116829,0.687672612047,29
"SYNPCC7942_RS13165","Rrf2","yes","metal/redox stress (Fe-S)",1,2,1,2,0.0794785378082,2,0.015873015873,0.333333333333,0.00280701754386,0.0794785378082,0.00278164116829,0.434273545726,30
"SYNPCC7942_RS06700","CmpR","no","",1,3,1,4,0.0650641307145,4,0.0238095238095,0.333333333333,0.00561403508772,0.0650641307145,0.00556328233658,0.433384305281,31
"SYNPCC7942_RS08885","SigA2","no","",1,5,1,8,0.000159384904688,8,0.0396825396825,0.333333333333,0.0112280701754,0.000159384904688,0.0111265646732,0.395529892769,32
"SYNPCC7942_RS05230","YebC","no","",1,5,1,0,0.00266457811892,0,0.0396825396825,0.333333333333,0,0.00266457811892,0,0.375680451134,33
"SYNPCC7942_RS12535","NrrA","yes","nutrient stress (N)",1,3,1,0,0.00517161213436,0,0.0238095238095,0.333333333333,0,0.00517161213436,0,0.362314469277,34
"SYNPCC7942_RS06230","KaiC","no","",1,1,1,0,0.00165545937092,0,0.00793650793651,0.333333333333,0,0.00165545937092,0,0.34292530064,35
"SYNPCC7942_RS07720","SigF1","no","",1,1,1,0,0.000650580100038,0,0.00793650793651,0.333333333333,0,0.000650580100038,0,0.34192042137,36
"SYNPCC7942_RS03565","NrdR","yes","multi-stress (DNA damage/replication)",2,111,3,412,0.924622413056,435,0.880952380952,1,0.745027124774,0.924622413056,0.786618444846,4.33722036363,1
"SYNPCC7942_RS05640","DnaA","no","",2,126,3,91.5,1,97,1,1,0.165461121157,1,0.175406871609,3.34086799277,2
"SYNPCC7942_RS09500","Rre28","yes","uncharacterized two-component stress",2,78,2,553,0.0299611920444,553,0.619047619048,0.666666666667,1,0.0299611920444,1,3.31567547776,3
"SYNPCC7942_RS11465","CyAbrB2","yes","nutrient stress (C/N)",2,77,3,310.5,0.106875860602,318,0.611111111111,1,0.561482820976,0.106875860602,0.575045207957,2.85451500065,4
"SYNPCC7942_RS04225","Zur","yes","metal stress (Zn)",2,33,2,442,0.00503080035933,444,0.261904761905,0.666666666667,0.799276672694,0.00503080035933,0.802893309222,2.53577221085,5
"SYNPCC7942_RS07805","NtrC","yes","nutrient stress (N)",2,61,3,224,0.145680444601,234,0.484126984127,1,0.405063291139,0.145680444601,0.423146473779,2.45801719365,6
"SYNPCC7942_RS05870","BolA","yes","multi-stress",2,62,3,181.5,0.178068380502,199,0.492063492063,1,0.328209764919,0.178068380502,0.359855334539,2.35819697202,7
"SYNPCC7942_RS03260","NusG","no","",2,69,3,132,0.0790329558916,132,0.547619047619,1,0.23869801085,0.0790329558916,0.23869801085,2.10404802521,8
"SYNPCC7942_RS00480","RpaA","no","",2,48,3,58,0.276853029854,66,0.380952380952,1,0.104882459313,0.276853029854,0.119349005425,1.88203687554,9
"SYNPCC7942_RS05070","Fur","yes","metal stress (Fe)",2,44,2,188,0.0228253412938,188,0.349206349206,0.666666666667,0.339963833635,0.0228253412938,0.339963833635,1.71862602444,10
"SYNPCC7942_RS03160","HrcA","yes","multi-stress (heat)",2,26,3,98,0.11053486544,110,0.206349206349,1,0.177215189873,0.11053486544,0.198915009042,1.6930142707,11
"SYNPCC7942_RS09435","Rre1","yes","multi-stress",2,56,2,98,0.156822144161,102,0.444444444444,0.666666666667,0.177215189873,0.156822144161,0.184448462929,1.62959690807,12
"SYNPCC7942_RS10040","RbcR","no","",2,23,2,197,0.000750823538936,199,0.18253968254,0.666666666667,0.356238698011,0.000750823538936,0.359855334539,1.5660512053,13
"SYNPCC7942_RS07435","RpaB","yes","multi-stress (light/redox)",2,48,2,117,0.0344031279312,128,0.380952380952,0.666666666667,0.21157323689,0.0344031279312,0.231464737794,1.52506015023,14
"SYNPCC7942_RS10700","XylR","no","",2,27,3,63.5,0.0186223861819,70,0.214285714286,1,0.114828209765,0.0186223861819,0.126582278481,1.47431858871,15
"SYNPCC7942_RS00645","NtcA","yes","nutrient stress (N)",2,21,3,53.5,0.0149320652131,60,0.166666666667,1,0.0967450271248,0.0149320652131,0.108499095841,1.38684285485,16
"SYNPCC7942_RS10260","NusA","no","",2,27,3,9.5,0.0191377969157,10,0.214285714286,1,0.0171790235081,0.0191377969157,0.0180831826401,1.26868571735,17
"SYNPCC7942_RS03325","SigA1","no","",2,29,3,0,0.013941190891,0,0.230158730159,1,0,0.013941190891,0,1.24409992105,18
"SYNPCC7942_RS08645","ChlR","yes","multi-stress (low O2)",2,36,2,69,0.00115550966306,71,0.285714285714,0.666666666667,0.124773960217,0.00115550966306,0.128390596745,1.20670101901,19
"SYNPCC7942_RS00455","PlmA","no","",2,11,2,56,0.00271654730095,56,0.0873015873016,0.666666666667,0.101265822785,0.00271654730095,0.101265822785,0.95921644684,20
"SYNPCC7942_RS12560","NusB","no","",2,16,2,28,0.054748073624,28,0.126984126984,0.666666666667,0.0506329113924,0.054748073624,0.0506329113924,0.94966469006,21
"SYNPCC7942_RS07185","ManR","yes","metal stress (Mn)",2,35,2,0,0.00166149128374,0,0.277777777778,0.666666666667,0,0.00166149128374,0,0.946105935729,22
"SYNPCC7942_RS06365","NtcB","no","",2,4,2,4,0.151363317719,4,0.031746031746,0.666666666667,0.00723327305606,0.151363317719,0.00723327305606,0.864242562244,23
"SYNPCC7942_RS03075","TetR","no","",2,16,2,12,0.0019386078023,12,0.126984126984,0.666666666667,0.0216998191682,0.0019386078023,0.0216998191682,0.83898903979,24
"SYNPCC7942_RS12535","NrrA","yes","nutrient stress (N)",2,4,2,4,0.0788492839149,4,0.031746031746,0.666666666667,0.00723327305606,0.0788492839149,0.00723327305606,0.79172852844,25
"SYNPCC7942_RS05230","YebC","no","",2,8,2,0,0.025545356757,0,0.0634920634921,0.666666666667,0,0.025545356757,0,0.755704086916,26
"SYNPCC7942_RS10350","SfsA","no","",2,4,2,7,0.0108330855891,7,0.031746031746,0.666666666667,0.0126582278481,0.0108330855891,0.0126582278481,0.734562239698,27
"SYNPCC7942_RS09380","SigA5","no","",2,5,2,1,0.000177237839827,1,0.0396825396825,0.666666666667,0.00180831826401,0.000177237839827,0.00180831826401,0.710143080717,28
"SYNPCC7942_RS06700","CmpR","no","",2,3,1,4,0.0727175965156,4,0.0238095238095,0.333333333333,0.00723327305606,0.0727175965156,0.00723327305606,0.44432699977,29
"SYNPCC7942_RS13165","Rrf2","yes","metal/redox stress (Fe-S)",2,2,1,2,0.0781680772244,2,0.015873015873,0.333333333333,0.00361663652803,0.0781680772244,0.00361663652803,0.434607699486,30
"SYNPCC7942_RS08820","SufR","yes","metal stress (Fe-S)",2,10,1,0,0.00100750841457,0,0.0793650793651,0.333333333333,0,0.00100750841457,0,0.413705921113,31
"SYNPCC7942_RS08885","SigA2","no","",2,4,1,9,9.1434599523e-05,9,0.031746031746,0.333333333333,0.0162748643761,9.1434599523e-05,0.0162748643761,0.397720528431,32
"SYNPCC7942_RS06745","PyrR","no","",2,7,1,0,7.28323135816e-06,0,0.0555555555556,0.333333333333,0,7.28323135816e-06,0,0.38889617212,33
"SYNPCC7942_RS03530","ArsR","yes","metal stress",2,3,1,8,0.00039565092249,8,0.0238095238095,0.333333333333,0.0144665461121,0.00039565092249,0.0144665461121,0.386471600289,34
"SYNPCC7942_RS06230","KaiC","no","",2,2,1,0,0.00169170315388,0,0.015873015873,0.333333333333,0,0.00169170315388,0,0.35089805236,35
"SYNPCC7942_RS07720","SigF1","no","",2,1,1,0,0.000150622459591,0,0.00793650793651,0.333333333333,0,0.000150622459591,0,0.341420463729,36
"SYNPCC7942_RS03440","SigA3","no","",2,1,1,0,0.000129091559133,0,0.00793650793651,0.333333333333,0,0.000129091559133,0,0.341398932829,37
"SYNPCC7942_RS11970","Crp","no","",2,1,1,0,5.83361358697e-05,0,0.00793650793651,0.333333333333,0,5.83361358697e-05,0,0.341328177405,38
"SYNPCC7942_RS03565","NrdR","yes","multi-stress (DNA damage/replication)",3,102,3,394,0.869287780831,401,0.83606557377,1,0.723599632691,0.869287780831,0.735779816514,4.16473280381,1
"SYNPCC7942_RS11465","CyAbrB2","yes","nutrient stress (C/N)",3,78,3,544.5,0.109532971933,545,0.639344262295,1,1,0.109532971933,1,3.74887723423,2
"SYNPCC7942_RS03260","NusG","no","",3,77,3,440,0.106441798382,440,0.631147540984,1,0.808080808081,0.106441798382,0.807339449541,3.35300959699,3
"SYNPCC7942_RS05640","DnaA","no","",3,122,3,89.5,1,94,1,1,0.164370982553,1,0.17247706422,3.33684804677,4
"SYNPCC7942_RS07805","NtrC","yes","nutrient stress (N)",3,59,2,366,0.181667318605,368,0.483606557377,0.666666666667,0.67217630854,0.181667318605,0.675229357798,2.67934620899,5
"SYNPCC7942_RS05870","BolA","yes","multi-stress",3,56,3,97,0.176886157777,100,0.459016393443,1,0.178145087236,0.176886157777,0.183486238532,1.99753387699,6
"SYNPCC7942_RS03160","HrcA","yes","multi-stress (heat)",3,30,3,157,0.122860330658,164,0.245901639344,1,0.288337924702,0.122860330658,0.300917431193,1.9580173259,7
"SYNPCC7942_RS00480","RpaA","no","",3,45,3,60,0.228469986786,66,0.368852459016,1,0.110192837466,0.228469986786,0.121100917431,1.8286162007,8
"SYNPCC7942_RS09435","Rre1","yes","multi-stress",3,66,2,138,0.0921153837566,138,0.540983606557,0.666666666667,0.253443526171,0.0921153837566,0.253211009174,1.80642019233,9
"SYNPCC7942_RS10700","XylR","no","",3,31,3,104.5,0.0204691834299,109,0.254098360656,1,0.191919191919,0.0204691834299,0.2,1.666486736,10
"SYNPCC7942_RS05070","Fur","yes","metal stress (Fe)",3,42,2,105.5,0.030264618802,106,0.344262295082,0.666666666667,0.19375573921,0.030264618802,0.194495412844,1.4294447326,11
"SYNPCC7942_RS00645","NtcA","yes","nutrient stress (N)",3,20,3,58.5,0.0146257623977,63,0.16393442623,1,0.107438016529,0.0146257623977,0.115596330275,1.40159453543,12
"SYNPCC7942_RS09500","Rre28","yes","uncharacterized two-component stress",3,79,2,0,0.0606701953087,0,0.647540983607,0.666666666667,0,0.0606701953087,0,1.37487784558,13
"SYNPCC7942_RS07185","ManR","yes","metal stress (Mn)",3,31,2,118,0.0020456758176,118,0.254098360656,0.666666666667,0.216712580349,0.0020456758176,0.216513761468,1.35603704496,14
"SYNPCC7942_RS10260","NusA","no","",3,25,3,30.5,0.0255820122849,31,0.204918032787,1,0.0560146923783,0.0255820122849,0.056880733945,1.3433954714,15
"SYNPCC7942_RS08645","ChlR","yes","multi-stress (low O2)",3,45,2,47,0.00141851739681,47,0.368852459016,0.666666666667,0.0863177226814,0.00141851739681,0.0862385321101,1.20949389787,16
"SYNPCC7942_RS04225","Zur","yes","metal stress (Zn)",3,37,2,36,0.0021085607438,36,0.303278688525,0.666666666667,0.0661157024793,0.0021085607438,0.0660550458716,1.10422466429,17
"SYNPCC7942_RS12560","NusB","no","",3,15,2,69,0.0319397843628,69,0.122950819672,0.666666666667,0.126721763085,0.0319397843628,0.126605504587,1.07488453837,18
"SYNPCC7942_RS07435","RpaB","yes","multi-stress (light/redox)",3,46,2,0,0.0184944282596,0,0.377049180328,0.666666666667,0,0.0184944282596,0,1.06221027525,19
"SYNPCC7942_RS10040","RbcR","no","",3,23,2,53,0.000485441873509,53,0.188524590164,0.666666666667,0.0973370064279,0.000485441873509,0.097247706422,1.05026141155,20
"SYNPCC7942_RS00455","PlmA","no","",3,7,2,51.5,0.00535827791722,52,0.0573770491803,0.666666666667,0.0945821854913,0.00535827791722,0.0954128440367,0.919397023293,21
"SYNPCC7942_RS06365","NtcB","no","",3,7,2,8.5,0.160360954402,9,0.0573770491803,0.666666666667,0.0156106519743,0.160360954402,0.0165137614679,0.916529083692,22
"SYNPCC7942_RS03325","SigA1","no","",3,28,2,0,0.00534832798667,0,0.229508196721,0.666666666667,0,0.00534832798667,0,0.901523191375,23
"SYNPCC7942_RS03075","TetR","no","",3,17,2,13,0.002573162051,13,0.139344262295,0.666666666667,0.0238751147842,0.002573162051,0.0238532110092,0.856312416806,24
"SYNPCC7942_RS05230","YebC","no","",3,8,2,19,0.0163013901513,19,0.0655737704918,0.666666666667,0.0348943985308,0.0163013901513,0.0348623853211,0.818298611162,25
"SYNPCC7942_RS10350","SfsA","no","",3,3,2,5,0.0114910949836,5,0.0245901639344,0.666666666667,0.00918273645546,0.0114910949836,0.00917431192661,0.721104973967,26
"SYNPCC7942_RS03530","ArsR","yes","metal stress",3,4,2,4,0.000184877351677,4,0.0327868852459,0.666666666667,0.00734618916437,0.000184877351677,0.00733944954128,0.71432406797,27
"SYNPCC7942_RS09760",NA,NA,NA,3,4,2,4,0.000124374761505,4,0.0327868852459,0.666666666667,0.00734618916437,0.000124374761505,0.00733944954128,0.71426356538,28
"SYNPCC7942_RS09380","SigA5","no","",3,5,2,1,0.000242260358523,1,0.0409836065574,0.666666666667,0.00183654729109,0.000242260358523,0.00183486238532,0.711563943259,29
"SYNPCC7942_RS06745","PyrR","no","",3,5,2,0,3.61132998386e-05,0,0.0409836065574,0.666666666667,0,3.61132998386e-05,0,0.707686386524,30
"SYNPCC7942_RS12535","NrrA","yes","nutrient stress (N)",3,3,2,0,0.00183229666114,0,0.0245901639344,0.666666666667,0,0.00183229666114,0,0.693089127263,31
"SYNPCC7942_RS06700","CmpR","no","",3,4,1,6,0.07059478877,6,0.0327868852459,0.333333333333,0.0110192837466,0.07059478877,0.0110091743119,0.458743465407,32
"SYNPCC7942_RS13165","Rrf2","yes","metal/redox stress (Fe-S)",3,2,1,2,0.0801725663881,2,0.016393442623,0.333333333333,0.00367309458219,0.0801725663881,0.00366972477064,0.437242161697,33
"SYNPCC7942_RS08820","SufR","yes","metal stress (Fe-S)",3,9,1,0,0.000716433674524,0,0.0737704918033,0.333333333333,0,0.000716433674524,0,0.407820258811,34
"SYNPCC7942_RS08885","SigA2","no","",3,4,1,6,0.000115197680449,6,0.0327868852459,0.333333333333,0.0110192837466,0.000115197680449,0.0110091743119,0.388263874318,35
"SYNPCC7942_RS06230","KaiC","no","",3,1,1,0,0.00145920320763,0,0.00819672131148,0.333333333333,0,0.00145920320763,0,0.342989257852,36
"SYNPCC7942_RS07720","SigF1","no","",3,1,1,0,0.000204987779456,0,0.00819672131148,0.333333333333,0,0.000204987779456,0,0.341735042424,37
"SYNPCC7942_RS11970","Crp","no","",3,1,1,0,3.86721278074e-05,0,0.00819672131148,0.333333333333,0,3.86721278074e-05,0,0.341568726772,38
"SYNPCC7942_RS03565","NrdR","yes","multi-stress (DNA damage/replication)",4,99,3,3818,0.786929509551,3967,0.7734375,1,1,0.786929509551,1,4.56036700955,1
"SYNPCC7942_RS09435","Rre1","yes","multi-stress",4,61,3,3378,0.14129273749,3496,0.4765625,1,0.884756416972,0.14129273749,0.881270481472,3.38388213593,2
"SYNPCC7942_RS05640","DnaA","no","",4,128,3,714,1,750,1,1,0.187008905186,1,0.189059742879,3.37606864806,3
"SYNPCC7942_RS09500","Rre28","yes","uncharacterized two-component stress",4,78,2,2627.5,0.0649425311669,2711,0.609375,0.666666666667,0.68818753274,0.0649425311669,0.683387950592,2.71255968117,4
"SYNPCC7942_RS05070","Fur","yes","metal stress (Fe)",4,53,2,2918,0.0508014175536,3017,0.4140625,0.666666666667,0.764274489261,0.0508014175536,0.760524325687,2.65632939917,5
"SYNPCC7942_RS07805","NtrC","yes","nutrient stress (N)",4,68,3,1366.5,0.177732931913,1404,0.53125,1,0.357909900471,0.177732931913,0.353919838669,2.42081267105,6
"SYNPCC7942_RS11465","CyAbrB2","yes","nutrient stress (C/N)",4,74,3,852,0.0862307932621,884,0.578125,1,0.223153483499,0.0862307932621,0.22283841694,2.1103476937,7
"SYNPCC7942_RS04225","Zur","yes","metal stress (Zn)",4,40,2,2073,0.0108887130119,2134,0.3125,0.666666666667,0.542954426401,0.0108887130119,0.537937988404,2.07094779448,8
"SYNPCC7942_RS05870","BolA","yes","multi-stress",4,60,3,777,0.141939344008,829,0.46875,1,0.203509690938,0.141939344008,0.208974035795,2.02317307074,9
"SYNPCC7942_RS08645","ChlR","yes","multi-stress (low O2)",4,42,2,1498.5,0.0031110895048,1542,0.328125,0.666666666667,0.39248297538,0.0031110895048,0.388706831359,1.77909256291,10
"SYNPCC7942_RS03260","NusG","no","",4,74,3,207,0.0754714941532,207,0.578125,1,0.0542168674699,0.0754714941532,0.0521804890345,1.75999385066,11
"SYNPCC7942_RS00480","RpaA","no","",4,41,3,244.5,0.201592031625,273,0.3203125,1,0.0640387637507,0.201592031625,0.0688177464079,1.65476104178,12
"SYNPCC7942_RS07435","RpaB","yes","multi-stress (light/redox)",4,46,3,331.5,0.0307349781649,374,0.359375,1,0.0868255631221,0.0307349781649,0.0942777917822,1.57121333307,13
"SYNPCC7942_RS03160","HrcA","yes","multi-stress (heat)",4,25,3,557,0.080820681097,573,0.1953125,1,0.145887899424,0.080820681097,0.144441643559,1.56646272408,14
"SYNPCC7942_RS10700","XylR","no","",4,32,3,401,0.0112045072911,413,0.25,1,0.105028810896,0.0112045072911,0.104108898412,1.4703422166,15
"SYNPCC7942_RS00645","NtcA","yes","nutrient stress (N)",4,19,3,136,0.00295669282751,136,0.1484375,1,0.0356207438449,0.00295669282751,0.0342828333753,1.22129777005,16
"SYNPCC7942_RS10260","NusA","no","",4,23,3,5.5,0.0169451851854,6,0.1796875,1,0.00144054478785,0.0169451851854,0.00151247794303,1.19958570792,17
"SYNPCC7942_RS10040","RbcR","no","",4,18,2,744,0.000933725666938,764,0.140625,0.666666666667,0.194866422211,0.000933725666938,0.192588858079,1.19568067262,18
"SYNPCC7942_RS03325","SigA1","no","",4,33,2,0,0.012508621045,0,0.2578125,0.666666666667,0,0.012508621045,0,0.936987787712,19
"SYNPCC7942_RS07185","ManR","yes","metal stress (Mn)",4,32,2,27,0.0013896077955,29,0.25,0.666666666667,0.00707176532216,0.0013896077955,0.00731031005798,0.932438349843,20
"SYNPCC7942_RS03075","TetR","no","",4,16,2,171,0.0230174095687,171,0.125,0.666666666667,0.0447878470403,0.0230174095687,0.0431056213764,0.902577544652,21
"SYNPCC7942_RS06365","NtcB","no","",4,5,2,27,0.142862036409,27,0.0390625,0.666666666667,0.00707176532216,0.142862036409,0.00680615074363,0.862469119142,22
"SYNPCC7942_RS12560","NusB","no","",4,14,2,24,0.0428258107589,24,0.109375,0.666666666667,0.0062860136197,0.0428258107589,0.00604991177212,0.831203402818,23
"SYNPCC7942_RS00455","PlmA","no","",4,9,2,32,0.0063049336427,36,0.0703125,0.666666666667,0.00838135149293,0.0063049336427,0.00907486765818,0.760740319461,24
"SYNPCC7942_RS05230","YebC","no","",4,7,2,49,0.0119280436944,49,0.0546875,0.666666666667,0.0128339444735,0.0119280436944,0.0123519032014,0.758468058036,25
"SYNPCC7942_RS08820","SufR","yes","metal stress (Fe-S)",4,11,2,0,0.00136221864562,0,0.0859375,0.666666666667,0,0.00136221864562,0,0.753966385313,26
"SYNPCC7942_RS07720","SigF1","no","",4,2,2,0,0.0635576885131,0,0.015625,0.666666666667,0,0.0635576885131,0,0.74584935518,27
"SYNPCC7942_RS06745","PyrR","no","",4,7,2,0,0.000107975453294,0,0.0546875,0.666666666667,0,0.000107975453294,0,0.72146214212,28
"SYNPCC7942_RS09380","SigA5","no","",4,5,2,14,0.00212901032284,14,0.0390625,0.666666666667,0.00366684127816,0.00212901032284,0.0035291152004,0.715054133468,29
"SYNPCC7942_RS10350","SfsA","no","",4,4,2,13,0.00781527154344,14,0.03125,0.666666666667,0.003404924044,0.00781527154344,0.0035291152004,0.712665977455,30
"SYNPCC7942_RS13165","Rrf2","yes","metal/redox stress (Fe-S)",4,2,1,9,0.0789576269699,9,0.015625,0.333333333333,0.00235725510739,0.0789576269699,0.00226871691454,0.432541932325,31
"SYNPCC7942_RS06700","CmpR","no","",4,3,1,18,0.0625214645005,18,0.0234375,0.333333333333,0.00471451021477,0.0625214645005,0.00453743382909,0.428544241877,32
"SYNPCC7942_RS08885","SigA2","no","",4,5,1,16,0.00025029669763,16,0.0390625,0.333333333333,0.00419067574646,0.00025029669763,0.00403327451475,0.380870080292,33
"SYNPCC7942_RS03530","ArsR","yes","metal stress",4,3,1,8,0.000865107072191,8,0.0234375,0.333333333333,0.00209533787323,0.000865107072191,0.00201663725737,0.361747915536,34
"SYNPCC7942_RS12535","NrrA","yes","nutrient stress (N)",4,2,1,0,0.000503880269986,0,0.015625,0.333333333333,0,0.000503880269986,0,0.349462213603,35
"SYNPCC7942_RS06230","KaiC","no","",4,1,1,0,0.00124904758925,0,0.0078125,0.333333333333,0,0.00124904758925,0,0.342394880922,36
"SYNPCC7942_RS03440","SigA3","no","",4,1,1,0,0.00010904450321,0,0.0078125,0.333333333333,0,0.00010904450321,0,0.341254877836,37
"SYNPCC7942_RS11970","Crp","no","",4,1,1,0,7.32707831773e-05,0,0.0078125,0.333333333333,0,7.32707831773e-05,0,0.341219104116,38
"SYNPCC7942_RS03565","NrdR","yes","multi-stress (DNA damage/replication)",5,95,3,333,0.680912881458,344,0.725190839695,1,0.495535714286,0.680912881458,0.511904761905,3.41354419734,1
"SYNPCC7942_RS05640","DnaA","no","",5,131,3,101,1,104,1,1,0.150297619048,1,0.154761904762,3.30505952381,2
"SYNPCC7942_RS09500","Rre28","yes","uncharacterized two-component stress",5,69,2,672,0.0342478321557,672,0.526717557252,0.666666666667,1,0.0342478321557,1,3.22763205607,3
"SYNPCC7942_RS11465","CyAbrB2","yes","nutrient stress (C/N)",5,86,3,358.5,0.158081915171,365,0.656488549618,1,0.533482142857,0.158081915171,0.543154761905,2.89120736955,4
"SYNPCC7942_RS04225","Zur","yes","metal stress (Zn)",5,42,2,611,0.00650055968437,611,0.320610687023,0.666666666667,0.909226190476,0.00650055968437,0.909226190476,2.81223029433,5
"SYNPCC7942_RS05070","Fur","yes","metal stress (Fe)",5,45,2,499,0.016291041342,499,0.343511450382,0.666666666667,0.74255952381,0.016291041342,0.74255952381,2.51158820601,6
"SYNPCC7942_RS07805","NtrC","yes","nutrient stress (N)",5,70,3,259,0.190703493417,266,0.534351145038,1,0.385416666667,0.190703493417,0.395833333333,2.50630463846,7
"SYNPCC7942_RS08645","ChlR","yes","multi-stress (low O2)",5,37,2,477,0.00115220196651,478,0.282442748092,0.666666666667,0.709821428571,0.00115220196651,0.71130952381,2.37139256911,8
"SYNPCC7942_RS09435","Rre1","yes","multi-stress",5,58,2,362,0.0611681370666,362,0.442748091603,0.666666666667,0.53869047619,0.0611681370666,0.53869047619,2.24796384772,9
"SYNPCC7942_RS03260","NusG","no","",5,76,3,145,0.143348037224,145,0.580152671756,1,0.215773809524,0.143348037224,0.215773809524,2.15504832803,10
"SYNPCC7942_RS05870","BolA","yes","multi-stress",5,55,3,172,0.130126532901,184,0.419847328244,1,0.255952380952,0.130126532901,0.27380952381,2.07973576591,11
"SYNPCC7942_RS05230","YebC","no","",5,9,2,354,0.00765984474066,354,0.0687022900763,0.666666666667,0.526785714286,0.00765984474066,0.526785714286,1.79660023006,12
"SYNPCC7942_RS03160","HrcA","yes","multi-stress (heat)",5,25,3,93.5,0.0939388874295,99,0.190839694656,1,0.139136904762,0.0939388874295,0.147321428571,1.57123691542,13
"SYNPCC7942_RS10040","RbcR","no","",5,19,2,254,0.000218445520766,254,0.145038167939,0.666666666667,0.377976190476,0.000218445520766,0.377976190476,1.56787566108,14
"SYNPCC7942_RS10700","XylR","no","",5,28,3,103,0.0151741632709,107,0.213740458015,1,0.153273809524,0.0151741632709,0.159226190476,1.54141462129,15
"SYNPCC7942_RS07435","RpaB","yes","multi-stress (light/redox)",5,43,2,110,0.0269193692903,120,0.328244274809,0.666666666667,0.16369047619,0.0269193692903,0.178571428571,1.36409221553,16
"SYNPCC7942_RS10260","NusA","no","",5,30,3,10.5,0.0363629634739,11,0.229007633588,1,0.015625,0.0363629634739,0.016369047619,1.29736464468,17
"SYNPCC7942_RS03325","SigA1","no","",5,34,3,0,0.0141606957579,0,0.259541984733,1,0,0.0141606957579,0,1.27370268049,18
"SYNPCC7942_RS00645","NtcA","yes","nutrient stress (N)",5,18,3,40,0.00364476128123,40,0.137404580153,1,0.0595238095238,0.00364476128123,0.0595238095238,1.26009696048,19
"SYNPCC7942_RS00480","RpaA","no","",5,38,2,0,0.124524511375,0,0.290076335878,0.666666666667,0,0.124524511375,0,1.08126751392,20
"SYNPCC7942_RS07185","ManR","yes","metal stress (Mn)",5,37,2,39,0.000281395733242,40,0.282442748092,0.666666666667,0.0580357142857,0.000281395733242,0.0595238095238,1.0669503343,21
"SYNPCC7942_RS12560","NusB","no","",5,17,2,30,0.0518930079524,30,0.129770992366,0.666666666667,0.0446428571429,0.0518930079524,0.0446428571429,0.937616381271,22
"SYNPCC7942_RS06365","NtcB","no","",5,5,2,4.5,0.14276035074,5,0.0381679389313,0.666666666667,0.00669642857143,0.14276035074,0.00744047619048,0.8617318611,23
"SYNPCC7942_RS03075","TetR","no","",5,17,2,13,0.00134637447793,13,0.129770992366,0.666666666667,0.0193452380952,0.00134637447793,0.0193452380952,0.836474509701,24
"SYNPCC7942_RS00455","PlmA","no","",5,8,2,32,0.00285843162275,32,0.0610687022901,0.666666666667,0.047619047619,0.00285843162275,0.047619047619,0.825831895818,25
"SYNPCC7942_RS06745","PyrR","no","",5,9,2,12,4.08169377908e-05,12,0.0687022900763,0.666666666667,0.0178571428571,4.08169377908e-05,0.0178571428571,0.771124059395,26
"SYNPCC7942_RS09380","SigA5","no","",5,5,2,1,0.000126551967274,1,0.0381679389313,0.666666666667,0.0014880952381,0.000126551967274,0.0014880952381,0.707937348042,27
"SYNPCC7942_RS10350","SfsA","no","",5,3,2,2,0.00933382113832,2,0.0229007633588,0.666666666667,0.00297619047619,0.00933382113832,0.00297619047619,0.704853632117,28
"SYNPCC7942_RS06700","CmpR","no","",5,3,1,4,0.0548629192266,4,0.0229007633588,0.333333333333,0.00595238095238,0.0548629192266,0.00595238095238,0.423001777823,29
"SYNPCC7942_RS12535","NrrA","yes","nutrient stress (N)",5,3,1,4,0.0548629192266,4,0.0229007633588,0.333333333333,0.00595238095238,0.0548629192266,0.00595238095238,0.423001777823,30
"SYNPCC7942_RS08820","SufR","yes","metal stress (Fe-S)",5,11,1,0,0.000975078677844,0,0.0839694656489,0.333333333333,0,0.000975078677844,0,0.41827787766,31
"SYNPCC7942_RS08885","SigA2","no","",5,4,1,9,9.3434800636e-05,9,0.030534351145,0.333333333333,0.0133928571429,9.3434800636e-05,0.0133928571429,0.390746833564,32
"SYNPCC7942_RS03530","ArsR","yes","metal stress",5,2,1,4,0.000520431130656,4,0.0152671755725,0.333333333333,0.00595238095238,0.000520431130656,0.00595238095238,0.361025701941,33
"SYNPCC7942_RS06230","KaiC","no","",5,1,1,0,0.000793090323862,0,0.00763358778626,0.333333333333,0,0.000793090323862,0,0.341760011443,34
"SYNPCC7942_RS07720","SigF1","no","",5,1,1,0,0.000107107814732,0,0.00763358778626,0.333333333333,0,0.000107107814732,0,0.341074028934,35
"SYNPCC7942_RS11970","Crp","no","",5,1,1,0,1.737794555e-05,0,0.00763358778626,0.333333333333,0,1.737794555e-05,0,0.340984299065,36
"SYNPCC7942_RS03565","NrdR","yes","multi-stress (DNA damage/replication)",6,106,3,376.5,0.872403461751,393,0.828125,1,0.885882352941,0.872403461751,0.924705882353,4.51111669704,1
"SYNPCC7942_RS05640","DnaA","no","",6,128,3,89.5,1,95,1,1,0.210588235294,1,0.223529411765,3.43411764706,2
"SYNPCC7942_RS11465","CyAbrB2","yes","nutrient stress (C/N)",6,81,3,344,0.104899559241,351,0.6328125,1,0.809411764706,0.104899559241,0.825882352941,3.37300617689,3
"SYNPCC7942_RS09500","Rre28","yes","uncharacterized two-component stress",6,82,2,425,0.029046416029,425,0.640625,0.666666666667,1,0.029046416029,1,3.3363380827,4
"SYNPCC7942_RS07805","NtrC","yes","nutrient stress (N)",6,69,3,280,0.2182385827,286,0.5390625,1,0.658823529412,0.2182385827,0.672941176471,3.08906578858,5
"SYNPCC7942_RS03260","NusG","no","",6,77,3,125.5,0.116970672171,126,0.6015625,1,0.295294117647,0.116970672171,0.296470588235,2.31029787805,6
"SYNPCC7942_RS04225","Zur","yes","metal stress (Zn)",6,39,2,278,0.0056383611503,278,0.3046875,0.666666666667,0.654117647059,0.0056383611503,0.654117647059,2.28522782194,7
"SYNPCC7942_RS05070","Fur","yes","metal stress (Fe)",6,41,2,264,0.00904370179353,264,0.3203125,0.666666666667,0.621176470588,0.00904370179353,0.621176470588,2.23837580964,8
"SYNPCC7942_RS03160","HrcA","yes","multi-stress (heat)",6,31,3,159.5,0.112886437112,172,0.2421875,1,0.375294117647,0.112886437112,0.404705882353,2.13507393711,9
"SYNPCC7942_RS05870","BolA","yes","multi-stress",6,57,2,166.5,0.157288509432,181,0.4453125,0.666666666667,0.391764705882,0.157288509432,0.425882352941,2.08691473492,10
"SYNPCC7942_RS09435","Rre1","yes","multi-stress",6,49,2,212,0.0330261045882,212,0.3828125,0.666666666667,0.498823529412,0.0330261045882,0.498823529412,2.08015233008,11
"SYNPCC7942_RS07185","ManR","yes","metal stress (Mn)",6,36,2,214,0.000396428226349,214,0.28125,0.666666666667,0.503529411765,0.000396428226349,0.503529411765,1.95537191842,12
"SYNPCC7942_RS10700","XylR","no","",6,30,3,104,0.0165802357642,111,0.234375,1,0.244705882353,0.0165802357642,0.261176470588,1.75683758871,13
"SYNPCC7942_RS07435","RpaB","yes","multi-stress (light/redox)",6,44,2,104,0.0289094857428,115,0.34375,0.666666666667,0.244705882353,0.0289094857428,0.270588235294,1.55462027006,14
"SYNPCC7942_RS00455","PlmA","no","",6,11,2,154,0.00275741820947,154,0.0859375,0.666666666667,0.362352941176,0.00275741820947,0.362352941176,1.48006746723,15
"SYNPCC7942_RS00480","RpaA","no","",6,43,2,51.5,0.212878073307,57,0.3359375,0.666666666667,0.121176470588,0.212878073307,0.134117647059,1.47077635762,16
"SYNPCC7942_RS00645","NtcA","yes","nutrient stress (N)",6,21,3,59,0.0136230219761,64,0.1640625,1,0.138823529412,0.0136230219761,0.150588235294,1.46709728668,17
"SYNPCC7942_RS10260","NusA","no","",6,30,3,9,0.0316345516272,10,0.234375,1,0.0211764705882,0.0316345516272,0.0235294117647,1.31071543398,18
"SYNPCC7942_RS12560","NusB","no","",6,15,3,24.5,0.0504168487018,25,0.1171875,1,0.0576470588235,0.0504168487018,0.0588235294118,1.28407493694,19
"SYNPCC7942_RS03075","TetR","no","",6,18,2,58,0.0214089376269,58,0.140625,0.666666666667,0.136470588235,0.0214089376269,0.136470588235,1.10164178076,20
"SYNPCC7942_RS10040","RbcR","no","",6,16,2,48,0.000205311764312,48,0.125,0.666666666667,0.112941176471,0.000205311764312,0.112941176471,1.01775433137,21
"SYNPCC7942_RS08645","ChlR","yes","multi-stress (low O2)",6,33,2,0,0.000777979389572,0,0.2578125,0.666666666667,0,0.000777979389572,0,0.925257146057,22
"SYNPCC7942_RS03325","SigA1","no","",6,30,2,0,0.0079083536412,0,0.234375,0.666666666667,0,0.0079083536412,0,0.908950020308,23
"SYNPCC7942_RS06365","NtcB","no","",6,6,2,6,0.153081896473,7,0.046875,0.666666666667,0.0141176470588,0.153081896473,0.0164705882353,0.897211798434,24
"SYNPCC7942_RS05230","YebC","no","",6,7,2,25,0.0152517408988,25,0.0546875,0.666666666667,0.0588235294118,0.0152517408988,0.0588235294118,0.854252966389,25
"SYNPCC7942_RS06745","PyrR","no","",6,6,2,27,4.55758243033e-05,27,0.046875,0.666666666667,0.0635294117647,4.55758243033e-05,0.0635294117647,0.840646066021,26
"SYNPCC7942_RS06700","CmpR","no","",6,4,2,6,0.0847896916614,6,0.03125,0.666666666667,0.0141176470588,0.0847896916614,0.0141176470588,0.810941652446,27
"SYNPCC7942_RS12535","NrrA","yes","nutrient stress (N)",6,4,2,3.5,0.0798081049823,4,0.03125,0.666666666667,0.00823529411765,0.0798081049823,0.00941176470588,0.795371830473,28
"SYNPCC7942_RS08820","SufR","yes","metal stress (Fe-S)",6,10,2,0,0.00135512697313,0,0.078125,0.666666666667,0,0.00135512697313,0,0.74614679364,29
"SYNPCC7942_RS10350","SfsA","no","",6,4,2,6,0.0107393439329,7,0.03125,0.666666666667,0.0141176470588,0.0107393439329,0.0164705882353,0.739244245894,30
"SYNPCC7942_RS09380","SigA5","no","",6,5,2,4,0.00193166506015,4,0.0390625,0.666666666667,0.00941176470588,0.00193166506015,0.00941176470588,0.726484361139,31
"SYNPCC7942_RS13165","Rrf2","yes","metal/redox stress (Fe-S)",6,2,1,2,0.0772813430855,2,0.015625,0.333333333333,0.00470588235294,0.0772813430855,0.00470588235294,0.435651441124,32
"SYNPCC7942_RS03530","ArsR","yes","metal stress",6,2,1,3,0.000435740122497,3,0.015625,0.333333333333,0.00705882352941,0.000435740122497,0.00705882352941,0.363511720514,33
"SYNPCC7942_RS07720","SigF1","no","",6,1,1,0,0.00164474633798,0,0.0078125,0.333333333333,0,0.00164474633798,0,0.342790579671,34
"SYNPCC7942_RS06230","KaiC","no","",6,1,1,0,0.00126389036549,0,0.0078125,0.333333333333,0,0.00126389036549,0,0.342409723698,35
"SYNPCC7942_RS11970","Crp","no","",6,1,1,0,1.57731214122e-05,0,0.0078125,0.333333333333,0,1.57731214122e-05,0,0.341161606454,36
"SYNPCC7942_RS03565","NrdR","yes","multi-stress (DNA damage/replication)",7,99,3,1565,0.806709568251,1627,0.792,1,1,0.806709568251,1,4.59870956825,1
"SYNPCC7942_RS05640","DnaA","no","",7,125,3,275,1,292,1,1,0.17571884984,1,0.179471419791,3.35519026963,2
"SYNPCC7942_RS09435","Rre1","yes","multi-stress",7,60,2,1238.5,0.142954905799,1274,0.48,0.666666666667,0.791373801917,0.142954905799,0.783036263061,2.86403163744,3
"SYNPCC7942_RS08645","ChlR","yes","multi-stress (low O2)",7,41,2,1194.5,0.00472514119819,1202,0.328,0.666666666667,0.763258785942,0.00472514119819,0.738783036263,2.50143363007,4
"SYNPCC7942_RS10040","RbcR","no","",7,20,2,1290,0.013633233364,1303,0.16,0.666666666667,0.82428115016,0.013633233364,0.80086047941,2.4654415296,5
"SYNPCC7942_RS09500","Rre28","yes","uncharacterized two-component stress",7,82,2,826,0.088489677009,826,0.656,0.666666666667,0.527795527157,0.088489677009,0.507682851875,2.44663472271,6
"SYNPCC7942_RS11465","CyAbrB2","yes","nutrient stress (C/N)",7,79,3,451,0.150030186911,460,0.632,1,0.288178913738,0.150030186911,0.282728948986,2.35293804964,7
"SYNPCC7942_RS04225","Zur","yes","metal stress (Zn)",7,40,2,973,0.0128702878303,973,0.32,0.666666666667,0.621725239617,0.0128702878303,0.59803318992,2.21929538403,8
"SYNPCC7942_RS05870","BolA","yes","multi-stress",7,57,3,333,0.169466186303,358,0.456,1,0.212779552716,0.169466186303,0.220036877689,2.05828261671,9
"SYNPCC7942_RS07805","NtrC","yes","nutrient stress (N)",7,65,2,479,0.169652124156,492,0.52,0.666666666667,0.30607028754,0.169652124156,0.302397049785,1.96478612815,10
"SYNPCC7942_RS03260","NusG","no","",7,77,3,142,0.15225213759,142,0.616,1,0.0907348242812,0.15225213759,0.0872771972956,1.94626415917,11
"SYNPCC7942_RS00480","RpaA","no","",7,46,3,119,0.237415772401,134,0.368,1,0.0760383386581,0.237415772401,0.0823601720959,1.76381428316,12
"SYNPCC7942_RS07185","ManR","yes","metal stress (Mn)",7,37,2,600.5,0.00467108397701,609,0.296,0.666666666667,0.383706070288,0.00467108397701,0.374308543331,1.72535236426,13
"SYNPCC7942_RS03160","HrcA","yes","multi-stress (heat)",7,30,3,258.5,0.111286796706,269,0.24,1,0.16517571885,0.111286796706,0.165334972342,1.6817974879,14
"SYNPCC7942_RS10700","XylR","no","",7,31,3,196,0.0182337259759,200,0.248,1,0.125239616613,0.0182337259759,0.122925629994,1.51439897258,15
"SYNPCC7942_RS10260","NusA","no","",7,28,3,13,0.0340231812475,14,0.224,1,0.00830670926518,0.0340231812475,0.00860479409957,1.27493468461,16
"SYNPCC7942_RS07435","RpaB","yes","multi-stress (light/redox)",7,43,2,178,0.0317738272827,190,0.344,0.666666666667,0.113738019169,0.0317738272827,0.116779348494,1.27295786161,17
"SYNPCC7942_RS00645","NtcA","yes","nutrient stress (N)",7,18,3,64,0.00335567777808,64,0.144,1,0.0408945686901,0.00335567777808,0.039336201598,1.22758644807,18
"SYNPCC7942_RS00455","PlmA","no","",7,8,2,298,0.00809068876446,298,0.064,0.666666666667,0.190415335463,0.00809068876446,0.183159188691,1.11233187959,19
"SYNPCC7942_RS05070","Fur","yes","metal stress (Fe)",7,43,2,0,0.0230899515907,0,0.344,0.666666666667,0,0.0230899515907,0,1.03375661826,20
"SYNPCC7942_RS03325","SigA1","no","",7,30,2,0,0.0156907534476,0,0.24,0.666666666667,0,0.0156907534476,0,0.922357420115,21
"SYNPCC7942_RS12560","NusB","no","",7,15,2,26,0.0403919039189,26,0.12,0.666666666667,0.0166134185304,0.0403919039189,0.0159803318992,0.859652321016,22
"SYNPCC7942_RS06365","NtcB","no","",7,4,2,8,0.145494736312,8,0.032,0.666666666667,0.00511182108626,0.145494736312,0.00491702519975,0.854190249265,23
"SYNPCC7942_RS03075","TetR","no","",7,17,2,13,0.00239275901241,13,0.136,0.666666666667,0.00830670926518,0.00239275901241,0.0079901659496,0.821356300894,24
"SYNPCC7942_RS05230","YebC","no","",7,6,2,17,0.0235328162029,18,0.048,0.666666666667,0.0108626198083,0.0235328162029,0.0110633066994,0.760125409378,25
"SYNPCC7942_RS06745","PyrR","no","",7,6,2,0,6.139138936e-05,0,0.048,0.666666666667,0,6.139138936e-05,0,0.714728058056,26
"SYNPCC7942_RS10350","SfsA","no","",7,3,2,7,0.0103639557944,7,0.024,0.666666666667,0.00447284345048,0.0103639557944,0.00430239704978,0.709805862962,27
"SYNPCC7942_RS09380","SigA5","no","",7,5,2,1,0.000224770903994,1,0.04,0.666666666667,0.000638977635783,0.000224770903994,0.000614628149969,0.708145043357,28
"SYNPCC7942_RS06700","CmpR","no","",7,4,1,12,0.0653831628433,12,0.032,0.333333333333,0.00766773162939,0.0653831628433,0.00737553779963,0.445759765605,29
"SYNPCC7942_RS13165","Rrf2","yes","metal/redox stress (Fe-S)",7,2,1,4,0.0800178657389,4,0.016,0.333333333333,0.00255591054313,0.0800178657389,0.00245851259988,0.434365622215,30
"SYNPCC7942_RS08885","SigA2","no","",7,4,1,30,0.000382968900554,30,0.032,0.333333333333,0.0191693290735,0.000382968900554,0.0184388444991,0.403324475806,31
"SYNPCC7942_RS09760",NA,NA,NA,7,4,1,30,0.000382968900554,30,0.032,0.333333333333,0.0191693290735,0.000382968900554,0.0184388444991,0.403324475806,32
"SYNPCC7942_RS08820","SufR","yes","metal stress (Fe-S)",7,6,1,0,0.00100051404617,0,0.048,0.333333333333,0,0.00100051404617,0,0.382333847379,33
"SYNPCC7942_RS12535","NrrA","yes","nutrient stress (N)",7,4,1,0,0.000721826373965,0,0.032,0.333333333333,0,0.000721826373965,0,0.366055159707,34
"SYNPCC7942_RS03530","ArsR","yes","metal stress",7,2,1,10,0.00102985296362,10,0.016,0.333333333333,0.00638977635783,0.00102985296362,0.00614628149969,0.362899244154,35
"SYNPCC7942_RS06230","KaiC","no","",7,1,1,0,0.00151052911776,0,0.008,0.333333333333,0,0.00151052911776,0,0.342843862451,36
"SYNPCC7942_RS07720","SigF1","no","",7,1,1,0,0.000190253007665,0,0.008,0.333333333333,0,0.000190253007665,0,0.341523586341,37
"SYNPCC7942_RS03565","NrdR","yes","multi-stress (DNA damage/replication)",8,92,3,1332,0.696068375929,1384,0.69696969697,1,1,0.696068375929,1,4.3930380729,1
"SYNPCC7942_RS05640","DnaA","no","",8,132,3,290,1,302,1,1,0.217717717718,1,0.218208092486,3.4359258102,2
"SYNPCC7942_RS09500","Rre28","yes","uncharacterized two-component stress",8,79,2,721.5,0.0460530432418,722,0.598484848485,0.666666666667,0.541666666667,0.0460530432418,0.521676300578,2.37454752564,3
"SYNPCC7942_RS05870","BolA","yes","multi-stress",8,56,3,345.5,0.121218419682,369,0.424242424242,1,0.259384384384,0.121218419682,0.26661849711,2.07146372542,4
"SYNPCC7942_RS07805","NtrC","yes","nutrient stress (N)",8,63,2,530,0.124144644587,544,0.477272727273,0.666666666667,0.397897897898,0.124144644587,0.393063583815,2.05904552024,5
"SYNPCC7942_RS09435","Rre1","yes","multi-stress",8,58,2,541,0.128253247459,561,0.439393939394,0.666666666667,0.406156156156,0.128253247459,0.405346820809,2.04581683049,6
"SYNPCC7942_RS08645","ChlR","yes","multi-stress (low O2)",8,35,2,644.5,0.00117054695619,645,0.265151515152,0.666666666667,0.483858858859,0.00117054695619,0.466040462428,1.88288805006,7
"SYNPCC7942_RS04225","Zur","yes","metal stress (Zn)",8,41,2,607,0.00730109225148,607,0.310606060606,0.666666666667,0.455705705706,0.00730109225148,0.438583815029,1.87886334026,8
"SYNPCC7942_RS11465","CyAbrB2","yes","nutrient stress (C/N)",8,80,2,314,0.0872475124144,326,0.606060606061,0.666666666667,0.235735735736,0.0872475124144,0.235549132948,1.83125965383,9
"SYNPCC7942_RS07185","ManR","yes","metal stress (Mn)",8,36,2,586,0.000972352193542,586,0.272727272727,0.666666666667,0.43993993994,0.000972352193542,0.423410404624,1.80371663615,10
"SYNPCC7942_RS03260","NusG","no","",8,77,3,75,0.0544833598956,75,0.583333333333,1,0.0563063063063,0.0544833598956,0.0541907514451,1.74831375098,11
"SYNPCC7942_RS03160","HrcA","yes","multi-stress (heat)",8,28,3,252,0.0884546202854,264,0.212121212121,1,0.189189189189,0.0884546202854,0.190751445087,1.68051646668,12
"SYNPCC7942_RS10040","RbcR","no","",8,24,2,538,0.000746349540825,538,0.181818181818,0.666666666667,0.403903903904,0.000746349540825,0.388728323699,1.64186342563,13
"SYNPCC7942_RS00480","RpaA","no","",8,40,3,106,0.172340465329,116,0.30303030303,1,0.0795795795796,0.172340465329,0.0838150289017,1.63876537684,14
"SYNPCC7942_RS10700","XylR","no","",8,28,3,193,0.012956394558,200,0.212121212121,1,0.144894894895,0.012956394558,0.14450867052,1.51448117209,15
"SYNPCC7942_RS07435","RpaB","yes","multi-stress (light/redox)",8,49,2,189,0.0261600251332,207,0.371212121212,0.666666666667,0.141891891892,0.0261600251332,0.149566473988,1.35549717889,16
"SYNPCC7942_RS00455","PlmA","no","",8,8,2,421,0.00385603655377,421,0.0606060606061,0.666666666667,0.316066066066,0.00385603655377,0.304190751445,1.35138558134,17
"SYNPCC7942_RS00645","NtcA","yes","nutrient stress (N)",8,19,3,76,0.00238598009073,76,0.143939393939,1,0.0570570570571,0.00238598009073,0.0549132947977,1.25829572588,18
"SYNPCC7942_RS10260","NusA","no","",8,29,3,11,0.0136263478789,11,0.219696969697,1,0.00825825825826,0.0136263478789,0.00794797687861,1.24952955271,19
"SYNPCC7942_RS05070","Fur","yes","metal stress (Fe)",8,46,2,0,0.030364699883,0,0.348484848485,0.666666666667,0,0.030364699883,0,1.04551621504,20
"SYNPCC7942_RS03075","TetR","no","",8,18,2,84,0.0173990126195,84,0.136363636364,0.666666666667,0.0630630630631,0.0173990126195,0.0606936416185,0.944186020332,21
"SYNPCC7942_RS12560","NusB","no","",8,18,2,32,0.0600000008687,32,0.136363636364,0.666666666667,0.024024024024,0.0600000008687,0.0231213872832,0.910175715207,22
"SYNPCC7942_RS03325","SigA1","no","",8,31,2,0,0.00372761188306,0,0.234848484848,0.666666666667,0,0.00372761188306,0,0.905242763398,23
"SYNPCC7942_RS06365","NtcB","no","",8,4,2,5.5,0.141524111247,7,0.030303030303,0.666666666667,0.00412912912913,0.141524111247,0.00505780346821,0.847680740814,24
"SYNPCC7942_RS05230","YebC","no","",8,9,2,7,0.0113443073771,7,0.0681818181818,0.666666666667,0.00525525525526,0.0113443073771,0.00505780346821,0.756505850949,25
"SYNPCC7942_RS06745","PyrR","no","",8,6,2,25,9.27390204788e-05,25,0.0454545454545,0.666666666667,0.0187687687688,9.27390204788e-05,0.018063583815,0.749046303726,26
"SYNPCC7942_RS08820","SufR","yes","metal stress (Fe-S)",8,10,2,0,0.00189672232465,0,0.0757575757576,0.666666666667,0,0.00189672232465,0,0.744320964749,27
"SYNPCC7942_RS10350","SfsA","no","",8,4,2,8,0.0086419751576,9,0.030303030303,0.666666666667,0.00600600600601,0.0086419751576,0.00650289017341,0.718120568307,28
"SYNPCC7942_RS09380","SigA5","no","",8,5,2,6,0.00161606343336,6,0.0378787878788,0.666666666667,0.0045045045045,0.00161606343336,0.00433526011561,0.715001282599,29
"SYNPCC7942_RS06700","CmpR","no","",8,4,1,12,0.0558552478553,12,0.030303030303,0.333333333333,0.00900900900901,0.0558552478553,0.00867052023121,0.437171140732,30
"SYNPCC7942_RS12535","NrrA","yes","nutrient stress (N)",8,2,1,4,0.0792423990328,4,0.0151515151515,0.333333333333,0.003003003003,0.0792423990328,0.0028901734104,0.433620423931,31
"SYNPCC7942_RS08885","SigA2","no","",8,4,1,21,9.3929264172e-05,21,0.030303030303,0.333333333333,0.0157657657658,9.3929264172e-05,0.0151734104046,0.394669469071,32
"SYNPCC7942_RS09760",NA,NA,NA,8,3,1,14,9.3339425744e-05,14,0.0227272727273,0.333333333333,0.0105105105105,9.3339425744e-05,0.0101156069364,0.376780062933,33
"SYNPCC7942_RS07720","SigF1","no","",8,1,1,0,0.00137018895304,0,0.00757575757576,0.333333333333,0,0.00137018895304,0,0.342279279862,34
"SYNPCC7942_RS06230","KaiC","no","",8,1,1,0,0.00107547602922,0,0.00757575757576,0.333333333333,0,0.00107547602922,0,0.341984566938,35
"SYNPCC7942_RS03530","ArsR","yes","metal stress",8,1,1,0,0.000574968026456,0,0.00757575757576,0.333333333333,0,0.000574968026456,0,0.341484058935,36
"SYNPCC7942_RS03440","SigA3","no","",8,1,1,0,7.65736690462e-05,0,0.00757575757576,0.333333333333,0,7.65736690462e-05,0,0.340985664578,37
"SYNPCC7942_RS11970","Crp","no","",8,1,1,0,5.87757431017e-05,0,0.00757575757576,0.333333333333,0,5.87757431017e-05,0,0.340967866652,38
"SYNPCC7942_RS04225","Zur","yes","metal stress (Zn)",9,35,3,1024,0.00706907859389,1029,0.267175572519,1,1,0.00706907859389,1,3.27424465111,1
"SYNPCC7942_RS09500","Rre28","yes","uncharacterized two-component stress",9,84,2,943,0.0580411922579,949,0.641221374046,0.666666666667,0.9208984375,0.0580411922579,0.922254616132,3.2090822866,2
"SYNPCC7942_RS05640","DnaA","no","",9,131,3,99,1,103,1,1,0.0966796875,1,0.10009718173,3.19677686923,3
"SYNPCC7942_RS03565","NrdR","yes","multi-stress (DNA damage/replication)",9,108,3,264,0.831311371818,268,0.824427480916,1,0.2578125,0.831311371818,0.260447035957,3.17399838869,4
"SYNPCC7942_RS10040","RbcR","no","",9,28,3,642,0.00125519690364,649,0.213740458015,1,0.626953125,0.00125519690364,0.630709426628,2.47265820655,5
"SYNPCC7942_RS07805","NtrC","yes","nutrient stress (N)",9,64,3,280,0.158733818642,284,0.488549618321,1,0.2734375,0.158733818642,0.275996112731,2.19671704969,6
"SYNPCC7942_RS05870","BolA","yes","multi-stress",9,58,3,176,0.286696210071,186,0.442748091603,1,0.171875,0.286696210071,0.180758017493,2.08207731917,7
"SYNPCC7942_RS05070","Fur","yes","metal stress (Fe)",9,44,2,513,0.0234521616164,513,0.335877862595,0.666666666667,0.5009765625,0.0234521616164,0.498542274052,2.02551552743,8
"SYNPCC7942_RS11465","CyAbrB2","yes","nutrient stress (C/N)",9,75,3,179.5,0.0947627638757,183,0.572519083969,1,0.17529296875,0.0947627638757,0.177842565598,2.02041738219,9
"SYNPCC7942_RS03260","NusG","no","",9,77,3,71,0.115256431504,71,0.587786259542,1,0.0693359375,0.115256431504,0.0689990281827,1.84137765673,10
"SYNPCC7942_RS09435","Rre1","yes","multi-stress",9,50,2,344,0.0367766840229,344,0.381679389313,0.666666666667,0.3359375,0.0367766840229,0.334305150632,1.75536539063,11
"SYNPCC7942_RS08645","ChlR","yes","multi-stress (low O2)",9,38,3,171,0.0013402881767,173,0.290076335878,1,0.1669921875,0.0013402881767,0.168124392614,1.62653320417,12
"SYNPCC7942_RS03160","HrcA","yes","multi-stress (heat)",9,28,3,147,0.105918510051,152,0.213740458015,1,0.1435546875,0.105918510051,0.147716229349,1.61092988492,13
"SYNPCC7942_RS00480","RpaA","no","",9,40,3,45,0.208541199682,50,0.30534351145,1,0.0439453125,0.208541199682,0.0485908649174,1.60642088855,14
"SYNPCC7942_RS07185","ManR","yes","metal stress (Mn)",9,33,3,133,0.000835477040002,138,0.251908396947,1,0.1298828125,0.000835477040002,0.134110787172,1.51673747366,15
"SYNPCC7942_RS10700","XylR","no","",9,29,3,138.5,0.015107942443,140,0.221374045802,1,0.13525390625,0.015107942443,0.136054421769,1.50779031626,16
"SYNPCC7942_RS07435","RpaB","yes","multi-stress (light/redox)",9,47,2,115,0.0519450411803,121,0.358778625954,0.666666666667,0.1123046875,0.0519450411803,0.1175898931,1.3072849144,17
"SYNPCC7942_RS00645","NtcA","yes","nutrient stress (N)",9,21,3,52.5,0.00544391800616,53,0.160305343511,1,0.05126953125,0.00544391800616,0.0515063168124,1.26852510958,18
"SYNPCC7942_RS10260","NusA","no","",9,27,3,8,0.0257217836519,8,0.206106870229,1,0.0078125,0.0257217836519,0.00777453838678,1.24741569227,19
"SYNPCC7942_RS00455","PlmA","no","",9,10,2,243,0.00518757200537,250,0.0763358778626,0.666666666667,0.2373046875,0.00518757200537,0.242954324587,1.22844912862,20
"SYNPCC7942_RS03325","SigA1","no","",9,32,2,0,0.0196480903982,0,0.24427480916,0.666666666667,0,0.0196480903982,0,0.930589566225,21
"SYNPCC7942_RS12560","NusB","no","",9,15,2,26,0.0430796332543,26,0.114503816794,0.666666666667,0.025390625,0.0430796332543,0.025267249757,0.874907991472,22
"SYNPCC7942_RS06365","NtcB","no","",9,4,2,2.5,0.149445546432,3,0.030534351145,0.666666666667,0.00244140625,0.149445546432,0.00291545189504,0.852003422389,23
"SYNPCC7942_RS03075","TetR","no","",9,15,2,11,0.00207856023029,11,0.114503816794,0.666666666667,0.0107421875,0.00207856023029,0.0106899902818,0.804681221473,24
"SYNPCC7942_RS05230","YebC","no","",9,6,2,34,0.00329091684147,34,0.0458015267176,0.666666666667,0.033203125,0.00329091684147,0.0330417881438,0.78200402337,25
"SYNPCC7942_RS08820","SufR","yes","metal stress (Fe-S)",9,7,2,0,0.000949660001603,0,0.0534351145038,0.666666666667,0,0.000949660001603,0,0.721051441172,26
"SYNPCC7942_RS03530","ArsR","yes","metal stress",9,3,2,12,0.000553597889014,12,0.0229007633588,0.666666666667,0.01171875,0.000553597889014,0.0116618075802,0.713501585495,27
"SYNPCC7942_RS09380","SigA5","no","",9,5,2,1,0.000189073320865,1,0.0381679389313,0.666666666667,0.0009765625,0.000189073320865,0.000971817298348,0.706972058718,28
"SYNPCC7942_RS06745","PyrR","no","",9,5,2,0,1.68383418505e-05,0,0.0381679389313,0.666666666667,0,1.68383418505e-05,0,0.70485144394,29
"SYNPCC7942_RS06700","CmpR","no","",9,4,1,6,0.0654868248225,6,0.030534351145,0.333333333333,0.005859375,0.0654868248225,0.00583090379009,0.441044788091,30
"SYNPCC7942_RS12535","NrrA","yes","nutrient stress (N)",9,4,1,6,0.0654868248225,6,0.030534351145,0.333333333333,0.005859375,0.0654868248225,0.00583090379009,0.441044788091,31
"SYNPCC7942_RS08885","SigA2","no","",9,6,1,30,0.000106884374816,30,0.0458015267176,0.333333333333,0.029296875,0.000106884374816,0.0291545189504,0.437693138376,32
"SYNPCC7942_RS13165","Rrf2","yes","metal/redox stress (Fe-S)",9,2,1,2,0.0778267528784,2,0.0152671755725,0.333333333333,0.001953125,0.0778267528784,0.0019436345967,0.430324021381,33
"SYNPCC7942_RS10350","SfsA","no","",9,2,1,5,0.00824329370699,5,0.0152671755725,0.333333333333,0.0048828125,0.00824329370699,0.00485908649174,0.366585701604,34
"SYNPCC7942_RS06230","KaiC","no","",9,1,1,0,0.00125557525903,0,0.00763358778626,0.333333333333,0,0.00125557525903,0,0.342222496378,35
"SYNPCC7942_RS07720","SigF1","no","",9,1,1,0,0.0001607994594,0,0.00763358778626,0.333333333333,0,0.0001607994594,0,0.341127720579,36
"SYNPCC7942_RS11970","Crp","no","",9,1,1,0,9.71032643677e-05,0,0.00763358778626,0.333333333333,0,9.71032643677e-05,0,0.341064024384,37
"SYNPCC7942_RS03565","NrdR","yes","multi-stress (DNA damage/replication)",10,99,3,441,0.739092372801,456,0.75,1,0.6890625,0.739092372801,0.709175738725,3.88733061153,1
"SYNPCC7942_RS05640","DnaA","no","",10,132,3,103,1,105,1,1,0.1609375,1,0.163297045101,3.3242345451,2
"SYNPCC7942_RS09435","Rre1","yes","multi-stress",10,55,2,640,0.125722243329,643,0.416666666667,0.666666666667,1,0.125722243329,1,3.20905557666,3
"SYNPCC7942_RS11465","CyAbrB2","yes","nutrient stress (C/N)",10,84,3,344,0.171105890936,351,0.636363636364,1,0.5375,0.171105890936,0.545878693624,2.89084822092,4
"SYNPCC7942_RS09500","Rre28","yes","uncharacterized two-component stress",10,76,2,441,0.0599418804027,442,0.575757575758,0.666666666667,0.6890625,0.0599418804027,0.687402799378,2.67883142221,5
"SYNPCC7942_RS05070","Fur","yes","metal stress (Fe)",10,52,2,450,0.0385555892365,450,0.393939393939,0.666666666667,0.703125,0.0385555892365,0.699844479005,2.50213112885,6
"SYNPCC7942_RS07805","NtrC","yes","nutrient stress (N)",10,63,2,265,0.16818883371,274,0.477272727273,0.666666666667,0.4140625,0.16818883371,0.426127527216,2.15231825487,7
"SYNPCC7942_RS03260","NusG","no","",10,73,3,141,0.116664414406,141,0.55303030303,1,0.2203125,0.116664414406,0.219284603421,2.10929182086,8
"SYNPCC7942_RS05870","BolA","yes","multi-stress",10,55,3,153,0.163375670263,168,0.416666666667,1,0.2390625,0.163375670263,0.261275272162,2.08038010909,9
"SYNPCC7942_RS10040","RbcR","no","",10,18,2,387,0.0111628464538,387,0.136363636364,0.666666666667,0.6046875,0.0111628464538,0.601866251944,2.02074690143,10
"SYNPCC7942_RS07185","ManR","yes","metal stress (Mn)",10,39,2,311,0.00215414351921,311,0.295454545455,0.666666666667,0.4859375,0.00215414351921,0.48367029549,1.93388315113,11
"SYNPCC7942_RS04225","Zur","yes","metal stress (Zn)",10,36,2,252,0.00711223019684,253,0.272727272727,0.666666666667,0.39375,0.00711223019684,0.393468118196,1.73372428779,12
"SYNPCC7942_RS00480","RpaA","no","",10,45,3,0,0.153720263855,0,0.340909090909,1,0,0.153720263855,0,1.49462935476,13
"SYNPCC7942_RS03160","HrcA","yes","multi-stress (heat)",10,24,2,131,0.08281398482,136,0.181818181818,0.666666666667,0.2046875,0.08281398482,0.211508553655,1.34749488696,14
"SYNPCC7942_RS07435","RpaB","yes","multi-stress (light/redox)",10,43,2,97,0.0354339795183,107,0.325757575758,0.666666666667,0.1515625,0.0354339795183,0.166407465008,1.34582818695,15
"SYNPCC7942_RS10700","XylR","no","",10,30,2,134,0.0120485025459,138,0.227272727273,0.666666666667,0.209375,0.0120485025459,0.214618973561,1.32998187005,16
"SYNPCC7942_RS10260","NusA","no","",10,30,3,10,0.0309175107657,11,0.227272727273,1,0.015625,0.0309175107657,0.0171073094868,1.29092254753,17
"SYNPCC7942_RS03075","TetR","no","",10,19,2,60,0.0220554992008,60,0.143939393939,0.666666666667,0.09375,0.0220554992008,0.0933125972006,1.01972415701,18
"SYNPCC7942_RS08645","ChlR","yes","multi-stress (low O2)",10,40,2,0,0.0013521294291,0,0.30303030303,0.666666666667,0,0.0013521294291,0,0.971049099126,19
"SYNPCC7942_RS12560","NusB","no","",10,18,2,32,0.0383761971075,32,0.136363636364,0.666666666667,0.05,0.0383761971075,0.049766718507,0.941173218646,20
"SYNPCC7942_RS00645","NtcA","yes","nutrient stress (N)",10,17,2,44.5,0.00308861434662,45,0.128787878788,0.666666666667,0.06953125,0.00308861434662,0.0699844479005,0.938058857702,21
"SYNPCC7942_RS03325","SigA1","no","",10,29,2,0,0.00672246538235,0,0.219696969697,0.666666666667,0,0.00672246538235,0,0.893086101746,22
"SYNPCC7942_RS06365","NtcB","no","",10,6,2,6.5,0.147510963552,7,0.0454545454545,0.666666666667,0.01015625,0.147510963552,0.0108864696734,0.880674895347,23
"SYNPCC7942_RS00455","PlmA","no","",10,7,2,44,0.000469688799329,44,0.0530303030303,0.666666666667,0.06875,0.000469688799329,0.0684292379471,0.857345896444,24
"SYNPCC7942_RS05230","YebC","no","",10,6,2,27,0.0119409090019,27,0.0454545454545,0.666666666667,0.0421875,0.0119409090019,0.0419906687403,0.808240289864,25
"SYNPCC7942_RS06230","KaiC","no","",10,2,2,2,0.0590237592102,2,0.0151515151515,0.666666666667,0.003125,0.0590237592102,0.00311041990669,0.747077360935,26
"SYNPCC7942_RS08820","SufR","yes","metal stress (Fe-S)",10,10,2,0,0.00187812922532,0,0.0757575757576,0.666666666667,0,0.00187812922532,0,0.74430237165,27
"SYNPCC7942_RS09380","SigA5","no","",10,5,2,4,0.00202883540501,4,0.0378787878788,0.666666666667,0.00625,0.00202883540501,0.00622083981337,0.719045129764,28
"SYNPCC7942_RS03530","ArsR","yes","metal stress",10,2,2,1,0.000926804748272,2,0.0151515151515,0.666666666667,0.0015625,0.000926804748272,0.00311041990669,0.687417906473,29
"SYNPCC7942_RS07720","SigF1","no","",10,2,2,0,0.00186856176053,0,0.0151515151515,0.666666666667,0,0.00186856176053,0,0.683686743579,30
"SYNPCC7942_RS12535","NrrA","yes","nutrient stress (N)",10,3,1,4,0.0790685406897,4,0.0227272727273,0.333333333333,0.00625,0.0790685406897,0.00622083981337,0.447599986563,31
"SYNPCC7942_RS06700","CmpR","no","",10,4,1,6,0.0588020911394,6,0.030303030303,0.333333333333,0.009375,0.0588020911394,0.00933125972006,0.441144714495,32
"SYNPCC7942_RS13165","Rrf2","yes","metal/redox stress (Fe-S)",10,2,1,2,0.0785832452171,2,0.0151515151515,0.333333333333,0.003125,0.0785832452171,0.00311041990669,0.433303513608,33
"SYNPCC7942_RS03440","SigA3","no","",10,2,1,9,0.000169279588403,9,0.0151515151515,0.333333333333,0.0140625,0.000169279588403,0.0139968895801,0.376713517653,34
"SYNPCC7942_RS08885","SigA2","no","",10,4,1,3,0.000107575238019,3,0.030303030303,0.333333333333,0.0046875,0.000107575238019,0.00466562986003,0.373097068734,35
"SYNPCC7942_RS06745","PyrR","no","",10,5,1,0,8.50777597515e-06,0,0.0378787878788,0.333333333333,0,8.50777597515e-06,0,0.371220628988,36
"SYNPCC7942_RS10350","SfsA","no","",10,1,1,0,0.00646809275075,0,0.00757575757576,0.333333333333,0,0.00646809275075,0,0.34737718366,37
