"network","seed","regulator","out_degree"
"s7942",1,"SYNPCC7942_RS06230",2
"s7942",1,"SYNPCC7942_RS11050",13
"s7942",1,"SYNPCC7942_RS03260",45
"s7942",1,"SYNPCC7942_RS08580",8
"s7942",1,"SYNPCC7942_RS09760",44
"s7942",1,"SYNPCC7942_RS02830",96
"s7942",1,"SYNPCC7942_RS00560",14
"s7942",1,"SYNPCC7942_RS03075",113
"s7942",1,"SYNPCC7942_RS08885",88
"s7942",1,"SYNPCC7942_RS11970",20
"s7942",1,"SYNPCC7942_RS06365",6
"s7942",1,"SYNPCC7942_RS09380",95
"s7942",1,"SYNPCC7942_RS12560",132
"s7942",1,"SYNPCC7942_RS00645",157
"s7942",1,"SYNPCC7942_RS05195",2
"s7942",1,"SYNPCC7942_RS00480",20
"s7942",1,"SYNPCC7942_RS07435",267
"s7942",1,"SYNPCC7942_RS12275",32
"s7942",1,"SYNPCC7942_RS09065",53
"s7942",1,"SYNPCC7942_RS02895",50
"s7942",1,"SYNPCC7942_RS08850",15
"s7942",1,"SYNPCC7942_RS03465",125
"s7942",1,"SYNPCC7942_RS03160",381
"s7942",1,"SYNPCC7942_RS10340",25
"s7942",1,"SYNPCC7942_RS06700",11
"s7942",1,"SYNPCC7942_RS09740",174
"s7942",1,"SYNPCC7942_RS08645",13
"s7942",1,"SYNPCC7942_RS00455",199
"s7942",1,"SYNPCC7942_RS03325",62
"s7942",1,"SYNPCC7942_RS03955",42
"s7942",1,"SYNPCC7942_RS09160",41
"s7942",1,"SYNPCC7942_RS03960",7
"s7942",1,"SYNPCC7942_RS10700",252
"s7942",1,"SYNPCC7942_RS10170",24
"s7942",1,"SYNPCC7942_RS09500",27
"s7942",1,"SYNPCC7942_RS13165",33
"s7942",1,"SYNPCC7942_RS12535",12
"s7942",1,"SYNPCC7942_RS09620",41
"s7942",1,"SYNPCC7942_RS10260",6
"s7942",1,"SYNPCC7942_RS09935",9
"s7942",1,"SYNPCC7942_RS07185",135
"s7942",1,"SYNPCC7942_RS05870",141
"s7942",1,"SYNPCC7942_RS07720",8
"s7942",1,"SYNPCC7942_RS08405",25
"s7942",1,"SYNPCC7942_RS03440",33
"s7942",1,"SYNPCC7942_RS11465",32
"s7942",1,"SYNPCC7942_RS09435",38
"s7942",1,"SYNPCC7942_RS12285",14
"s7942",1,"SYNPCC7942_RS04225",12
"s7942",1,"SYNPCC7942_RS07805",18
"s7942",1,"SYNPCC7942_RS00765",27
"s7942",1,"SYNPCC7942_RS06370",42
"s7942",1,"SYNPCC7942_RS13695",7
"s7942",1,"SYNPCC7942_RS08820",16
"s7942",1,"SYNPCC7942_RS00380",46
"s7942",1,"SYNPCC7942_RS05640",22
"s7942",1,"SYNPCC7942_RS07940",7
"s7942",1,"SYNPCC7942_RS09990",2
"s7942",1,"SYNPCC7942_RS03530",15
"s7942",1,"SYNPCC7942_RS05070",21
"s7942",1,"SYNPCC7942_RS10040",16
"s7942",1,"SYNPCC7942_RS08780",16
"s7942",1,"SYNPCC7942_RS10350",17
"s7942",1,"SYNPCC7942_RS04835",3
"s7942",1,"SYNPCC7942_RS10165",15
"s7942",1,"SYNPCC7942_RS05230",7
"s7942",1,"SYNPCC7942_RS11030",6
"s7942",1,"SYNPCC7942_RS11715",3
"s7942",2,"SYNPCC7942_RS11050",13
"s7942",2,"SYNPCC7942_RS06230",2
"s7942",2,"SYNPCC7942_RS03260",45
"s7942",2,"SYNPCC7942_RS09760",42
"s7942",2,"SYNPCC7942_RS08580",6
"s7942",2,"SYNPCC7942_RS02830",94
"s7942",2,"SYNPCC7942_RS03075",113
"s7942",2,"SYNPCC7942_RS00560",14
"s7942",2,"SYNPCC7942_RS08885",83
"s7942",2,"SYNPCC7942_RS11970",22
"s7942",2,"SYNPCC7942_RS12560",130
"s7942",2,"SYNPCC7942_RS09380",92
"s7942",2,"SYNPCC7942_RS00645",164
"s7942",2,"SYNPCC7942_RS06365",8
"s7942",2,"SYNPCC7942_RS00480",20
"s7942",2,"SYNPCC7942_RS12275",32
"s7942",2,"SYNPCC7942_RS02895",57
"s7942",2,"SYNPCC7942_RS07435",263
"s7942",2,"SYNPCC7942_RS10340",24
"s7942",2,"SYNPCC7942_RS09065",54
"s7942",2,"SYNPCC7942_RS05195",5
"s7942",2,"SYNPCC7942_RS06700",12
"s7942",2,"SYNPCC7942_RS03160",375
"s7942",2,"SYNPCC7942_RS03465",121
"s7942",2,"SYNPCC7942_RS00455",202
"s7942",2,"SYNPCC7942_RS10260",6
"s7942",2,"SYNPCC7942_RS08850",14
"s7942",2,"SYNPCC7942_RS09500",26
"s7942",2,"SYNPCC7942_RS03955",41
"s7942",2,"SYNPCC7942_RS03960",9
"s7942",2,"SYNPCC7942_RS09740",171
"s7942",2,"SYNPCC7942_RS10700",248
"s7942",2,"SYNPCC7942_RS07185",128
"s7942",2,"SYNPCC7942_RS03325",62
"s7942",2,"SYNPCC7942_RS12535",12
"s7942",2,"SYNPCC7942_RS05870",142
"s7942",2,"SYNPCC7942_RS09160",53
"s7942",2,"SYNPCC7942_RS09935",11
"s7942",2,"SYNPCC7942_RS10170",24
"s7942",2,"SYNPCC7942_RS07805",19
"s7942",2,"SYNPCC7942_RS07720",7
"s7942",2,"SYNPCC7942_RS09620",45
"s7942",2,"SYNPCC7942_RS03440",32
"s7942",2,"SYNPCC7942_RS08405",24
"s7942",2,"SYNPCC7942_RS05640",22
"s7942",2,"SYNPCC7942_RS12285",14
"s7942",2,"SYNPCC7942_RS08645",16
"s7942",2,"SYNPCC7942_RS13165",37
"s7942",2,"SYNPCC7942_RS00765",25
"s7942",2,"SYNPCC7942_RS04225",17
"s7942",2,"SYNPCC7942_RS11465",33
"s7942",2,"SYNPCC7942_RS07940",8
"s7942",2,"SYNPCC7942_RS06370",43
"s7942",2,"SYNPCC7942_RS08820",14
"s7942",2,"SYNPCC7942_RS09435",31
"s7942",2,"SYNPCC7942_RS05070",20
"s7942",2,"SYNPCC7942_RS13695",6
"s7942",2,"SYNPCC7942_RS00380",46
"s7942",2,"SYNPCC7942_RS09990",3
"s7942",2,"SYNPCC7942_RS10350",17
"s7942",2,"SYNPCC7942_RS03530",20
"s7942",2,"SYNPCC7942_RS04835",3
"s7942",2,"SYNPCC7942_RS10040",15
"s7942",2,"SYNPCC7942_RS08780",14
"s7942",2,"SYNPCC7942_RS05230",8
"s7942",2,"SYNPCC7942_RS10165",14
"s7942",2,"SYNPCC7942_RS11030",5
"s7942",2,"SYNPCC7942_RS11715",2
"s7942",3,"SYNPCC7942_RS11050",13
"s7942",3,"SYNPCC7942_RS06230",3
"s7942",3,"SYNPCC7942_RS03260",44
"s7942",3,"SYNPCC7942_RS09760",42
"s7942",3,"SYNPCC7942_RS08580",7
"s7942",3,"SYNPCC7942_RS02830",97
"s7942",3,"SYNPCC7942_RS03075",115
"s7942",3,"SYNPCC7942_RS09380",93
"s7942",3,"SYNPCC7942_RS00560",12
"s7942",3,"SYNPCC7942_RS11970",23
"s7942",3,"SYNPCC7942_RS12560",126
"s7942",3,"SYNPCC7942_RS08885",88
"s7942",3,"SYNPCC7942_RS06365",5
"s7942",3,"SYNPCC7942_RS00645",163
"s7942",3,"SYNPCC7942_RS00480",20
"s7942",3,"SYNPCC7942_RS12275",32
"s7942",3,"SYNPCC7942_RS02895",56
"s7942",3,"SYNPCC7942_RS05195",4
"s7942",3,"SYNPCC7942_RS10340",25
"s7942",3,"SYNPCC7942_RS07435",270
"s7942",3,"SYNPCC7942_RS09065",53
"s7942",3,"SYNPCC7942_RS09740",176
"s7942",3,"SYNPCC7942_RS03955",38
"s7942",3,"SYNPCC7942_RS03960",8
"s7942",3,"SYNPCC7942_RS03465",126
"s7942",3,"SYNPCC7942_RS00455",200
"s7942",3,"SYNPCC7942_RS08850",15
"s7942",3,"SYNPCC7942_RS10700",246
"s7942",3,"SYNPCC7942_RS06700",12
"s7942",3,"SYNPCC7942_RS07185",137
"s7942",3,"SYNPCC7942_RS03160",380
"s7942",3,"SYNPCC7942_RS09500",25
"s7942",3,"SYNPCC7942_RS09160",45
"s7942",3,"SYNPCC7942_RS03325",57
"s7942",3,"SYNPCC7942_RS10260",5
"s7942",3,"SYNPCC7942_RS10170",23
"s7942",3,"SYNPCC7942_RS08405",26
"s7942",3,"SYNPCC7942_RS12535",10
"s7942",3,"SYNPCC7942_RS09620",44
"s7942",3,"SYNPCC7942_RS05870",142
"s7942",3,"SYNPCC7942_RS13165",32
"s7942",3,"SYNPCC7942_RS07805",19
"s7942",3,"SYNPCC7942_RS03440",36
"s7942",3,"SYNPCC7942_RS08645",14
"s7942",3,"SYNPCC7942_RS12285",13
"s7942",3,"SYNPCC7942_RS07720",7
"s7942",3,"SYNPCC7942_RS00765",25
"s7942",3,"SYNPCC7942_RS05640",20
"s7942",3,"SYNPCC7942_RS09935",11
"s7942",3,"SYNPCC7942_RS08820",13
"s7942",3,"SYNPCC7942_RS09435",36
"s7942",3,"SYNPCC7942_RS04225",17
"s7942",3,"SYNPCC7942_RS13695",4
"s7942",3,"SYNPCC7942_RS11465",34
"s7942",3,"SYNPCC7942_RS06370",44
"s7942",3,"SYNPCC7942_RS08780",14
"s7942",3,"SYNPCC7942_RS07940",9
"s7942",3,"SYNPCC7942_RS05070",21
"s7942",3,"SYNPCC7942_RS05230",8
"s7942",3,"SYNPCC7942_RS03530",18
"s7942",3,"SYNPCC7942_RS10350",21
"s7942",3,"SYNPCC7942_RS04835",3
"s7942",3,"SYNPCC7942_RS10040",14
"s7942",3,"SYNPCC7942_RS09990",2
"s7942",3,"SYNPCC7942_RS00380",39
"s7942",3,"SYNPCC7942_RS10165",10
"s7942",3,"SYNPCC7942_RS11030",5
"s7942",3,"SYNPCC7942_RS11715",5
"s7942",4,"SYNPCC7942_RS06230",2
"s7942",4,"SYNPCC7942_RS11050",13
"s7942",4,"SYNPCC7942_RS03260",47
"s7942",4,"SYNPCC7942_RS09760",41
"s7942",4,"SYNPCC7942_RS08580",8
"s7942",4,"SYNPCC7942_RS02830",99
"s7942",4,"SYNPCC7942_RS00560",16
"s7942",4,"SYNPCC7942_RS03075",113
"s7942",4,"SYNPCC7942_RS09380",93
"s7942",4,"SYNPCC7942_RS08885",88
"s7942",4,"SYNPCC7942_RS06365",7
"s7942",4,"SYNPCC7942_RS12560",129
"s7942",4,"SYNPCC7942_RS11970",20
"s7942",4,"SYNPCC7942_RS00645",164
"s7942",4,"SYNPCC7942_RS07435",263
"s7942",4,"SYNPCC7942_RS05195",4
"s7942",4,"SYNPCC7942_RS03960",8
"s7942",4,"SYNPCC7942_RS10340",26
"s7942",4,"SYNPCC7942_RS12275",32
"s7942",4,"SYNPCC7942_RS00480",20
"s7942",4,"SYNPCC7942_RS02895",56
"s7942",4,"SYNPCC7942_RS09065",52
"s7942",4,"SYNPCC7942_RS03465",119
"s7942",4,"SYNPCC7942_RS09740",170
"s7942",4,"SYNPCC7942_RS03160",373
"s7942",4,"SYNPCC7942_RS00455",208
"s7942",4,"SYNPCC7942_RS08850",12
"s7942",4,"SYNPCC7942_RS10700",258
"s7942",4,"SYNPCC7942_RS03955",39
"s7942",4,"SYNPCC7942_RS06700",11
"s7942",4,"SYNPCC7942_RS05870",144
"s7942",4,"SYNPCC7942_RS09500",26
"s7942",4,"SYNPCC7942_RS03325",66
"s7942",4,"SYNPCC7942_RS10170",24
"s7942",4,"SYNPCC7942_RS08405",24
"s7942",4,"SYNPCC7942_RS12535",12
"s7942",4,"SYNPCC7942_RS08645",17
"s7942",4,"SYNPCC7942_RS09620",45
"s7942",4,"SYNPCC7942_RS09160",47
"s7942",4,"SYNPCC7942_RS07805",18
"s7942",4,"SYNPCC7942_RS10260",5
"s7942",4,"SYNPCC7942_RS03440",33
"s7942",4,"SYNPCC7942_RS13165",36
"s7942",4,"SYNPCC7942_RS09935",9
"s7942",4,"SYNPCC7942_RS08820",11
"s7942",4,"SYNPCC7942_RS04225",17
"s7942",4,"SYNPCC7942_RS07185",135
"s7942",4,"SYNPCC7942_RS00765",24
"s7942",4,"SYNPCC7942_RS07720",8
"s7942",4,"SYNPCC7942_RS12285",13
"s7942",4,"SYNPCC7942_RS05640",20
"s7942",4,"SYNPCC7942_RS04835",3
"s7942",4,"SYNPCC7942_RS00380",52
"s7942",4,"SYNPCC7942_RS11465",28
"s7942",4,"SYNPCC7942_RS10350",19
"s7942",4,"SYNPCC7942_RS09435",34
"s7942",4,"SYNPCC7942_RS07940",6
"s7942",4,"SYNPCC7942_RS13695",4
"s7942",4,"SYNPCC7942_RS06370",42
"s7942",4,"SYNPCC7942_RS10165",10
"s7942",4,"SYNPCC7942_RS08780",13
"s7942",4,"SYNPCC7942_RS03530",15
"s7942",4,"SYNPCC7942_RS05070",20
"s7942",4,"SYNPCC7942_RS09990",2
"s7942",4,"SYNPCC7942_RS10040",12
"s7942",4,"SYNPCC7942_RS11030",5
"s7942",4,"SYNPCC7942_RS05230",8
"s7942",4,"SYNPCC7942_RS11715",2
"s7942",5,"SYNPCC7942_RS11050",13
"s7942",5,"SYNPCC7942_RS06230",2
"s7942",5,"SYNPCC7942_RS03260",48
"s7942",5,"SYNPCC7942_RS09760",42
"s7942",5,"SYNPCC7942_RS08580",7
"s7942",5,"SYNPCC7942_RS03075",111
"s7942",5,"SYNPCC7942_RS02830",94
"s7942",5,"SYNPCC7942_RS08885",88
"s7942",5,"SYNPCC7942_RS09380",93
"s7942",5,"SYNPCC7942_RS00560",14
"s7942",5,"SYNPCC7942_RS11970",24
"s7942",5,"SYNPCC7942_RS12560",127
"s7942",5,"SYNPCC7942_RS00645",168
"s7942",5,"SYNPCC7942_RS06365",7
"s7942",5,"SYNPCC7942_RS02895",57
"s7942",5,"SYNPCC7942_RS07435",269
"s7942",5,"SYNPCC7942_RS12275",33
"s7942",5,"SYNPCC7942_RS05195",3
"s7942",5,"SYNPCC7942_RS09065",51
"s7942",5,"SYNPCC7942_RS00480",16
"s7942",5,"SYNPCC7942_RS03465",115
"s7942",5,"SYNPCC7942_RS06700",12
"s7942",5,"SYNPCC7942_RS00455",199
"s7942",5,"SYNPCC7942_RS10340",27
"s7942",5,"SYNPCC7942_RS08850",14
"s7942",5,"SYNPCC7942_RS08405",22
"s7942",5,"SYNPCC7942_RS03160",376
"s7942",5,"SYNPCC7942_RS09740",179
"s7942",5,"SYNPCC7942_RS03960",10
"s7942",5,"SYNPCC7942_RS10700",245
"s7942",5,"SYNPCC7942_RS07185",138
"s7942",5,"SYNPCC7942_RS03955",42
"s7942",5,"SYNPCC7942_RS10260",5
"s7942",5,"SYNPCC7942_RS09935",8
"s7942",5,"SYNPCC7942_RS10170",24
"s7942",5,"SYNPCC7942_RS05870",143
"s7942",5,"SYNPCC7942_RS09160",49
"s7942",5,"SYNPCC7942_RS08645",19
"s7942",5,"SYNPCC7942_RS09500",26
"s7942",5,"SYNPCC7942_RS09620",46
"s7942",5,"SYNPCC7942_RS03440",39
"s7942",5,"SYNPCC7942_RS13165",37
"s7942",5,"SYNPCC7942_RS07720",8
"s7942",5,"SYNPCC7942_RS08820",14
"s7942",5,"SYNPCC7942_RS03325",60
"s7942",5,"SYNPCC7942_RS12535",13
"s7942",5,"SYNPCC7942_RS07805",20
"s7942",5,"SYNPCC7942_RS00765",27
"s7942",5,"SYNPCC7942_RS12285",10
"s7942",5,"SYNPCC7942_RS04225",16
"s7942",5,"SYNPCC7942_RS05640",18
"s7942",5,"SYNPCC7942_RS07940",7
"s7942",5,"SYNPCC7942_RS09435",31
"s7942",5,"SYNPCC7942_RS09990",2
"s7942",5,"SYNPCC7942_RS00380",42
"s7942",5,"SYNPCC7942_RS06370",39
"s7942",5,"SYNPCC7942_RS11465",31
"s7942",5,"SYNPCC7942_RS04835",3
"s7942",5,"SYNPCC7942_RS13695",4
"s7942",5,"SYNPCC7942_RS05070",20
"s7942",5,"SYNPCC7942_RS08780",16
"s7942",5,"SYNPCC7942_RS03530",19
"s7942",5,"SYNPCC7942_RS10350",21
"s7942",5,"SYNPCC7942_RS10040",16
"s7942",5,"SYNPCC7942_RS10165",9
"s7942",5,"SYNPCC7942_RS11030",5
"s7942",5,"SYNPCC7942_RS05230",4
"s7942",5,"SYNPCC7942_RS11715",3
"s7942",6,"SYNPCC7942_RS11050",13
"s7942",6,"SYNPCC7942_RS06230",2
"s7942",6,"SYNPCC7942_RS09760",40
"s7942",6,"SYNPCC7942_RS03260",45
"s7942",6,"SYNPCC7942_RS08580",6
"s7942",6,"SYNPCC7942_RS02830",97
"s7942",6,"SYNPCC7942_RS09380",93
"s7942",6,"SYNPCC7942_RS00560",16
"s7942",6,"SYNPCC7942_RS08885",87
"s7942",6,"SYNPCC7942_RS00645",164
"s7942",6,"SYNPCC7942_RS03075",112
"s7942",6,"SYNPCC7942_RS11970",22
"s7942",6,"SYNPCC7942_RS05195",3
"s7942",6,"SYNPCC7942_RS12560",126
"s7942",6,"SYNPCC7942_RS06365",6
"s7942",6,"SYNPCC7942_RS00480",18
"s7942",6,"SYNPCC7942_RS02895",55
"s7942",6,"SYNPCC7942_RS03960",9
"s7942",6,"SYNPCC7942_RS12275",33
"s7942",6,"SYNPCC7942_RS07435",267
"s7942",6,"SYNPCC7942_RS06700",10
"s7942",6,"SYNPCC7942_RS10340",26
"s7942",6,"SYNPCC7942_RS09065",54
"s7942",6,"SYNPCC7942_RS00455",200
"s7942",6,"SYNPCC7942_RS03160",375
"s7942",6,"SYNPCC7942_RS08850",14
"s7942",6,"SYNPCC7942_RS03465",124
"s7942",6,"SYNPCC7942_RS03955",43
"s7942",6,"SYNPCC7942_RS09160",48
"s7942",6,"SYNPCC7942_RS10170",24
"s7942",6,"SYNPCC7942_RS10260",5
"s7942",6,"SYNPCC7942_RS03325",63
"s7942",6,"SYNPCC7942_RS09740",170
"s7942",6,"SYNPCC7942_RS05870",143
"s7942",6,"SYNPCC7942_RS08405",28
"s7942",6,"SYNPCC7942_RS09500",25
"s7942",6,"SYNPCC7942_RS07185",136
"s7942",6,"SYNPCC7942_RS10700",252
"s7942",6,"SYNPCC7942_RS07720",8
"s7942",6,"SYNPCC7942_RS13165",32
"s7942",6,"SYNPCC7942_RS08820",15
"s7942",6,"SYNPCC7942_RS08645",19
"s7942",6,"SYNPCC7942_RS12535",11
"s7942",6,"SYNPCC7942_RS09620",40
"s7942",6,"SYNPCC7942_RS07805",19
"s7942",6,"SYNPCC7942_RS03440",30
"s7942",6,"SYNPCC7942_RS11465",29
"s7942",6,"SYNPCC7942_RS04225",18
"s7942",6,"SYNPCC7942_RS00765",21
"s7942",6,"SYNPCC7942_RS09935",11
"s7942",6,"SYNPCC7942_RS12285",14
"s7942",6,"SYNPCC7942_RS05640",17
"s7942",6,"SYNPCC7942_RS06370",47
"s7942",6,"SYNPCC7942_RS04835",3
"s7942",6,"SYNPCC7942_RS08780",16
"s7942",6,"SYNPCC7942_RS10165",14
"s7942",6,"SYNPCC7942_RS10040",13
"s7942",6,"SYNPCC7942_RS03530",17
"s7942",6,"SYNPCC7942_RS05070",20
"s7942",6,"SYNPCC7942_RS00380",44
"s7942",6,"SYNPCC7942_RS09435",42
"s7942",6,"SYNPCC7942_RS10350",20
"s7942",6,"SYNPCC7942_RS07940",7
"s7942",6,"SYNPCC7942_RS13695",4
"s7942",6,"SYNPCC7942_RS09990",2
"s7942",6,"SYNPCC7942_RS05230",6
"s7942",6,"SYNPCC7942_RS11030",5
"s7942",6,"SYNPCC7942_RS11715",2
"s7942",7,"SYNPCC7942_RS06230",1
"s7942",7,"SYNPCC7942_RS11050",13
"s7942",7,"SYNPCC7942_RS08580",8
"s7942",7,"SYNPCC7942_RS03260",44
"s7942",7,"SYNPCC7942_RS09760",41
"s7942",7,"SYNPCC7942_RS02830",92
"s7942",7,"SYNPCC7942_RS09380",95
"s7942",7,"SYNPCC7942_RS03075",112
"s7942",7,"SYNPCC7942_RS00560",16
"s7942",7,"SYNPCC7942_RS12560",123
"s7942",7,"SYNPCC7942_RS11970",22
"s7942",7,"SYNPCC7942_RS08885",86
"s7942",7,"SYNPCC7942_RS06365",5
"s7942",7,"SYNPCC7942_RS00480",19
"s7942",7,"SYNPCC7942_RS07435",265
"s7942",7,"SYNPCC7942_RS09065",57
"s7942",7,"SYNPCC7942_RS00645",174
"s7942",7,"SYNPCC7942_RS10340",27
"s7942",7,"SYNPCC7942_RS03465",124
"s7942",7,"SYNPCC7942_RS02895",55
"s7942",7,"SYNPCC7942_RS12275",33
"s7942",7,"SYNPCC7942_RS05195",2
"s7942",7,"SYNPCC7942_RS08850",14
"s7942",7,"SYNPCC7942_RS03160",366
"s7942",7,"SYNPCC7942_RS00455",200
"s7942",7,"SYNPCC7942_RS08405",24
"s7942",7,"SYNPCC7942_RS06700",12
"s7942",7,"SYNPCC7942_RS03960",9
"s7942",7,"SYNPCC7942_RS10700",251
"s7942",7,"SYNPCC7942_RS09740",177
"s7942",7,"SYNPCC7942_RS05870",142
"s7942",7,"SYNPCC7942_RS10170",24
"s7942",7,"SYNPCC7942_RS09500",26
"s7942",7,"SYNPCC7942_RS03955",41
"s7942",7,"SYNPCC7942_RS09160",49
"s7942",7,"SYNPCC7942_RS10260",5
"s7942",7,"SYNPCC7942_RS13165",35
"s7942",7,"SYNPCC7942_RS09620",44
"s7942",7,"SYNPCC7942_RS12535",11
"s7942",7,"SYNPCC7942_RS03325",58
"s7942",7,"SYNPCC7942_RS07185",140
"s7942",7,"SYNPCC7942_RS03440",32
"s7942",7,"SYNPCC7942_RS07720",8
"s7942",7,"SYNPCC7942_RS12285",14
"s7942",7,"SYNPCC7942_RS07805",19
"s7942",7,"SYNPCC7942_RS09935",11
"s7942",7,"SYNPCC7942_RS08645",12
"s7942",7,"SYNPCC7942_RS11465",29
"s7942",7,"SYNPCC7942_RS00765",27
"s7942",7,"SYNPCC7942_RS13695",5
"s7942",7,"SYNPCC7942_RS04225",18
"s7942",7,"SYNPCC7942_RS08820",11
"s7942",7,"SYNPCC7942_RS06370",42
"s7942",7,"SYNPCC7942_RS05640",24
"s7942",7,"SYNPCC7942_RS09435",36
"s7942",7,"SYNPCC7942_RS03530",18
"s7942",7,"SYNPCC7942_RS07940",8
"s7942",7,"SYNPCC7942_RS04835",3
"s7942",7,"SYNPCC7942_RS08780",16
"s7942",7,"SYNPCC7942_RS09990",2
"s7942",7,"SYNPCC7942_RS05070",20
"s7942",7,"SYNPCC7942_RS00380",46
"s7942",7,"SYNPCC7942_RS10165",10
"s7942",7,"SYNPCC7942_RS10040",16
"s7942",7,"SYNPCC7942_RS10350",17
"s7942",7,"SYNPCC7942_RS11030",5
"s7942",7,"SYNPCC7942_RS05230",7
"s7942",7,"SYNPCC7942_RS11715",2
"s7942",8,"SYNPCC7942_RS06230",1
"s7942",8,"SYNPCC7942_RS11050",13
"s7942",8,"SYNPCC7942_RS03260",48
"s7942",8,"SYNPCC7942_RS09760",44
"s7942",8,"SYNPCC7942_RS08580",7
"s7942",8,"SYNPCC7942_RS00560",15
"s7942",8,"SYNPCC7942_RS02830",97
"s7942",8,"SYNPCC7942_RS03075",112
"s7942",8,"SYNPCC7942_RS09380",94
"s7942",8,"SYNPCC7942_RS08885",90
"s7942",8,"SYNPCC7942_RS11970",23
"s7942",8,"SYNPCC7942_RS00645",159
"s7942",8,"SYNPCC7942_RS06365",7
"s7942",8,"SYNPCC7942_RS12560",124
"s7942",8,"SYNPCC7942_RS10340",26
"s7942",8,"SYNPCC7942_RS02895",54
"s7942",8,"SYNPCC7942_RS12275",33
"s7942",8,"SYNPCC7942_RS09065",50
"s7942",8,"SYNPCC7942_RS00480",19
"s7942",8,"SYNPCC7942_RS03960",7
"s7942",8,"SYNPCC7942_RS07435",271
"s7942",8,"SYNPCC7942_RS03465",119
"s7942",8,"SYNPCC7942_RS05195",2
"s7942",8,"SYNPCC7942_RS00455",201
"s7942",8,"SYNPCC7942_RS08850",12
"s7942",8,"SYNPCC7942_RS05870",146
"s7942",8,"SYNPCC7942_RS03160",373
"s7942",8,"SYNPCC7942_RS09500",27
"s7942",8,"SYNPCC7942_RS03440",36
"s7942",8,"SYNPCC7942_RS06700",13
"s7942",8,"SYNPCC7942_RS09160",51
"s7942",8,"SYNPCC7942_RS09740",175
"s7942",8,"SYNPCC7942_RS10170",24
"s7942",8,"SYNPCC7942_RS03955",44
"s7942",8,"SYNPCC7942_RS08645",17
"s7942",8,"SYNPCC7942_RS10260",5
"s7942",8,"SYNPCC7942_RS10700",243
"s7942",8,"SYNPCC7942_RS07720",7
"s7942",8,"SYNPCC7942_RS13165",34
"s7942",8,"SYNPCC7942_RS03325",54
"s7942",8,"SYNPCC7942_RS04225",13
"s7942",8,"SYNPCC7942_RS08405",24
"s7942",8,"SYNPCC7942_RS07185",133
"s7942",8,"SYNPCC7942_RS07805",19
"s7942",8,"SYNPCC7942_RS12535",10
"s7942",8,"SYNPCC7942_RS05640",24
"s7942",8,"SYNPCC7942_RS09935",12
"s7942",8,"SYNPCC7942_RS09620",46
"s7942",8,"SYNPCC7942_RS08820",17
"s7942",8,"SYNPCC7942_RS12285",14
"s7942",8,"SYNPCC7942_RS07940",8
"s7942",8,"SYNPCC7942_RS06370",47
"s7942",8,"SYNPCC7942_RS03530",14
"s7942",8,"SYNPCC7942_RS08780",15
"s7942",8,"SYNPCC7942_RS09435",36
"s7942",8,"SYNPCC7942_RS00765",26
"s7942",8,"SYNPCC7942_RS13695",4
"s7942",8,"SYNPCC7942_RS05070",21
"s7942",8,"SYNPCC7942_RS04835",3
"s7942",8,"SYNPCC7942_RS11465",29
"s7942",8,"SYNPCC7942_RS09990",2
"s7942",8,"SYNPCC7942_RS10165",10
"s7942",8,"SYNPCC7942_RS00380",47
"s7942",8,"SYNPCC7942_RS10350",21
"s7942",8,"SYNPCC7942_RS10040",14
"s7942",8,"SYNPCC7942_RS05230",6
"s7942",8,"SYNPCC7942_RS11030",5
"s7942",8,"SYNPCC7942_RS11715",3
"s7942",9,"SYNPCC7942_RS11050",13
"s7942",9,"SYNPCC7942_RS06230",2
"s7942",9,"SYNPCC7942_RS03260",46
"s7942",9,"SYNPCC7942_RS09760",44
"s7942",9,"SYNPCC7942_RS08580",7
"s7942",9,"SYNPCC7942_RS03075",114
"s7942",9,"SYNPCC7942_RS02830",94
"s7942",9,"SYNPCC7942_RS00560",15
"s7942",9,"SYNPCC7942_RS08885",89
"s7942",9,"SYNPCC7942_RS09380",93
"s7942",9,"SYNPCC7942_RS12560",127
"s7942",9,"SYNPCC7942_RS00645",164
"s7942",9,"SYNPCC7942_RS11970",23
"s7942",9,"SYNPCC7942_RS06365",8
"s7942",9,"SYNPCC7942_RS10340",26
"s7942",9,"SYNPCC7942_RS05195",2
"s7942",9,"SYNPCC7942_RS00480",19
"s7942",9,"SYNPCC7942_RS07435",261
"s7942",9,"SYNPCC7942_RS12275",35
"s7942",9,"SYNPCC7942_RS09065",54
"s7942",9,"SYNPCC7942_RS02895",57
"s7942",9,"SYNPCC7942_RS03160",381
"s7942",9,"SYNPCC7942_RS03465",118
"s7942",9,"SYNPCC7942_RS03955",40
"s7942",9,"SYNPCC7942_RS10700",246
"s7942",9,"SYNPCC7942_RS06700",11
"s7942",9,"SYNPCC7942_RS00455",195
"s7942",9,"SYNPCC7942_RS08850",15
"s7942",9,"SYNPCC7942_RS03440",37
"s7942",9,"SYNPCC7942_RS03960",8
"s7942",9,"SYNPCC7942_RS09160",49
"s7942",9,"SYNPCC7942_RS03325",57
"s7942",9,"SYNPCC7942_RS09740",172
"s7942",9,"SYNPCC7942_RS08405",25
"s7942",9,"SYNPCC7942_RS10260",5
"s7942",9,"SYNPCC7942_RS08645",16
"s7942",9,"SYNPCC7942_RS12535",13
"s7942",9,"SYNPCC7942_RS09620",43
"s7942",9,"SYNPCC7942_RS09935",10
"s7942",9,"SYNPCC7942_RS05870",141
"s7942",9,"SYNPCC7942_RS09500",27
"s7942",9,"SYNPCC7942_RS10170",25
"s7942",9,"SYNPCC7942_RS07720",6
"s7942",9,"SYNPCC7942_RS07185",135
"s7942",9,"SYNPCC7942_RS13165",33
"s7942",9,"SYNPCC7942_RS07805",20
"s7942",9,"SYNPCC7942_RS09435",39
"s7942",9,"SYNPCC7942_RS00765",27
"s7942",9,"SYNPCC7942_RS11465",31
"s7942",9,"SYNPCC7942_RS06370",44
"s7942",9,"SYNPCC7942_RS08820",13
"s7942",9,"SYNPCC7942_RS13695",4
"s7942",9,"SYNPCC7942_RS12285",13
"s7942",9,"SYNPCC7942_RS04225",15
"s7942",9,"SYNPCC7942_RS05640",21
"s7942",9,"SYNPCC7942_RS05070",21
"s7942",9,"SYNPCC7942_RS07940",8
"s7942",9,"SYNPCC7942_RS03530",17
"s7942",9,"SYNPCC7942_RS00380",43
"s7942",9,"SYNPCC7942_RS04835",3
"s7942",9,"SYNPCC7942_RS08780",17
"s7942",9,"SYNPCC7942_RS09990",2
"s7942",9,"SYNPCC7942_RS10350",17
"s7942",9,"SYNPCC7942_RS10040",17
"s7942",9,"SYNPCC7942_RS10165",14
"s7942",9,"SYNPCC7942_RS05230",6
"s7942",9,"SYNPCC7942_RS11030",5
"s7942",9,"SYNPCC7942_RS11715",2
"s7942",10,"SYNPCC7942_RS06230",1
"s7942",10,"SYNPCC7942_RS11050",13
"s7942",10,"SYNPCC7942_RS03260",46
"s7942",10,"SYNPCC7942_RS09760",43
"s7942",10,"SYNPCC7942_RS08580",7
"s7942",10,"SYNPCC7942_RS02830",93
"s7942",10,"SYNPCC7942_RS08885",87
"s7942",10,"SYNPCC7942_RS00560",14
"s7942",10,"SYNPCC7942_RS03075",113
"s7942",10,"SYNPCC7942_RS11970",21
"s7942",10,"SYNPCC7942_RS12560",127
"s7942",10,"SYNPCC7942_RS09380",95
"s7942",10,"SYNPCC7942_RS06365",5
"s7942",10,"SYNPCC7942_RS00645",168
"s7942",10,"SYNPCC7942_RS05195",3
"s7942",10,"SYNPCC7942_RS09065",53
"s7942",10,"SYNPCC7942_RS02895",56
"s7942",10,"SYNPCC7942_RS00480",20
"s7942",10,"SYNPCC7942_RS10340",25
"s7942",10,"SYNPCC7942_RS06700",12
"s7942",10,"SYNPCC7942_RS07435",266
"s7942",10,"SYNPCC7942_RS00455",203
"s7942",10,"SYNPCC7942_RS03160",364
"s7942",10,"SYNPCC7942_RS03465",117
"s7942",10,"SYNPCC7942_RS08850",14
"s7942",10,"SYNPCC7942_RS03960",9
"s7942",10,"SYNPCC7942_RS05870",156
"s7942",10,"SYNPCC7942_RS09160",49
"s7942",10,"SYNPCC7942_RS12275",36
"s7942",10,"SYNPCC7942_RS03955",43
"s7942",10,"SYNPCC7942_RS10700",243
"s7942",10,"SYNPCC7942_RS10170",23
"s7942",10,"SYNPCC7942_RS07185",143
"s7942",10,"SYNPCC7942_RS10260",5
"s7942",10,"SYNPCC7942_RS12535",13
"s7942",10,"SYNPCC7942_RS03440",37
"s7942",10,"SYNPCC7942_RS09500",26
"s7942",10,"SYNPCC7942_RS09740",170
"s7942",10,"SYNPCC7942_RS08405",25
"s7942",10,"SYNPCC7942_RS03325",58
"s7942",10,"SYNPCC7942_RS07805",19
"s7942",10,"SYNPCC7942_RS13165",34
"s7942",10,"SYNPCC7942_RS09620",42
"s7942",10,"SYNPCC7942_RS08820",12
"s7942",10,"SYNPCC7942_RS09935",9
"s7942",10,"SYNPCC7942_RS05640",22
"s7942",10,"SYNPCC7942_RS08645",15
"s7942",10,"SYNPCC7942_RS07720",8
"s7942",10,"SYNPCC7942_RS11465",31
"s7942",10,"SYNPCC7942_RS12285",15
"s7942",10,"SYNPCC7942_RS04225",16
"s7942",10,"SYNPCC7942_RS09435",35
"s7942",10,"SYNPCC7942_RS00765",24
"s7942",10,"SYNPCC7942_RS13695",4
"s7942",10,"SYNPCC7942_RS07940",6
"s7942",10,"SYNPCC7942_RS06370",41
"s7942",10,"SYNPCC7942_RS05070",22
"s7942",10,"SYNPCC7942_RS00380",43
"s7942",10,"SYNPCC7942_RS09990",2
"s7942",10,"SYNPCC7942_RS10040",13
"s7942",10,"SYNPCC7942_RS08780",16
"s7942",10,"SYNPCC7942_RS10350",21
"s7942",10,"SYNPCC7942_RS04835",3
"s7942",10,"SYNPCC7942_RS03530",18
"s7942",10,"SYNPCC7942_RS10165",12
"s7942",10,"SYNPCC7942_RS05230",4
"s7942",10,"SYNPCC7942_RS11030",5
"s7942",10,"SYNPCC7942_RS11715",5
"s7942",10,"SYNPCC7942_RS03565",1
"s6803",1,"SGL_RS12540",15
"s6803",1,"SGL_RS06410",99
"s6803",1,"SGL_RS01980",90
"s6803",1,"SGL_RS15585",11
"s6803",1,"SGL_RS02020",25
"s6803",1,"SGL_RS08165",15
"s6803",1,"SGL_RS00400",154
"s6803",1,"SGL_RS00320",79
"s6803",1,"SGL_RS00515",49
"s6803",1,"SGL_RS07730",51
"s6803",1,"SGL_RS16080",20
"s6803",1,"SGL_RS01215",16
"s6803",1,"SGL_RS06480",33
"s6803",1,"SGL_RS14610",16
"s6803",1,"SGL_RS00455",73
"s6803",1,"SGL_RS15805",254
"s6803",1,"SGL_RS02470",32
"s6803",1,"SGL_RS00075",34
"s6803",1,"SGL_RS01625",26
"s6803",1,"SGL_RS16495",67
"s6803",1,"SGL_RS09285",110
"s6803",1,"SGL_RS08080",9
"s6803",1,"SGL_RS07740",14
"s6803",1,"SGL_RS12430",279
"s6803",1,"SGL_RS15210",78
"s6803",1,"SGL_RS08210",45
"s6803",1,"SGL_RS15965",115
"s6803",1,"SGL_RS06080",27
"s6803",1,"SGL_RS04055",72
"s6803",1,"SGL_RS16165",30
"s6803",1,"SGL_RS07975",19
"s6803",1,"SGL_RS11285",24
"s6803",1,"SGL_RS13820",30
"s6803",1,"SGL_RS05150",25
"s6803",1,"SGL_RS06215",58
"s6803",1,"SGL_RS17760",114
"s6803",1,"SGL_RS10820",123
"s6803",1,"SGL_RS17395",89
"s6803",1,"SGL_RS18290",52
"s6803",1,"SGL_RS08835",71
"s6803",1,"SGL_RS04450",70
"s6803",1,"SGL_RS10605",90
"s6803",1,"SGL_RS17245",37
"s6803",1,"SGL_RS08500",45
"s6803",1,"SGL_RS10755",7
"s6803",1,"SGL_RS17440",17
"s6803",1,"SGL_RS12005",34
"s6803",1,"SGL_RS01255",14
"s6803",1,"SGL_RS14165",2
"s6803",1,"SGL_RS03065",69
"s6803",1,"SGL_RS02990",30
"s6803",1,"SGL_RS11370",55
"s6803",1,"SGL_RS04820",16
"s6803",1,"SGL_RS04725",58
"s6803",1,"SGL_RS08845",3
"s6803",1,"SGL_RS01955",29
"s6803",1,"SGL_RS12595",61
"s6803",1,"SGL_RS11985",19
"s6803",1,"SGL_RS06340",45
"s6803",1,"SGL_RS02510",15
"s6803",1,"SGL_RS00670",24
"s6803",1,"SGL_RS14385",51
"s6803",1,"SGL_RS15245",31
"s6803",1,"SGL_RS07535",16
"s6803",1,"SGL_RS13130",50
"s6803",1,"SGL_RS15215",3
"s6803",1,"SGL_RS17120",6
"s6803",1,"SGL_RS08040",2
"s6803",1,"SGL_RS14540",20
"s6803",1,"SGL_RS08520",10
"s6803",1,"SGL_RS15310",4
"s6803",1,"SGL_RS04615",19
"s6803",1,"SGL_RS12485",2
"s6803",1,"SGL_RS11835",3
"s6803",2,"SGL_RS12540",15
"s6803",2,"SGL_RS06410",107
"s6803",2,"SGL_RS01980",89
"s6803",2,"SGL_RS15585",12
"s6803",2,"SGL_RS06480",33
"s6803",2,"SGL_RS00320",80
"s6803",2,"SGL_RS07740",12
"s6803",2,"SGL_RS07730",41
"s6803",2,"SGL_RS16495",70
"s6803",2,"SGL_RS00455",72
"s6803",2,"SGL_RS14610",13
"s6803",2,"SGL_RS08165",16
"s6803",2,"SGL_RS02020",33
"s6803",2,"SGL_RS00400",147
"s6803",2,"SGL_RS00515",49
"s6803",2,"SGL_RS16080",18
"s6803",2,"SGL_RS06215",70
"s6803",2,"SGL_RS15805",253
"s6803",2,"SGL_RS12430",281
"s6803",2,"SGL_RS15210",80
"s6803",2,"SGL_RS00075",31
"s6803",2,"SGL_RS08080",8
"s6803",2,"SGL_RS02470",26
"s6803",2,"SGL_RS02510",14
"s6803",2,"SGL_RS15965",110
"s6803",2,"SGL_RS14165",2
"s6803",2,"SGL_RS10820",118
"s6803",2,"SGL_RS09285",108
"s6803",2,"SGL_RS01215",22
"s6803",2,"SGL_RS17120",6
"s6803",2,"SGL_RS07975",16
"s6803",2,"SGL_RS17760",107
"s6803",2,"SGL_RS05150",27
"s6803",2,"SGL_RS17395",92
"s6803",2,"SGL_RS01625",32
"s6803",2,"SGL_RS18290",47
"s6803",2,"SGL_RS04725",54
"s6803",2,"SGL_RS01955",30
"s6803",2,"SGL_RS08210",45
"s6803",2,"SGL_RS17245",37
"s6803",2,"SGL_RS17440",19
"s6803",2,"SGL_RS10605",91
"s6803",2,"SGL_RS10755",6
"s6803",2,"SGL_RS13820",37
"s6803",2,"SGL_RS16165",26
"s6803",2,"SGL_RS08845",4
"s6803",2,"SGL_RS04055",69
"s6803",2,"SGL_RS12005",39
"s6803",2,"SGL_RS08835",73
"s6803",2,"SGL_RS11370",47
"s6803",2,"SGL_RS12595",64
"s6803",2,"SGL_RS11985",26
"s6803",2,"SGL_RS06080",29
"s6803",2,"SGL_RS06340",43
"s6803",2,"SGL_RS15245",33
"s6803",2,"SGL_RS04450",80
"s6803",2,"SGL_RS04820",12
"s6803",2,"SGL_RS03065",71
"s6803",2,"SGL_RS13130",50
"s6803",2,"SGL_RS02990",31
"s6803",2,"SGL_RS11835",3
"s6803",2,"SGL_RS00670",23
"s6803",2,"SGL_RS04615",14
"s6803",2,"SGL_RS11285",21
"s6803",2,"SGL_RS08500",43
"s6803",2,"SGL_RS01255",12
"s6803",2,"SGL_RS08520",8
"s6803",2,"SGL_RS14385",55
"s6803",2,"SGL_RS14540",20
"s6803",2,"SGL_RS08040",2
"s6803",2,"SGL_RS07535",17
"s6803",2,"SGL_RS15310",4
"s6803",2,"SGL_RS15215",4
"s6803",2,"SGL_RS12485",1
"s6803",3,"SGL_RS12540",15
"s6803",3,"SGL_RS06410",103
"s6803",3,"SGL_RS01980",88
"s6803",3,"SGL_RS15585",14
"s6803",3,"SGL_RS12430",272
"s6803",3,"SGL_RS02020",28
"s6803",3,"SGL_RS00320",83
"s6803",3,"SGL_RS08165",18
"s6803",3,"SGL_RS14610",13
"s6803",3,"SGL_RS00515",54
"s6803",3,"SGL_RS15210",82
"s6803",3,"SGL_RS00075",36
"s6803",3,"SGL_RS15805",258
"s6803",3,"SGL_RS07740",11
"s6803",3,"SGL_RS00400",161
"s6803",3,"SGL_RS17760",105
"s6803",3,"SGL_RS16495",74
"s6803",3,"SGL_RS08080",10
"s6803",3,"SGL_RS00455",73
"s6803",3,"SGL_RS16080",19
"s6803",3,"SGL_RS06480",32
"s6803",3,"SGL_RS18290",50
"s6803",3,"SGL_RS07730",44
"s6803",3,"SGL_RS06215",56
"s6803",3,"SGL_RS07975",15
"s6803",3,"SGL_RS02470",29
"s6803",3,"SGL_RS17120",5
"s6803",3,"SGL_RS14165",2
"s6803",3,"SGL_RS15965",108
"s6803",3,"SGL_RS04820",11
"s6803",3,"SGL_RS04725",61
"s6803",3,"SGL_RS01625",29
"s6803",3,"SGL_RS12005",37
"s6803",3,"SGL_RS10605",87
"s6803",3,"SGL_RS04055",72
"s6803",3,"SGL_RS16165",27
"s6803",3,"SGL_RS12595",66
"s6803",3,"SGL_RS17395",90
"s6803",3,"SGL_RS11370",48
"s6803",3,"SGL_RS02510",14
"s6803",3,"SGL_RS09285",113
"s6803",3,"SGL_RS05150",23
"s6803",3,"SGL_RS03065",73
"s6803",3,"SGL_RS17245",39
"s6803",3,"SGL_RS08210",50
"s6803",3,"SGL_RS01215",20
"s6803",3,"SGL_RS13820",28
"s6803",3,"SGL_RS10820",121
"s6803",3,"SGL_RS06080",28
"s6803",3,"SGL_RS01955",31
"s6803",3,"SGL_RS11985",21
"s6803",3,"SGL_RS08835",68
"s6803",3,"SGL_RS02990",23
"s6803",3,"SGL_RS13130",42
"s6803",3,"SGL_RS04450",76
"s6803",3,"SGL_RS01255",15
"s6803",3,"SGL_RS17440",19
"s6803",3,"SGL_RS10755",6
"s6803",3,"SGL_RS11285",21
"s6803",3,"SGL_RS15245",29
"s6803",3,"SGL_RS08845",4
"s6803",3,"SGL_RS06340",48
"s6803",3,"SGL_RS14540",18
"s6803",3,"SGL_RS14385",58
"s6803",3,"SGL_RS08500",47
"s6803",3,"SGL_RS00670",23
"s6803",3,"SGL_RS07535",17
"s6803",3,"SGL_RS15310",5
"s6803",3,"SGL_RS15215",4
"s6803",3,"SGL_RS04615",13
"s6803",3,"SGL_RS08040",2
"s6803",3,"SGL_RS08520",9
"s6803",3,"SGL_RS11835",4
"s6803",3,"SGL_RS12485",2
"s6803",4,"SGL_RS12540",13
"s6803",4,"SGL_RS06410",98
"s6803",4,"SGL_RS01980",90
"s6803",4,"SGL_RS08165",19
"s6803",4,"SGL_RS15585",12
"s6803",4,"SGL_RS07740",12
"s6803",4,"SGL_RS00515",52
"s6803",4,"SGL_RS02020",29
"s6803",4,"SGL_RS00320",81
"s6803",4,"SGL_RS00455",70
"s6803",4,"SGL_RS01215",22
"s6803",4,"SGL_RS16495",72
"s6803",4,"SGL_RS16080",17
"s6803",4,"SGL_RS02470",31
"s6803",4,"SGL_RS00075",35
"s6803",4,"SGL_RS00400",150
"s6803",4,"SGL_RS06480",30
"s6803",4,"SGL_RS15210",77
"s6803",4,"SGL_RS17760",110
"s6803",4,"SGL_RS15805",249
"s6803",4,"SGL_RS14610",15
"s6803",4,"SGL_RS07975",18
"s6803",4,"SGL_RS11370",49
"s6803",4,"SGL_RS06215",67
"s6803",4,"SGL_RS12430",268
"s6803",4,"SGL_RS02510",15
"s6803",4,"SGL_RS05150",26
"s6803",4,"SGL_RS08080",8
"s6803",4,"SGL_RS16165",26
"s6803",4,"SGL_RS09285",115
"s6803",4,"SGL_RS18290",55
"s6803",4,"SGL_RS10605",88
"s6803",4,"SGL_RS04725",65
"s6803",4,"SGL_RS17245",36
"s6803",4,"SGL_RS13820",29
"s6803",4,"SGL_RS17395",82
"s6803",4,"SGL_RS07730",43
"s6803",4,"SGL_RS01625",26
"s6803",4,"SGL_RS04450",74
"s6803",4,"SGL_RS04055",81
"s6803",4,"SGL_RS10820",119
"s6803",4,"SGL_RS08210",48
"s6803",4,"SGL_RS04820",11
"s6803",4,"SGL_RS11985",21
"s6803",4,"SGL_RS15965",109
"s6803",4,"SGL_RS10755",6
"s6803",4,"SGL_RS01955",36
"s6803",4,"SGL_RS12005",41
"s6803",4,"SGL_RS03065",73
"s6803",4,"SGL_RS08500",48
"s6803",4,"SGL_RS14165",2
"s6803",4,"SGL_RS17120",6
"s6803",4,"SGL_RS17440",16
"s6803",4,"SGL_RS06340",34
"s6803",4,"SGL_RS14385",61
"s6803",4,"SGL_RS08835",73
"s6803",4,"SGL_RS02990",26
"s6803",4,"SGL_RS08845",4
"s6803",4,"SGL_RS01255",18
"s6803",4,"SGL_RS12595",67
"s6803",4,"SGL_RS06080",26
"s6803",4,"SGL_RS13130",43
"s6803",4,"SGL_RS07535",15
"s6803",4,"SGL_RS00670",24
"s6803",4,"SGL_RS11285",21
"s6803",4,"SGL_RS15215",4
"s6803",4,"SGL_RS04615",20
"s6803",4,"SGL_RS15245",27
"s6803",4,"SGL_RS14540",24
"s6803",4,"SGL_RS15310",4
"s6803",4,"SGL_RS08040",2
"s6803",4,"SGL_RS08520",9
"s6803",4,"SGL_RS11835",5
"s6803",4,"SGL_RS12485",2
"s6803",5,"SGL_RS12540",14
"s6803",5,"SGL_RS06410",103
"s6803",5,"SGL_RS15585",15
"s6803",5,"SGL_RS01980",91
"s6803",5,"SGL_RS00515",52
"s6803",5,"SGL_RS07730",38
"s6803",5,"SGL_RS00320",82
"s6803",5,"SGL_RS08165",15
"s6803",5,"SGL_RS12430",279
"s6803",5,"SGL_RS06480",30
"s6803",5,"SGL_RS02020",28
"s6803",5,"SGL_RS14610",14
"s6803",5,"SGL_RS16495",74
"s6803",5,"SGL_RS00400",150
"s6803",5,"SGL_RS00455",70
"s6803",5,"SGL_RS01215",22
"s6803",5,"SGL_RS15805",240
"s6803",5,"SGL_RS00075",34
"s6803",5,"SGL_RS14165",2
"s6803",5,"SGL_RS02470",29
"s6803",5,"SGL_RS10820",126
"s6803",5,"SGL_RS09285",110
"s6803",5,"SGL_RS16080",24
"s6803",5,"SGL_RS07740",12
"s6803",5,"SGL_RS08080",9
"s6803",5,"SGL_RS16165",26
"s6803",5,"SGL_RS15210",76
"s6803",5,"SGL_RS15965",112
"s6803",5,"SGL_RS13820",36
"s6803",5,"SGL_RS04725",54
"s6803",5,"SGL_RS06215",63
"s6803",5,"SGL_RS17395",85
"s6803",5,"SGL_RS05150",25
"s6803",5,"SGL_RS01625",26
"s6803",5,"SGL_RS08845",4
"s6803",5,"SGL_RS17760",115
"s6803",5,"SGL_RS10605",87
"s6803",5,"SGL_RS12595",60
"s6803",5,"SGL_RS11370",46
"s6803",5,"SGL_RS01955",32
"s6803",5,"SGL_RS02510",12
"s6803",5,"SGL_RS17245",38
"s6803",5,"SGL_RS04820",10
"s6803",5,"SGL_RS04450",73
"s6803",5,"SGL_RS07975",16
"s6803",5,"SGL_RS18290",49
"s6803",5,"SGL_RS10755",8
"s6803",5,"SGL_RS08835",67
"s6803",5,"SGL_RS12005",43
"s6803",5,"SGL_RS08210",54
"s6803",5,"SGL_RS02990",30
"s6803",5,"SGL_RS04055",78
"s6803",5,"SGL_RS11985",23
"s6803",5,"SGL_RS13130",50
"s6803",5,"SGL_RS06340",42
"s6803",5,"SGL_RS11285",25
"s6803",5,"SGL_RS07535",14
"s6803",5,"SGL_RS03065",73
"s6803",5,"SGL_RS17440",17
"s6803",5,"SGL_RS08500",43
"s6803",5,"SGL_RS01255",13
"s6803",5,"SGL_RS14385",55
"s6803",5,"SGL_RS15245",38
"s6803",5,"SGL_RS17120",8
"s6803",5,"SGL_RS00670",24
"s6803",5,"SGL_RS06080",27
"s6803",5,"SGL_RS08520",10
"s6803",5,"SGL_RS08040",2
"s6803",5,"SGL_RS04615",17
"s6803",5,"SGL_RS15310",6
"s6803",5,"SGL_RS11835",4
"s6803",5,"SGL_RS14540",15
"s6803",5,"SGL_RS15215",5
"s6803",5,"SGL_RS12485",1
"s6803",6,"SGL_RS06410",102
"s6803",6,"SGL_RS12540",14
"s6803",6,"SGL_RS01980",91
"s6803",6,"SGL_RS08165",17
"s6803",6,"SGL_RS02020",26
"s6803",6,"SGL_RS15585",11
"s6803",6,"SGL_RS06480",33
"s6803",6,"SGL_RS00455",77
"s6803",6,"SGL_RS00320",78
"s6803",6,"SGL_RS12430",277
"s6803",6,"SGL_RS00075",36
"s6803",6,"SGL_RS14610",14
"s6803",6,"SGL_RS00400",149
"s6803",6,"SGL_RS00515",48
"s6803",6,"SGL_RS16495",77
"s6803",6,"SGL_RS06215",65
"s6803",6,"SGL_RS07740",12
"s6803",6,"SGL_RS02470",28
"s6803",6,"SGL_RS15210",74
"s6803",6,"SGL_RS08080",9
"s6803",6,"SGL_RS07730",43
"s6803",6,"SGL_RS15805",250
"s6803",6,"SGL_RS07975",18
"s6803",6,"SGL_RS01625",34
"s6803",6,"SGL_RS09285",111
"s6803",6,"SGL_RS16080",19
"s6803",6,"SGL_RS01215",20
"s6803",6,"SGL_RS14165",2
"s6803",6,"SGL_RS04725",50
"s6803",6,"SGL_RS02510",13
"s6803",6,"SGL_RS05150",21
"s6803",6,"SGL_RS03065",76
"s6803",6,"SGL_RS11285",23
"s6803",6,"SGL_RS17245",38
"s6803",6,"SGL_RS17760",114
"s6803",6,"SGL_RS12595",62
"s6803",6,"SGL_RS18290",44
"s6803",6,"SGL_RS08845",4
"s6803",6,"SGL_RS08210",54
"s6803",6,"SGL_RS04055",73
"s6803",6,"SGL_RS13820",34
"s6803",6,"SGL_RS16165",29
"s6803",6,"SGL_RS17120",6
"s6803",6,"SGL_RS12005",37
"s6803",6,"SGL_RS10605",86
"s6803",6,"SGL_RS17395",91
"s6803",6,"SGL_RS10820",115
"s6803",6,"SGL_RS01255",16
"s6803",6,"SGL_RS08835",73
"s6803",6,"SGL_RS15965",113
"s6803",6,"SGL_RS11985",22
"s6803",6,"SGL_RS08500",38
"s6803",6,"SGL_RS06080",29
"s6803",6,"SGL_RS01955",24
"s6803",6,"SGL_RS02990",35
"s6803",6,"SGL_RS17440",20
"s6803",6,"SGL_RS15245",34
"s6803",6,"SGL_RS04450",70
"s6803",6,"SGL_RS11370",46
"s6803",6,"SGL_RS06340",45
"s6803",6,"SGL_RS07535",18
"s6803",6,"SGL_RS15215",3
"s6803",6,"SGL_RS14385",57
"s6803",6,"SGL_RS04820",14
"s6803",6,"SGL_RS10755",9
"s6803",6,"SGL_RS13130",52
"s6803",6,"SGL_RS08040",2
"s6803",6,"SGL_RS00670",22
"s6803",6,"SGL_RS04615",17
"s6803",6,"SGL_RS14540",22
"s6803",6,"SGL_RS11835",2
"s6803",6,"SGL_RS15310",3
"s6803",6,"SGL_RS08520",7
"s6803",6,"SGL_RS12485",2
"s6803",7,"SGL_RS12540",15
"s6803",7,"SGL_RS01980",88
"s6803",7,"SGL_RS06410",103
"s6803",7,"SGL_RS15585",14
"s6803",7,"SGL_RS02020",30
"s6803",7,"SGL_RS08165",17
"s6803",7,"SGL_RS00320",80
"s6803",7,"SGL_RS06480",32
"s6803",7,"SGL_RS00400",149
"s6803",7,"SGL_RS00455",71
"s6803",7,"SGL_RS14610",12
"s6803",7,"SGL_RS00515",47
"s6803",7,"SGL_RS16080",17
"s6803",7,"SGL_RS12430",285
"s6803",7,"SGL_RS00075",33
"s6803",7,"SGL_RS16495",73
"s6803",7,"SGL_RS06215",60
"s6803",7,"SGL_RS18290",54
"s6803",7,"SGL_RS17440",18
"s6803",7,"SGL_RS07975",18
"s6803",7,"SGL_RS15210",81
"s6803",7,"SGL_RS15805",254
"s6803",7,"SGL_RS01625",30
"s6803",7,"SGL_RS04725",58
"s6803",7,"SGL_RS02470",26
"s6803",7,"SGL_RS07730",42
"s6803",7,"SGL_RS13820",29
"s6803",7,"SGL_RS05150",22
"s6803",7,"SGL_RS07740",12
"s6803",7,"SGL_RS08080",8
"s6803",7,"SGL_RS08845",4
"s6803",7,"SGL_RS15965",112
"s6803",7,"SGL_RS02510",14
"s6803",7,"SGL_RS01215",20
"s6803",7,"SGL_RS12005",40
"s6803",7,"SGL_RS14165",2
"s6803",7,"SGL_RS17245",38
"s6803",7,"SGL_RS08210",58
"s6803",7,"SGL_RS10605",88
"s6803",7,"SGL_RS17760",110
"s6803",7,"SGL_RS17395",88
"s6803",7,"SGL_RS06340",40
"s6803",7,"SGL_RS03065",78
"s6803",7,"SGL_RS10820",118
"s6803",7,"SGL_RS04055",79
"s6803",7,"SGL_RS09285",106
"s6803",7,"SGL_RS16165",25
"s6803",7,"SGL_RS04450",66
"s6803",7,"SGL_RS04820",16
"s6803",7,"SGL_RS08835",70
"s6803",7,"SGL_RS02990",29
"s6803",7,"SGL_RS11985",23
"s6803",7,"SGL_RS08500",43
"s6803",7,"SGL_RS12595",66
"s6803",7,"SGL_RS14385",54
"s6803",7,"SGL_RS11370",55
"s6803",7,"SGL_RS01955",33
"s6803",7,"SGL_RS15245",28
"s6803",7,"SGL_RS06080",26
"s6803",7,"SGL_RS17120",7
"s6803",7,"SGL_RS10755",10
"s6803",7,"SGL_RS13130",44
"s6803",7,"SGL_RS11285",23
"s6803",7,"SGL_RS07535",15
"s6803",7,"SGL_RS01255",12
"s6803",7,"SGL_RS00670",21
"s6803",7,"SGL_RS15215",3
"s6803",7,"SGL_RS15310",4
"s6803",7,"SGL_RS04615",17
"s6803",7,"SGL_RS14540",18
"s6803",7,"SGL_RS08520",9
"s6803",7,"SGL_RS08040",3
"s6803",7,"SGL_RS11835",6
"s6803",7,"SGL_RS12485",1
"s6803",8,"SGL_RS12540",14
"s6803",8,"SGL_RS06410",99
"s6803",8,"SGL_RS01980",93
"s6803",8,"SGL_RS15585",15
"s6803",8,"SGL_RS00515",49
"s6803",8,"SGL_RS02020",32
"s6803",8,"SGL_RS14610",15
"s6803",8,"SGL_RS00455",71
"s6803",8,"SGL_RS00320",83
"s6803",8,"SGL_RS00400",154
"s6803",8,"SGL_RS08080",10
"s6803",8,"SGL_RS06215",67
"s6803",8,"SGL_RS16495",70
"s6803",8,"SGL_RS06480",36
"s6803",8,"SGL_RS07740",12
"s6803",8,"SGL_RS12430",285
"s6803",8,"SGL_RS00075",36
"s6803",8,"SGL_RS07975",20
"s6803",8,"SGL_RS08165",18
"s6803",8,"SGL_RS14165",2
"s6803",8,"SGL_RS07730",40
"s6803",8,"SGL_RS15210",80
"s6803",8,"SGL_RS15965",105
"s6803",8,"SGL_RS15805",247
"s6803",8,"SGL_RS02470",33
"s6803",8,"SGL_RS16080",15
"s6803",8,"SGL_RS05150",25
"s6803",8,"SGL_RS13820",36
"s6803",8,"SGL_RS17245",34
"s6803",8,"SGL_RS11370",48
"s6803",8,"SGL_RS09285",113
"s6803",8,"SGL_RS01255",12
"s6803",8,"SGL_RS01215",20
"s6803",8,"SGL_RS04820",12
"s6803",8,"SGL_RS04725",53
"s6803",8,"SGL_RS17760",112
"s6803",8,"SGL_RS12005",37
"s6803",8,"SGL_RS17440",16
"s6803",8,"SGL_RS10820",113
"s6803",8,"SGL_RS04055",79
"s6803",8,"SGL_RS17395",96
"s6803",8,"SGL_RS12595",68
"s6803",8,"SGL_RS18290",49
"s6803",8,"SGL_RS08835",70
"s6803",8,"SGL_RS08845",4
"s6803",8,"SGL_RS06080",25
"s6803",8,"SGL_RS16165",27
"s6803",8,"SGL_RS14385",52
"s6803",8,"SGL_RS08210",46
"s6803",8,"SGL_RS01955",33
"s6803",8,"SGL_RS01625",31
"s6803",8,"SGL_RS02990",24
"s6803",8,"SGL_RS03065",74
"s6803",8,"SGL_RS10605",89
"s6803",8,"SGL_RS11985",19
"s6803",8,"SGL_RS02510",13
"s6803",8,"SGL_RS06340",41
"s6803",8,"SGL_RS17120",7
"s6803",8,"SGL_RS04450",76
"s6803",8,"SGL_RS11285",19
"s6803",8,"SGL_RS08500",45
"s6803",8,"SGL_RS07535",15
"s6803",8,"SGL_RS15245",32
"s6803",8,"SGL_RS00670",21
"s6803",8,"SGL_RS13130",47
"s6803",8,"SGL_RS08040",2
"s6803",8,"SGL_RS10755",6
"s6803",8,"SGL_RS14540",24
"s6803",8,"SGL_RS15215",3
"s6803",8,"SGL_RS15310",4
"s6803",8,"SGL_RS04615",12
"s6803",8,"SGL_RS08520",11
"s6803",8,"SGL_RS12485",1
"s6803",8,"SGL_RS11835",3
"s6803",9,"SGL_RS12540",15
"s6803",9,"SGL_RS06410",100
"s6803",9,"SGL_RS15585",15
"s6803",9,"SGL_RS01980",90
"s6803",9,"SGL_RS08165",16
"s6803",9,"SGL_RS00320",79
"s6803",9,"SGL_RS00400",153
"s6803",9,"SGL_RS00515",50
"s6803",9,"SGL_RS07740",13
"s6803",9,"SGL_RS02020",27
"s6803",9,"SGL_RS12430",278
"s6803",9,"SGL_RS14610",13
"s6803",9,"SGL_RS06480",34
"s6803",9,"SGL_RS15210",85
"s6803",9,"SGL_RS00075",35
"s6803",9,"SGL_RS06215",63
"s6803",9,"SGL_RS02470",30
"s6803",9,"SGL_RS15965",108
"s6803",9,"SGL_RS07730",38
"s6803",9,"SGL_RS18290",48
"s6803",9,"SGL_RS16495",70
"s6803",9,"SGL_RS00455",69
"s6803",9,"SGL_RS14165",2
"s6803",9,"SGL_RS16080",22
"s6803",9,"SGL_RS13820",33
"s6803",9,"SGL_RS15805",262
"s6803",9,"SGL_RS16165",29
"s6803",9,"SGL_RS17395",87
"s6803",9,"SGL_RS17245",38
"s6803",9,"SGL_RS17760",115
"s6803",9,"SGL_RS12005",38
"s6803",9,"SGL_RS08080",6
"s6803",9,"SGL_RS07975",18
"s6803",9,"SGL_RS04055",80
"s6803",9,"SGL_RS04725",53
"s6803",9,"SGL_RS01215",20
"s6803",9,"SGL_RS01625",33
"s6803",9,"SGL_RS10820",117
"s6803",9,"SGL_RS09285",113
"s6803",9,"SGL_RS10605",96
"s6803",9,"SGL_RS05150",28
"s6803",9,"SGL_RS08210",48
"s6803",9,"SGL_RS04820",9
"s6803",9,"SGL_RS17440",19
"s6803",9,"SGL_RS11985",24
"s6803",9,"SGL_RS02510",15
"s6803",9,"SGL_RS11285",20
"s6803",9,"SGL_RS08845",4
"s6803",9,"SGL_RS10755",8
"s6803",9,"SGL_RS01955",30
"s6803",9,"SGL_RS01255",16
"s6803",9,"SGL_RS12595",61
"s6803",9,"SGL_RS04450",73
"s6803",9,"SGL_RS08835",68
"s6803",9,"SGL_RS06340",36
"s6803",9,"SGL_RS17120",8
"s6803",9,"SGL_RS02990",33
"s6803",9,"SGL_RS11370",48
"s6803",9,"SGL_RS07535",18
"s6803",9,"SGL_RS06080",22
"s6803",9,"SGL_RS03065",77
"s6803",9,"SGL_RS13130",40
"s6803",9,"SGL_RS08500",43
"s6803",9,"SGL_RS14385",52
"s6803",9,"SGL_RS00670",22
"s6803",9,"SGL_RS04615",15
"s6803",9,"SGL_RS15245",31
"s6803",9,"SGL_RS14540",17
"s6803",9,"SGL_RS15215",2
"s6803",9,"SGL_RS08040",2
"s6803",9,"SGL_RS08520",11
"s6803",9,"SGL_RS15310",5
"s6803",9,"SGL_RS11835",3
"s6803",9,"SGL_RS12485",1
"s6803",10,"SGL_RS12540",14
"s6803",10,"SGL_RS01980",95
"s6803",10,"SGL_RS06410",101
"s6803",10,"SGL_RS15585",14
"s6803",10,"SGL_RS06480",29
"s6803",10,"SGL_RS02020",27
"s6803",10,"SGL_RS16495",74
"s6803",10,"SGL_RS00455",76
"s6803",10,"SGL_RS00515",51
"s6803",10,"SGL_RS16080",20
"s6803",10,"SGL_RS00320",84
"s6803",10,"SGL_RS07740",12
"s6803",10,"SGL_RS08165",15
"s6803",10,"SGL_RS00400",148
"s6803",10,"SGL_RS00075",32
"s6803",10,"SGL_RS04725",52
"s6803",10,"SGL_RS17760",117
"s6803",10,"SGL_RS14610",15
"s6803",10,"SGL_RS12005",40
"s6803",10,"SGL_RS07975",19
"s6803",10,"SGL_RS13820",33
"s6803",10,"SGL_RS12430",283
"s6803",10,"SGL_RS06340",34
"s6803",10,"SGL_RS15210",76
"s6803",10,"SGL_RS02510",13
"s6803",10,"SGL_RS02470",29
"s6803",10,"SGL_RS15805",251
"s6803",10,"SGL_RS09285",103
"s6803",10,"SGL_RS01215",18
"s6803",10,"SGL_RS14165",2
"s6803",10,"SGL_RS08835",72
"s6803",10,"SGL_RS06215",61
"s6803",10,"SGL_RS18290",43
"s6803",10,"SGL_RS10605",89
"s6803",10,"SGL_RS15965",111
"s6803",10,"SGL_RS17395",92
"s6803",10,"SGL_RS11285",27
"s6803",10,"SGL_RS01625",27
"s6803",10,"SGL_RS17245",38
"s6803",10,"SGL_RS12595",69
"s6803",10,"SGL_RS01955",29
"s6803",10,"SGL_RS17440",17
"s6803",10,"SGL_RS05150",25
"s6803",10,"SGL_RS07730",41
"s6803",10,"SGL_RS11985",24
"s6803",10,"SGL_RS04820",14
"s6803",10,"SGL_RS08845",4
"s6803",10,"SGL_RS11370",53
"s6803",10,"SGL_RS17120",7
"s6803",10,"SGL_RS10820",120
"s6803",10,"SGL_RS04055",62
"s6803",10,"SGL_RS08080",7
"s6803",10,"SGL_RS03065",75
"s6803",10,"SGL_RS02990",32
"s6803",10,"SGL_RS16165",29
"s6803",10,"SGL_RS00670",24
"s6803",10,"SGL_RS14385",57
"s6803",10,"SGL_RS15245",27
"s6803",10,"SGL_RS08210",48
"s6803",10,"SGL_RS01255",17
"s6803",10,"SGL_RS08500",44
"s6803",10,"SGL_RS06080",28
"s6803",10,"SGL_RS10755",5
"s6803",10,"SGL_RS04450",80
"s6803",10,"SGL_RS04615",23
"s6803",10,"SGL_RS11835",4
"s6803",10,"SGL_RS13130",50
"s6803",10,"SGL_RS07535",13
"s6803",10,"SGL_RS14540",19
"s6803",10,"SGL_RS15310",2
"s6803",10,"SGL_RS08520",8
"s6803",10,"SGL_RS08040",2
"s6803",10,"SGL_RS15215",2
"s6803",10,"SGL_RS12485",2
"s7002",1,"SYNPCC7002_RS00850",10
"s7002",1,"SYNPCC7002_RS05135",239
"s7002",1,"SYNPCC7002_RS14385",16
"s7002",1,"SYNPCC7002_RS06150",56
"s7002",1,"SYNPCC7002_RS15720",9
"s7002",1,"SYNPCC7002_RS14440",30
"s7002",1,"SYNPCC7002_RS16320",42
"s7002",1,"SYNPCC7002_RS15255",50
"s7002",1,"SYNPCC7002_RS09630",70
"s7002",1,"SYNPCC7002_RS02715",79
"s7002",1,"SYNPCC7002_RS04890",102
"s7002",1,"SYNPCC7002_RS15520",99
"s7002",1,"SYNPCC7002_RS10050",154
"s7002",1,"SYNPCC7002_RS15680",60
"s7002",1,"SYNPCC7002_RS08175",26
"s7002",1,"SYNPCC7002_RS15030",9
"s7002",1,"SYNPCC7002_RS04780",122
"s7002",1,"SYNPCC7002_RS09820",71
"s7002",1,"SYNPCC7002_RS09320",71
"s7002",1,"SYNPCC7002_RS01800",55
"s7002",1,"SYNPCC7002_RS09780",90
"s7002",1,"SYNPCC7002_RS01335",77
"s7002",1,"SYNPCC7002_RS04680",44
"s7002",1,"SYNPCC7002_RS12395",185
"s7002",1,"SYNPCC7002_RS05985",94
"s7002",1,"SYNPCC7002_RS08965",158
"s7002",1,"SYNPCC7002_RS05460",83
"s7002",1,"SYNPCC7002_RS00640",34
"s7002",1,"SYNPCC7002_RS00050",30
"s7002",1,"SYNPCC7002_RS02410",2
"s7002",1,"SYNPCC7002_RS03295",32
"s7002",1,"SYNPCC7002_RS08210",37
"s7002",1,"SYNPCC7002_RS02455",43
"s7002",1,"SYNPCC7002_RS14790",28
"s7002",1,"SYNPCC7002_RS08255",30
"s7002",1,"SYNPCC7002_RS16160",12
"s7002",1,"SYNPCC7002_RS09175",21
"s7002",1,"SYNPCC7002_RS04250",94
"s7002",1,"SYNPCC7002_RS11685",47
"s7002",1,"SYNPCC7002_RS03030",83
"s7002",1,"SYNPCC7002_RS01085",16
"s7002",1,"SYNPCC7002_RS00650",31
"s7002",1,"SYNPCC7002_RS09995",42
"s7002",1,"SYNPCC7002_RS11400",45
"s7002",1,"SYNPCC7002_RS01420",60
"s7002",1,"SYNPCC7002_RS04650",91
"s7002",1,"SYNPCC7002_RS06540",43
"s7002",1,"SYNPCC7002_RS03950",25
"s7002",1,"SYNPCC7002_RS08390",80
"s7002",1,"SYNPCC7002_RS07385",64
"s7002",1,"SYNPCC7002_RS00260",23
"s7002",1,"SYNPCC7002_RS06165",5
"s7002",1,"SYNPCC7002_RS12515",37
"s7002",1,"SYNPCC7002_RS03760",29
"s7002",1,"SYNPCC7002_RS09260",17
"s7002",1,"SYNPCC7002_RS00635",4
"s7002",1,"SYNPCC7002_RS12090",28
"s7002",1,"SYNPCC7002_RS08480",7
"s7002",1,"SYNPCC7002_RS09420",7
"s7002",1,"SYNPCC7002_RS09090",4
"s7002",1,"SYNPCC7002_RS06005",11
"s7002",1,"SYNPCC7002_RS08945",38
"s7002",1,"SYNPCC7002_RS00690",20
"s7002",1,"SYNPCC7002_RS13450",5
"s7002",1,"SYNPCC7002_RS15410",26
"s7002",1,"SYNPCC7002_RS07295",34
"s7002",1,"SYNPCC7002_RS08860",21
"s7002",1,"SYNPCC7002_RS09845",19
"s7002",1,"SYNPCC7002_RS09195",10
"s7002",1,"SYNPCC7002_RS10145",11
"s7002",1,"SYNPCC7002_RS12105",14
"s7002",1,"SYNPCC7002_RS04290",3
"s7002",1,"SYNPCC7002_RS00010",15
"s7002",1,"SYNPCC7002_RS10525",7
"s7002",1,"SYNPCC7002_RS15995",12
"s7002",1,"SYNPCC7002_RS15535",2
"s7002",2,"SYNPCC7002_RS00850",10
"s7002",2,"SYNPCC7002_RS02715",71
"s7002",2,"SYNPCC7002_RS16320",38
"s7002",2,"SYNPCC7002_RS06150",54
"s7002",2,"SYNPCC7002_RS05135",240
"s7002",2,"SYNPCC7002_RS04890",106
"s7002",2,"SYNPCC7002_RS14385",17
"s7002",2,"SYNPCC7002_RS15255",46
"s7002",2,"SYNPCC7002_RS15720",7
"s7002",2,"SYNPCC7002_RS09630",68
"s7002",2,"SYNPCC7002_RS03950",21
"s7002",2,"SYNPCC7002_RS01800",46
"s7002",2,"SYNPCC7002_RS15520",96
"s7002",2,"SYNPCC7002_RS10050",151
"s7002",2,"SYNPCC7002_RS12395",186
"s7002",2,"SYNPCC7002_RS08965",151
"s7002",2,"SYNPCC7002_RS06540",39
"s7002",2,"SYNPCC7002_RS15680",69
"s7002",2,"SYNPCC7002_RS14440",32
"s7002",2,"SYNPCC7002_RS09820",69
"s7002",2,"SYNPCC7002_RS04680",45
"s7002",2,"SYNPCC7002_RS02455",42
"s7002",2,"SYNPCC7002_RS08390",93
"s7002",2,"SYNPCC7002_RS05460",87
"s7002",2,"SYNPCC7002_RS09780",81
"s7002",2,"SYNPCC7002_RS06165",4
"s7002",2,"SYNPCC7002_RS04650",85
"s7002",2,"SYNPCC7002_RS04780",124
"s7002",2,"SYNPCC7002_RS05985",94
"s7002",2,"SYNPCC7002_RS15030",10
"s7002",2,"SYNPCC7002_RS03295",33
"s7002",2,"SYNPCC7002_RS08255",34
"s7002",2,"SYNPCC7002_RS03030",95
"s7002",2,"SYNPCC7002_RS01335",76
"s7002",2,"SYNPCC7002_RS08945",42
"s7002",2,"SYNPCC7002_RS04250",96
"s7002",2,"SYNPCC7002_RS00650",26
"s7002",2,"SYNPCC7002_RS14790",25
"s7002",2,"SYNPCC7002_RS09175",16
"s7002",2,"SYNPCC7002_RS11685",46
"s7002",2,"SYNPCC7002_RS11400",47
"s7002",2,"SYNPCC7002_RS06005",12
"s7002",2,"SYNPCC7002_RS10145",11
"s7002",2,"SYNPCC7002_RS00260",23
"s7002",2,"SYNPCC7002_RS12090",33
"s7002",2,"SYNPCC7002_RS07385",61
"s7002",2,"SYNPCC7002_RS16160",12
"s7002",2,"SYNPCC7002_RS09090",3
"s7002",2,"SYNPCC7002_RS01420",61
"s7002",2,"SYNPCC7002_RS08210",47
"s7002",2,"SYNPCC7002_RS09845",18
"s7002",2,"SYNPCC7002_RS07295",30
"s7002",2,"SYNPCC7002_RS09320",83
"s7002",2,"SYNPCC7002_RS00050",27
"s7002",2,"SYNPCC7002_RS09995",41
"s7002",2,"SYNPCC7002_RS15995",9
"s7002",2,"SYNPCC7002_RS08860",24
"s7002",2,"SYNPCC7002_RS00010",15
"s7002",2,"SYNPCC7002_RS12515",37
"s7002",2,"SYNPCC7002_RS03760",21
"s7002",2,"SYNPCC7002_RS09260",22
"s7002",2,"SYNPCC7002_RS00690",18
"s7002",2,"SYNPCC7002_RS00635",4
"s7002",2,"SYNPCC7002_RS08175",30
"s7002",2,"SYNPCC7002_RS00640",32
"s7002",2,"SYNPCC7002_RS09195",7
"s7002",2,"SYNPCC7002_RS04290",4
"s7002",2,"SYNPCC7002_RS02410",3
"s7002",2,"SYNPCC7002_RS12105",14
"s7002",2,"SYNPCC7002_RS01085",19
"s7002",2,"SYNPCC7002_RS15535",4
"s7002",2,"SYNPCC7002_RS10525",6
"s7002",2,"SYNPCC7002_RS08480",9
"s7002",2,"SYNPCC7002_RS09420",10
"s7002",2,"SYNPCC7002_RS15410",29
"s7002",2,"SYNPCC7002_RS13450",3
"s7002",3,"SYNPCC7002_RS00850",10
"s7002",3,"SYNPCC7002_RS09630",68
"s7002",3,"SYNPCC7002_RS15720",10
"s7002",3,"SYNPCC7002_RS14440",28
"s7002",3,"SYNPCC7002_RS15520",94
"s7002",3,"SYNPCC7002_RS12395",186
"s7002",3,"SYNPCC7002_RS14385",16
"s7002",3,"SYNPCC7002_RS06150",59
"s7002",3,"SYNPCC7002_RS05135",241
"s7002",3,"SYNPCC7002_RS05985",96
"s7002",3,"SYNPCC7002_RS15030",12
"s7002",3,"SYNPCC7002_RS04780",109
"s7002",3,"SYNPCC7002_RS16320",38
"s7002",3,"SYNPCC7002_RS01420",68
"s7002",3,"SYNPCC7002_RS10050",152
"s7002",3,"SYNPCC7002_RS15680",64
"s7002",3,"SYNPCC7002_RS06165",4
"s7002",3,"SYNPCC7002_RS04650",78
"s7002",3,"SYNPCC7002_RS05460",83
"s7002",3,"SYNPCC7002_RS08965",153
"s7002",3,"SYNPCC7002_RS02715",87
"s7002",3,"SYNPCC7002_RS08175",32
"s7002",3,"SYNPCC7002_RS00635",3
"s7002",3,"SYNPCC7002_RS04250",94
"s7002",3,"SYNPCC7002_RS00050",28
"s7002",3,"SYNPCC7002_RS04890",110
"s7002",3,"SYNPCC7002_RS04680",37
"s7002",3,"SYNPCC7002_RS01335",77
"s7002",3,"SYNPCC7002_RS09820",77
"s7002",3,"SYNPCC7002_RS15255",47
"s7002",3,"SYNPCC7002_RS08255",40
"s7002",3,"SYNPCC7002_RS01800",46
"s7002",3,"SYNPCC7002_RS03950",24
"s7002",3,"SYNPCC7002_RS09320",82
"s7002",3,"SYNPCC7002_RS09780",94
"s7002",3,"SYNPCC7002_RS03030",93
"s7002",3,"SYNPCC7002_RS06540",45
"s7002",3,"SYNPCC7002_RS08210",44
"s7002",3,"SYNPCC7002_RS08390",82
"s7002",3,"SYNPCC7002_RS14790",25
"s7002",3,"SYNPCC7002_RS03295",34
"s7002",3,"SYNPCC7002_RS11400",47
"s7002",3,"SYNPCC7002_RS00650",34
"s7002",3,"SYNPCC7002_RS09845",19
"s7002",3,"SYNPCC7002_RS03760",27
"s7002",3,"SYNPCC7002_RS00260",19
"s7002",3,"SYNPCC7002_RS07385",63
"s7002",3,"SYNPCC7002_RS00690",18
"s7002",3,"SYNPCC7002_RS09260",21
"s7002",3,"SYNPCC7002_RS07295",31
"s7002",3,"SYNPCC7002_RS08945",36
"s7002",3,"SYNPCC7002_RS09090",4
"s7002",3,"SYNPCC7002_RS11685",47
"s7002",3,"SYNPCC7002_RS12515",24
"s7002",3,"SYNPCC7002_RS02455",42
"s7002",3,"SYNPCC7002_RS09420",8
"s7002",3,"SYNPCC7002_RS00640",35
"s7002",3,"SYNPCC7002_RS15410",17
"s7002",3,"SYNPCC7002_RS15995",11
"s7002",3,"SYNPCC7002_RS09995",42
"s7002",3,"SYNPCC7002_RS16160",11
"s7002",3,"SYNPCC7002_RS06005",12
"s7002",3,"SYNPCC7002_RS09175",19
"s7002",3,"SYNPCC7002_RS12090",35
"s7002",3,"SYNPCC7002_RS15535",2
"s7002",3,"SYNPCC7002_RS00010",14
"s7002",3,"SYNPCC7002_RS12105",16
"s7002",3,"SYNPCC7002_RS02410",3
"s7002",3,"SYNPCC7002_RS08860",18
"s7002",3,"SYNPCC7002_RS01085",20
"s7002",3,"SYNPCC7002_RS10145",10
"s7002",3,"SYNPCC7002_RS08480",8
"s7002",3,"SYNPCC7002_RS13450",6
"s7002",3,"SYNPCC7002_RS04290",4
"s7002",3,"SYNPCC7002_RS09195",4
"s7002",3,"SYNPCC7002_RS10525",3
"s7002",4,"SYNPCC7002_RS00850",11
"s7002",4,"SYNPCC7002_RS14440",31
"s7002",4,"SYNPCC7002_RS00650",36
"s7002",4,"SYNPCC7002_RS01800",51
"s7002",4,"SYNPCC7002_RS06150",54
"s7002",4,"SYNPCC7002_RS15255",47
"s7002",4,"SYNPCC7002_RS15720",9
"s7002",4,"SYNPCC7002_RS16320",38
"s7002",4,"SYNPCC7002_RS06540",44
"s7002",4,"SYNPCC7002_RS14385",16
"s7002",4,"SYNPCC7002_RS04650",84
"s7002",4,"SYNPCC7002_RS05135",230
"s7002",4,"SYNPCC7002_RS09780",90
"s7002",4,"SYNPCC7002_RS03950",23
"s7002",4,"SYNPCC7002_RS15680",62
"s7002",4,"SYNPCC7002_RS03760",21
"s7002",4,"SYNPCC7002_RS07295",30
"s7002",4,"SYNPCC7002_RS10050",153
"s7002",4,"SYNPCC7002_RS04780",116
"s7002",4,"SYNPCC7002_RS09630",67
"s7002",4,"SYNPCC7002_RS04680",46
"s7002",4,"SYNPCC7002_RS01335",83
"s7002",4,"SYNPCC7002_RS05460",82
"s7002",4,"SYNPCC7002_RS09995",47
"s7002",4,"SYNPCC7002_RS02715",84
"s7002",4,"SYNPCC7002_RS12395",188
"s7002",4,"SYNPCC7002_RS07385",73
"s7002",4,"SYNPCC7002_RS02455",39
"s7002",4,"SYNPCC7002_RS06165",4
"s7002",4,"SYNPCC7002_RS05985",93
"s7002",4,"SYNPCC7002_RS03295",31
"s7002",4,"SYNPCC7002_RS09320",70
"s7002",4,"SYNPCC7002_RS04890",110
"s7002",4,"SYNPCC7002_RS08390",95
"s7002",4,"SYNPCC7002_RS01420",63
"s7002",4,"SYNPCC7002_RS03030",91
"s7002",4,"SYNPCC7002_RS08945",37
"s7002",4,"SYNPCC7002_RS15520",88
"s7002",4,"SYNPCC7002_RS14790",25
"s7002",4,"SYNPCC7002_RS00690",23
"s7002",4,"SYNPCC7002_RS00635",4
"s7002",4,"SYNPCC7002_RS11685",45
"s7002",4,"SYNPCC7002_RS08965",151
"s7002",4,"SYNPCC7002_RS01085",16
"s7002",4,"SYNPCC7002_RS15030",11
"s7002",4,"SYNPCC7002_RS08175",27
"s7002",4,"SYNPCC7002_RS09820",66
"s7002",4,"SYNPCC7002_RS16160",11
"s7002",4,"SYNPCC7002_RS00050",29
"s7002",4,"SYNPCC7002_RS04250",99
"s7002",4,"SYNPCC7002_RS08255",30
"s7002",4,"SYNPCC7002_RS15995",10
"s7002",4,"SYNPCC7002_RS10145",10
"s7002",4,"SYNPCC7002_RS11400",49
"s7002",4,"SYNPCC7002_RS08210",45
"s7002",4,"SYNPCC7002_RS00260",27
"s7002",4,"SYNPCC7002_RS02410",3
"s7002",4,"SYNPCC7002_RS06005",12
"s7002",4,"SYNPCC7002_RS00640",37
"s7002",4,"SYNPCC7002_RS15410",18
"s7002",4,"SYNPCC7002_RS09260",22
"s7002",4,"SYNPCC7002_RS09845",17
"s7002",4,"SYNPCC7002_RS12090",36
"s7002",4,"SYNPCC7002_RS04290",3
"s7002",4,"SYNPCC7002_RS12515",32
"s7002",4,"SYNPCC7002_RS09090",4
"s7002",4,"SYNPCC7002_RS15535",5
"s7002",4,"SYNPCC7002_RS08860",19
"s7002",4,"SYNPCC7002_RS09175",19
"s7002",4,"SYNPCC7002_RS00010",13
"s7002",4,"SYNPCC7002_RS09420",6
"s7002",4,"SYNPCC7002_RS09195",6
"s7002",4,"SYNPCC7002_RS13450",6
"s7002",4,"SYNPCC7002_RS08480",9
"s7002",4,"SYNPCC7002_RS12105",16
"s7002",4,"SYNPCC7002_RS10525",2
"s7002",5,"SYNPCC7002_RS00850",10
"s7002",5,"SYNPCC7002_RS05135",239
"s7002",5,"SYNPCC7002_RS14385",18
"s7002",5,"SYNPCC7002_RS15720",10
"s7002",5,"SYNPCC7002_RS03950",24
"s7002",5,"SYNPCC7002_RS14440",29
"s7002",5,"SYNPCC7002_RS06150",56
"s7002",5,"SYNPCC7002_RS01335",92
"s7002",5,"SYNPCC7002_RS03295",31
"s7002",5,"SYNPCC7002_RS01800",49
"s7002",5,"SYNPCC7002_RS05985",92
"s7002",5,"SYNPCC7002_RS09630",62
"s7002",5,"SYNPCC7002_RS10050",163
"s7002",5,"SYNPCC7002_RS15680",61
"s7002",5,"SYNPCC7002_RS16320",39
"s7002",5,"SYNPCC7002_RS05460",80
"s7002",5,"SYNPCC7002_RS07385",62
"s7002",5,"SYNPCC7002_RS12395",184
"s7002",5,"SYNPCC7002_RS02455",40
"s7002",5,"SYNPCC7002_RS04680",42
"s7002",5,"SYNPCC7002_RS04780",110
"s7002",5,"SYNPCC7002_RS06540",47
"s7002",5,"SYNPCC7002_RS02715",77
"s7002",5,"SYNPCC7002_RS04650",89
"s7002",5,"SYNPCC7002_RS07295",33
"s7002",5,"SYNPCC7002_RS04890",104
"s7002",5,"SYNPCC7002_RS01420",56
"s7002",5,"SYNPCC7002_RS15255",48
"s7002",5,"SYNPCC7002_RS00260",27
"s7002",5,"SYNPCC7002_RS08255",39
"s7002",5,"SYNPCC7002_RS09780",87
"s7002",5,"SYNPCC7002_RS00640",34
"s7002",5,"SYNPCC7002_RS14790",31
"s7002",5,"SYNPCC7002_RS15030",10
"s7002",5,"SYNPCC7002_RS08175",30
"s7002",5,"SYNPCC7002_RS09320",65
"s7002",5,"SYNPCC7002_RS09820",69
"s7002",5,"SYNPCC7002_RS08965",151
"s7002",5,"SYNPCC7002_RS15520",94
"s7002",5,"SYNPCC7002_RS09175",18
"s7002",5,"SYNPCC7002_RS12090",33
"s7002",5,"SYNPCC7002_RS12515",38
"s7002",5,"SYNPCC7002_RS03030",87
"s7002",5,"SYNPCC7002_RS04250",104
"s7002",5,"SYNPCC7002_RS08390",83
"s7002",5,"SYNPCC7002_RS09995",36
"s7002",5,"SYNPCC7002_RS11685",48
"s7002",5,"SYNPCC7002_RS03760",27
"s7002",5,"SYNPCC7002_RS08860",19
"s7002",5,"SYNPCC7002_RS15535",2
"s7002",5,"SYNPCC7002_RS00650",30
"s7002",5,"SYNPCC7002_RS11400",59
"s7002",5,"SYNPCC7002_RS01085",22
"s7002",5,"SYNPCC7002_RS04290",4
"s7002",5,"SYNPCC7002_RS16160",15
"s7002",5,"SYNPCC7002_RS08945",32
"s7002",5,"SYNPCC7002_RS06005",10
"s7002",5,"SYNPCC7002_RS15995",12
"s7002",5,"SYNPCC7002_RS10145",9
"s7002",5,"SYNPCC7002_RS00010",13
"s7002",5,"SYNPCC7002_RS06165",3
"s7002",5,"SYNPCC7002_RS09260",17
"s7002",5,"SYNPCC7002_RS00050",34
"s7002",5,"SYNPCC7002_RS08210",44
"s7002",5,"SYNPCC7002_RS09195",7
"s7002",5,"SYNPCC7002_RS00690",17
"s7002",5,"SYNPCC7002_RS09090",6
"s7002",5,"SYNPCC7002_RS10525",5
"s7002",5,"SYNPCC7002_RS00635",4
"s7002",5,"SYNPCC7002_RS15410",19
"s7002",5,"SYNPCC7002_RS09420",9
"s7002",5,"SYNPCC7002_RS12105",18
"s7002",5,"SYNPCC7002_RS08480",8
"s7002",5,"SYNPCC7002_RS09845",19
"s7002",5,"SYNPCC7002_RS13450",3
"s7002",5,"SYNPCC7002_RS02410",2
"s7002",6,"SYNPCC7002_RS00850",10
"s7002",6,"SYNPCC7002_RS16320",39
"s7002",6,"SYNPCC7002_RS09630",64
"s7002",6,"SYNPCC7002_RS14385",19
"s7002",6,"SYNPCC7002_RS02715",84
"s7002",6,"SYNPCC7002_RS15720",9
"s7002",6,"SYNPCC7002_RS05135",241
"s7002",6,"SYNPCC7002_RS14440",33
"s7002",6,"SYNPCC7002_RS03950",28
"s7002",6,"SYNPCC7002_RS06150",56
"s7002",6,"SYNPCC7002_RS10050",152
"s7002",6,"SYNPCC7002_RS12395",193
"s7002",6,"SYNPCC7002_RS14790",28
"s7002",6,"SYNPCC7002_RS15520",98
"s7002",6,"SYNPCC7002_RS11685",45
"s7002",6,"SYNPCC7002_RS04680",43
"s7002",6,"SYNPCC7002_RS05985",91
"s7002",6,"SYNPCC7002_RS05460",79
"s7002",6,"SYNPCC7002_RS15030",10
"s7002",6,"SYNPCC7002_RS09820",66
"s7002",6,"SYNPCC7002_RS00640",40
"s7002",6,"SYNPCC7002_RS01800",49
"s7002",6,"SYNPCC7002_RS01335",76
"s7002",6,"SYNPCC7002_RS08390",88
"s7002",6,"SYNPCC7002_RS00260",24
"s7002",6,"SYNPCC7002_RS08175",31
"s7002",6,"SYNPCC7002_RS15680",64
"s7002",6,"SYNPCC7002_RS04890",103
"s7002",6,"SYNPCC7002_RS04780",110
"s7002",6,"SYNPCC7002_RS04650",86
"s7002",6,"SYNPCC7002_RS09780",80
"s7002",6,"SYNPCC7002_RS15255",41
"s7002",6,"SYNPCC7002_RS07385",60
"s7002",6,"SYNPCC7002_RS04250",100
"s7002",6,"SYNPCC7002_RS01420",70
"s7002",6,"SYNPCC7002_RS16160",13
"s7002",6,"SYNPCC7002_RS09175",19
"s7002",6,"SYNPCC7002_RS01085",16
"s7002",6,"SYNPCC7002_RS09320",81
"s7002",6,"SYNPCC7002_RS06165",3
"s7002",6,"SYNPCC7002_RS03295",33
"s7002",6,"SYNPCC7002_RS08965",156
"s7002",6,"SYNPCC7002_RS03030",93
"s7002",6,"SYNPCC7002_RS00050",33
"s7002",6,"SYNPCC7002_RS08860",19
"s7002",6,"SYNPCC7002_RS06540",38
"s7002",6,"SYNPCC7002_RS15535",3
"s7002",6,"SYNPCC7002_RS10145",9
"s7002",6,"SYNPCC7002_RS08255",33
"s7002",6,"SYNPCC7002_RS00650",30
"s7002",6,"SYNPCC7002_RS02455",38
"s7002",6,"SYNPCC7002_RS09195",8
"s7002",6,"SYNPCC7002_RS08210",46
"s7002",6,"SYNPCC7002_RS07295",37
"s7002",6,"SYNPCC7002_RS09995",37
"s7002",6,"SYNPCC7002_RS08945",34
"s7002",6,"SYNPCC7002_RS11400",53
"s7002",6,"SYNPCC7002_RS12090",26
"s7002",6,"SYNPCC7002_RS09420",10
"s7002",6,"SYNPCC7002_RS00010",14
"s7002",6,"SYNPCC7002_RS06005",12
"s7002",6,"SYNPCC7002_RS02410",3
"s7002",6,"SYNPCC7002_RS03760",26
"s7002",6,"SYNPCC7002_RS10525",3
"s7002",6,"SYNPCC7002_RS08480",5
"s7002",6,"SYNPCC7002_RS12515",33
"s7002",6,"SYNPCC7002_RS09090",6
"s7002",6,"SYNPCC7002_RS09845",19
"s7002",6,"SYNPCC7002_RS15410",20
"s7002",6,"SYNPCC7002_RS09260",18
"s7002",6,"SYNPCC7002_RS00690",23
"s7002",6,"SYNPCC7002_RS12105",18
"s7002",6,"SYNPCC7002_RS00635",3
"s7002",6,"SYNPCC7002_RS15995",9
"s7002",6,"SYNPCC7002_RS13450",4
"s7002",6,"SYNPCC7002_RS04290",5
"s7002",6,"SYNPCC7002_RS09950",1
"s7002",7,"SYNPCC7002_RS00850",10
"s7002",7,"SYNPCC7002_RS09630",65
"s7002",7,"SYNPCC7002_RS02715",80
"s7002",7,"SYNPCC7002_RS15720",10
"s7002",7,"SYNPCC7002_RS03950",21
"s7002",7,"SYNPCC7002_RS16320",39
"s7002",7,"SYNPCC7002_RS06150",57
"s7002",7,"SYNPCC7002_RS15680",58
"s7002",7,"SYNPCC7002_RS05460",82
"s7002",7,"SYNPCC7002_RS14385",19
"s7002",7,"SYNPCC7002_RS14440",31
"s7002",7,"SYNPCC7002_RS12395",198
"s7002",7,"SYNPCC7002_RS05135",245
"s7002",7,"SYNPCC7002_RS08945",41
"s7002",7,"SYNPCC7002_RS04680",43
"s7002",7,"SYNPCC7002_RS03030",90
"s7002",7,"SYNPCC7002_RS01800",45
"s7002",7,"SYNPCC7002_RS09320",78
"s7002",7,"SYNPCC7002_RS10050",152
"s7002",7,"SYNPCC7002_RS15520",95
"s7002",7,"SYNPCC7002_RS04650",84
"s7002",7,"SYNPCC7002_RS06540",48
"s7002",7,"SYNPCC7002_RS01085",14
"s7002",7,"SYNPCC7002_RS07385",53
"s7002",7,"SYNPCC7002_RS05985",99
"s7002",7,"SYNPCC7002_RS15255",40
"s7002",7,"SYNPCC7002_RS02455",39
"s7002",7,"SYNPCC7002_RS03295",29
"s7002",7,"SYNPCC7002_RS08965",147
"s7002",7,"SYNPCC7002_RS01335",73
"s7002",7,"SYNPCC7002_RS08390",92
"s7002",7,"SYNPCC7002_RS08255",34
"s7002",7,"SYNPCC7002_RS00635",3
"s7002",7,"SYNPCC7002_RS07295",30
"s7002",7,"SYNPCC7002_RS15030",14
"s7002",7,"SYNPCC7002_RS04890",105
"s7002",7,"SYNPCC7002_RS00260",22
"s7002",7,"SYNPCC7002_RS03760",25
"s7002",7,"SYNPCC7002_RS04250",109
"s7002",7,"SYNPCC7002_RS00050",30
"s7002",7,"SYNPCC7002_RS09780",93
"s7002",7,"SYNPCC7002_RS16160",12
"s7002",7,"SYNPCC7002_RS00690",19
"s7002",7,"SYNPCC7002_RS00650",35
"s7002",7,"SYNPCC7002_RS08175",31
"s7002",7,"SYNPCC7002_RS09845",15
"s7002",7,"SYNPCC7002_RS09175",18
"s7002",7,"SYNPCC7002_RS01420",59
"s7002",7,"SYNPCC7002_RS09820",69
"s7002",7,"SYNPCC7002_RS04780",118
"s7002",7,"SYNPCC7002_RS10145",9
"s7002",7,"SYNPCC7002_RS08480",5
"s7002",7,"SYNPCC7002_RS14790",29
"s7002",7,"SYNPCC7002_RS09195",10
"s7002",7,"SYNPCC7002_RS11685",47
"s7002",7,"SYNPCC7002_RS02410",3
"s7002",7,"SYNPCC7002_RS09995",45
"s7002",7,"SYNPCC7002_RS12090",37
"s7002",7,"SYNPCC7002_RS15410",26
"s7002",7,"SYNPCC7002_RS08860",19
"s7002",7,"SYNPCC7002_RS09260",19
"s7002",7,"SYNPCC7002_RS12515",36
"s7002",7,"SYNPCC7002_RS08210",40
"s7002",7,"SYNPCC7002_RS13450",6
"s7002",7,"SYNPCC7002_RS11400",46
"s7002",7,"SYNPCC7002_RS12105",13
"s7002",7,"SYNPCC7002_RS09090",6
"s7002",7,"SYNPCC7002_RS06165",3
"s7002",7,"SYNPCC7002_RS00640",33
"s7002",7,"SYNPCC7002_RS06005",11
"s7002",7,"SYNPCC7002_RS15995",6
"s7002",7,"SYNPCC7002_RS00010",11
"s7002",7,"SYNPCC7002_RS09420",10
"s7002",7,"SYNPCC7002_RS10525",6
"s7002",7,"SYNPCC7002_RS04290",4
"s7002",7,"SYNPCC7002_RS15535",2
"s7002",8,"SYNPCC7002_RS15720",10
"s7002",8,"SYNPCC7002_RS00850",10
"s7002",8,"SYNPCC7002_RS05135",237
"s7002",8,"SYNPCC7002_RS01335",67
"s7002",8,"SYNPCC7002_RS14385",16
"s7002",8,"SYNPCC7002_RS04780",108
"s7002",8,"SYNPCC7002_RS14440",30
"s7002",8,"SYNPCC7002_RS04650",84
"s7002",8,"SYNPCC7002_RS02715",78
"s7002",8,"SYNPCC7002_RS12395",187
"s7002",8,"SYNPCC7002_RS15030",11
"s7002",8,"SYNPCC7002_RS15680",65
"s7002",8,"SYNPCC7002_RS09630",64
"s7002",8,"SYNPCC7002_RS06150",52
"s7002",8,"SYNPCC7002_RS03295",33
"s7002",8,"SYNPCC7002_RS16320",43
"s7002",8,"SYNPCC7002_RS04890",111
"s7002",8,"SYNPCC7002_RS04680",50
"s7002",8,"SYNPCC7002_RS15255",49
"s7002",8,"SYNPCC7002_RS01800",47
"s7002",8,"SYNPCC7002_RS10050",161
"s7002",8,"SYNPCC7002_RS03950",23
"s7002",8,"SYNPCC7002_RS05460",76
"s7002",8,"SYNPCC7002_RS03760",25
"s7002",8,"SYNPCC7002_RS15520",84
"s7002",8,"SYNPCC7002_RS11685",48
"s7002",8,"SYNPCC7002_RS05985",92
"s7002",8,"SYNPCC7002_RS08390",93
"s7002",8,"SYNPCC7002_RS02455",42
"s7002",8,"SYNPCC7002_RS08965",159
"s7002",8,"SYNPCC7002_RS07385",68
"s7002",8,"SYNPCC7002_RS09780",99
"s7002",8,"SYNPCC7002_RS09175",14
"s7002",8,"SYNPCC7002_RS06540",43
"s7002",8,"SYNPCC7002_RS00650",34
"s7002",8,"SYNPCC7002_RS09820",67
"s7002",8,"SYNPCC7002_RS10145",9
"s7002",8,"SYNPCC7002_RS00635",4
"s7002",8,"SYNPCC7002_RS09320",75
"s7002",8,"SYNPCC7002_RS01420",66
"s7002",8,"SYNPCC7002_RS00260",25
"s7002",8,"SYNPCC7002_RS03030",92
"s7002",8,"SYNPCC7002_RS00050",35
"s7002",8,"SYNPCC7002_RS00640",32
"s7002",8,"SYNPCC7002_RS16160",11
"s7002",8,"SYNPCC7002_RS08480",4
"s7002",8,"SYNPCC7002_RS08945",44
"s7002",8,"SYNPCC7002_RS12090",32
"s7002",8,"SYNPCC7002_RS09845",19
"s7002",8,"SYNPCC7002_RS14790",26
"s7002",8,"SYNPCC7002_RS04250",108
"s7002",8,"SYNPCC7002_RS15410",21
"s7002",8,"SYNPCC7002_RS08210",45
"s7002",8,"SYNPCC7002_RS01085",13
"s7002",8,"SYNPCC7002_RS09995",42
"s7002",8,"SYNPCC7002_RS09195",8
"s7002",8,"SYNPCC7002_RS08175",22
"s7002",8,"SYNPCC7002_RS11400",40
"s7002",8,"SYNPCC7002_RS08255",40
"s7002",8,"SYNPCC7002_RS00010",15
"s7002",8,"SYNPCC7002_RS08860",17
"s7002",8,"SYNPCC7002_RS12515",30
"s7002",8,"SYNPCC7002_RS09260",21
"s7002",8,"SYNPCC7002_RS00690",23
"s7002",8,"SYNPCC7002_RS07295",30
"s7002",8,"SYNPCC7002_RS09090",5
"s7002",8,"SYNPCC7002_RS12105",12
"s7002",8,"SYNPCC7002_RS06165",5
"s7002",8,"SYNPCC7002_RS06005",14
"s7002",8,"SYNPCC7002_RS15995",10
"s7002",8,"SYNPCC7002_RS04290",2
"s7002",8,"SYNPCC7002_RS09420",8
"s7002",8,"SYNPCC7002_RS15535",2
"s7002",8,"SYNPCC7002_RS13450",6
"s7002",8,"SYNPCC7002_RS02410",1
"s7002",8,"SYNPCC7002_RS10525",5
"s7002",8,"SYNPCC7002_RS09950",1
"s7002",9,"SYNPCC7002_RS00850",11
"s7002",9,"SYNPCC7002_RS09630",64
"s7002",9,"SYNPCC7002_RS14440",30
"s7002",9,"SYNPCC7002_RS16320",33
"s7002",9,"SYNPCC7002_RS10050",155
"s7002",9,"SYNPCC7002_RS06150",54
"s7002",9,"SYNPCC7002_RS05135",245
"s7002",9,"SYNPCC7002_RS04650",79
"s7002",9,"SYNPCC7002_RS15680",63
"s7002",9,"SYNPCC7002_RS01335",82
"s7002",9,"SYNPCC7002_RS05985",104
"s7002",9,"SYNPCC7002_RS15720",10
"s7002",9,"SYNPCC7002_RS08965",169
"s7002",9,"SYNPCC7002_RS15030",8
"s7002",9,"SYNPCC7002_RS08390",94
"s7002",9,"SYNPCC7002_RS12395",187
"s7002",9,"SYNPCC7002_RS04680",42
"s7002",9,"SYNPCC7002_RS06540",37
"s7002",9,"SYNPCC7002_RS15255",45
"s7002",9,"SYNPCC7002_RS14790",28
"s7002",9,"SYNPCC7002_RS04890",97
"s7002",9,"SYNPCC7002_RS14385",19
"s7002",9,"SYNPCC7002_RS04780",120
"s7002",9,"SYNPCC7002_RS09780",82
"s7002",9,"SYNPCC7002_RS05460",84
"s7002",9,"SYNPCC7002_RS02715",84
"s7002",9,"SYNPCC7002_RS00640",42
"s7002",9,"SYNPCC7002_RS08255",34
"s7002",9,"SYNPCC7002_RS03950",21
"s7002",9,"SYNPCC7002_RS15520",90
"s7002",9,"SYNPCC7002_RS08210",47
"s7002",9,"SYNPCC7002_RS09195",10
"s7002",9,"SYNPCC7002_RS09995",35
"s7002",9,"SYNPCC7002_RS09820",67
"s7002",9,"SYNPCC7002_RS03295",33
"s7002",9,"SYNPCC7002_RS04250",96
"s7002",9,"SYNPCC7002_RS11685",49
"s7002",9,"SYNPCC7002_RS03030",92
"s7002",9,"SYNPCC7002_RS01800",42
"s7002",9,"SYNPCC7002_RS07385",56
"s7002",9,"SYNPCC7002_RS08175",27
"s7002",9,"SYNPCC7002_RS08860",20
"s7002",9,"SYNPCC7002_RS01420",62
"s7002",9,"SYNPCC7002_RS02455",41
"s7002",9,"SYNPCC7002_RS01085",14
"s7002",9,"SYNPCC7002_RS09320",68
"s7002",9,"SYNPCC7002_RS06005",14
"s7002",9,"SYNPCC7002_RS12515",31
"s7002",9,"SYNPCC7002_RS00650",32
"s7002",9,"SYNPCC7002_RS16160",12
"s7002",9,"SYNPCC7002_RS10145",12
"s7002",9,"SYNPCC7002_RS08945",40
"s7002",9,"SYNPCC7002_RS12090",30
"s7002",9,"SYNPCC7002_RS07295",32
"s7002",9,"SYNPCC7002_RS11400",53
"s7002",9,"SYNPCC7002_RS00635",4
"s7002",9,"SYNPCC7002_RS15995",11
"s7002",9,"SYNPCC7002_RS00050",28
"s7002",9,"SYNPCC7002_RS03760",31
"s7002",9,"SYNPCC7002_RS02410",2
"s7002",9,"SYNPCC7002_RS09090",6
"s7002",9,"SYNPCC7002_RS09845",14
"s7002",9,"SYNPCC7002_RS06165",5
"s7002",9,"SYNPCC7002_RS09420",8
"s7002",9,"SYNPCC7002_RS00260",20
"s7002",9,"SYNPCC7002_RS04290",3
"s7002",9,"SYNPCC7002_RS09175",22
"s7002",9,"SYNPCC7002_RS15410",20
"s7002",9,"SYNPCC7002_RS00690",22
"s7002",9,"SYNPCC7002_RS09260",26
"s7002",9,"SYNPCC7002_RS08480",12
"s7002",9,"SYNPCC7002_RS12105",12
"s7002",9,"SYNPCC7002_RS15535",3
"s7002",9,"SYNPCC7002_RS13450",4
"s7002",9,"SYNPCC7002_RS00010",13
"s7002",9,"SYNPCC7002_RS10525",6
"s7002",10,"SYNPCC7002_RS00850",10
"s7002",10,"SYNPCC7002_RS14385",16
"s7002",10,"SYNPCC7002_RS15720",9
"s7002",10,"SYNPCC7002_RS03950",23
"s7002",10,"SYNPCC7002_RS14440",29
"s7002",10,"SYNPCC7002_RS09630",65
"s7002",10,"SYNPCC7002_RS12395",197
"s7002",10,"SYNPCC7002_RS15520",94
"s7002",10,"SYNPCC7002_RS06150",62
"s7002",10,"SYNPCC7002_RS05135",247
"s7002",10,"SYNPCC7002_RS05985",95
"s7002",10,"SYNPCC7002_RS04650",83
"s7002",10,"SYNPCC7002_RS01800",56
"s7002",10,"SYNPCC7002_RS08175",29
"s7002",10,"SYNPCC7002_RS04680",44
"s7002",10,"SYNPCC7002_RS16320",37
"s7002",10,"SYNPCC7002_RS08390",89
"s7002",10,"SYNPCC7002_RS00260",22
"s7002",10,"SYNPCC7002_RS15030",10
"s7002",10,"SYNPCC7002_RS04780",112
"s7002",10,"SYNPCC7002_RS15255",40
"s7002",10,"SYNPCC7002_RS15680",66
"s7002",10,"SYNPCC7002_RS02455",41
"s7002",10,"SYNPCC7002_RS04890",99
"s7002",10,"SYNPCC7002_RS00650",34
"s7002",10,"SYNPCC7002_RS10050",168
"s7002",10,"SYNPCC7002_RS05460",79
"s7002",10,"SYNPCC7002_RS09780",91
"s7002",10,"SYNPCC7002_RS06165",4
"s7002",10,"SYNPCC7002_RS03295",29
"s7002",10,"SYNPCC7002_RS08965",161
"s7002",10,"SYNPCC7002_RS16160",14
"s7002",10,"SYNPCC7002_RS09320",68
"s7002",10,"SYNPCC7002_RS11400",48
"s7002",10,"SYNPCC7002_RS00050",25
"s7002",10,"SYNPCC7002_RS02715",79
"s7002",10,"SYNPCC7002_RS07385",67
"s7002",10,"SYNPCC7002_RS01085",17
"s7002",10,"SYNPCC7002_RS01420",58
"s7002",10,"SYNPCC7002_RS08255",29
"s7002",10,"SYNPCC7002_RS14790",28
"s7002",10,"SYNPCC7002_RS01335",75
"s7002",10,"SYNPCC7002_RS06540",41
"s7002",10,"SYNPCC7002_RS09820",64
"s7002",10,"SYNPCC7002_RS08210",49
"s7002",10,"SYNPCC7002_RS03030",100
"s7002",10,"SYNPCC7002_RS07295",35
"s7002",10,"SYNPCC7002_RS09090",7
"s7002",10,"SYNPCC7002_RS00640",30
"s7002",10,"SYNPCC7002_RS11685",51
"s7002",10,"SYNPCC7002_RS09845",17
"s7002",10,"SYNPCC7002_RS06005",11
"s7002",10,"SYNPCC7002_RS04250",98
"s7002",10,"SYNPCC7002_RS09175",17
"s7002",10,"SYNPCC7002_RS15995",6
"s7002",10,"SYNPCC7002_RS00010",11
"s7002",10,"SYNPCC7002_RS03760",25
"s7002",10,"SYNPCC7002_RS00635",4
"s7002",10,"SYNPCC7002_RS09995",38
"s7002",10,"SYNPCC7002_RS00690",21
"s7002",10,"SYNPCC7002_RS12090",33
"s7002",10,"SYNPCC7002_RS08945",40
"s7002",10,"SYNPCC7002_RS15535",3
"s7002",10,"SYNPCC7002_RS12515",35
"s7002",10,"SYNPCC7002_RS08480",9
"s7002",10,"SYNPCC7002_RS09260",18
"s7002",10,"SYNPCC7002_RS09195",5
"s7002",10,"SYNPCC7002_RS15410",23
"s7002",10,"SYNPCC7002_RS08860",14
"s7002",10,"SYNPCC7002_RS09420",6
"s7002",10,"SYNPCC7002_RS10145",10
"s7002",10,"SYNPCC7002_RS12105",18
"s7002",10,"SYNPCC7002_RS02410",2
"s7002",10,"SYNPCC7002_RS10525",5
"s7002",10,"SYNPCC7002_RS04290",3
"s7002",10,"SYNPCC7002_RS13450",2
