"seed","regulator","out_degree"
1,"SYNPCC7942_RS06230",1
1,"SYNPCC7942_RS08885",4
1,"SYNPCC7942_RS03075",16
1,"SYNPCC7942_RS03260",76
1,"SYNPCC7942_RS09380",4
1,"SYNPCC7942_RS00480",44
1,"SYNPCC7942_RS05640",125
1,"SYNPCC7942_RS08645",40
1,"SYNPCC7942_RS03160",27
1,"SYNPCC7942_RS09500",77
1,"SYNPCC7942_RS11465",86
1,"SYNPCC7942_RS07805",62
1,"SYNPCC7942_RS10700",25
1,"SYNPCC7942_RS10260",29
1,"SYNPCC7942_RS08820",11
1,"SYNPCC7942_RS07435",43
1,"SYNPCC7942_RS03325",30
1,"SYNPCC7942_RS03565",99
1,"SYNPCC7942_RS05870",48
1,"SYNPCC7942_RS06700",2
1,"SYNPCC7942_RS07185",33
1,"SYNPCC7942_RS00645",16
1,"SYNPCC7942_RS12560",12
1,"SYNPCC7942_RS05070",47
1,"SYNPCC7942_RS04225",43
1,"SYNPCC7942_RS09435",56
1,"SYNPCC7942_RS06365",4
1,"SYNPCC7942_RS00455",8
1,"SYNPCC7942_RS05230",5
1,"SYNPCC7942_RS12535",3
1,"SYNPCC7942_RS13165",1
1,"SYNPCC7942_RS10040",16
1,"SYNPCC7942_RS06745",5
1,"SYNPCC7942_RS03530",1
1,"SYNPCC7942_RS10350",1
2,"SYNPCC7942_RS06230",2
2,"SYNPCC7942_RS08885",3
2,"SYNPCC7942_RS03075",15
2,"SYNPCC7942_RS11465",75
2,"SYNPCC7942_RS03160",25
2,"SYNPCC7942_RS03260",68
2,"SYNPCC7942_RS00480",47
2,"SYNPCC7942_RS03565",110
2,"SYNPCC7942_RS12560",15
2,"SYNPCC7942_RS10700",25
2,"SYNPCC7942_RS08645",35
2,"SYNPCC7942_RS07435",47
2,"SYNPCC7942_RS05870",61
2,"SYNPCC7942_RS10260",26
2,"SYNPCC7942_RS05640",125
2,"SYNPCC7942_RS03325",29
2,"SYNPCC7942_RS07805",60
2,"SYNPCC7942_RS00645",19
2,"SYNPCC7942_RS09500",76
2,"SYNPCC7942_RS09435",55
2,"SYNPCC7942_RS09380",4
2,"SYNPCC7942_RS08820",10
2,"SYNPCC7942_RS07185",35
2,"SYNPCC7942_RS06700",2
2,"SYNPCC7942_RS06365",2
2,"SYNPCC7942_RS04225",31
2,"SYNPCC7942_RS05070",43
2,"SYNPCC7942_RS06745",7
2,"SYNPCC7942_RS10040",22
2,"SYNPCC7942_RS10350",2
2,"SYNPCC7942_RS05230",8
2,"SYNPCC7942_RS03530",2
2,"SYNPCC7942_RS12535",3
2,"SYNPCC7942_RS13165",1
2,"SYNPCC7942_RS00455",10
3,"SYNPCC7942_RS06230",1
3,"SYNPCC7942_RS08885",3
3,"SYNPCC7942_RS03075",16
3,"SYNPCC7942_RS03260",75
3,"SYNPCC7942_RS11465",76
3,"SYNPCC7942_RS09380",4
3,"SYNPCC7942_RS03160",28
3,"SYNPCC7942_RS00480",44
3,"SYNPCC7942_RS05640",121
3,"SYNPCC7942_RS03565",101
3,"SYNPCC7942_RS10700",29
3,"SYNPCC7942_RS03325",28
3,"SYNPCC7942_RS08645",44
3,"SYNPCC7942_RS09500",79
3,"SYNPCC7942_RS06700",3
3,"SYNPCC7942_RS10260",24
3,"SYNPCC7942_RS07435",46
3,"SYNPCC7942_RS12560",14
3,"SYNPCC7942_RS07805",58
3,"SYNPCC7942_RS09435",65
3,"SYNPCC7942_RS08820",9
3,"SYNPCC7942_RS05070",41
3,"SYNPCC7942_RS05870",55
3,"SYNPCC7942_RS10040",22
3,"SYNPCC7942_RS07185",29
3,"SYNPCC7942_RS00645",18
3,"SYNPCC7942_RS09760",3
3,"SYNPCC7942_RS04225",36
3,"SYNPCC7942_RS06365",5
3,"SYNPCC7942_RS06745",5
3,"SYNPCC7942_RS00455",6
3,"SYNPCC7942_RS05230",7
3,"SYNPCC7942_RS03530",3
3,"SYNPCC7942_RS12535",3
3,"SYNPCC7942_RS13165",1
3,"SYNPCC7942_RS10350",1
4,"SYNPCC7942_RS06230",1
4,"SYNPCC7942_RS08885",4
4,"SYNPCC7942_RS03075",14
4,"SYNPCC7942_RS03260",73
4,"SYNPCC7942_RS09380",4
4,"SYNPCC7942_RS07435",45
4,"SYNPCC7942_RS05640",127
4,"SYNPCC7942_RS03160",23
4,"SYNPCC7942_RS10700",30
4,"SYNPCC7942_RS10260",22
4,"SYNPCC7942_RS08645",40
4,"SYNPCC7942_RS11465",72
4,"SYNPCC7942_RS03325",33
4,"SYNPCC7942_RS08820",11
4,"SYNPCC7942_RS00480",40
4,"SYNPCC7942_RS09500",77
4,"SYNPCC7942_RS03565",97
4,"SYNPCC7942_RS07805",66
4,"SYNPCC7942_RS00645",18
4,"SYNPCC7942_RS05870",59
4,"SYNPCC7942_RS12560",13
4,"SYNPCC7942_RS07185",31
4,"SYNPCC7942_RS06700",2
4,"SYNPCC7942_RS04225",39
4,"SYNPCC7942_RS09435",59
4,"SYNPCC7942_RS10040",17
4,"SYNPCC7942_RS06365",3
4,"SYNPCC7942_RS06745",7
4,"SYNPCC7942_RS05070",52
4,"SYNPCC7942_RS00455",8
4,"SYNPCC7942_RS10350",2
4,"SYNPCC7942_RS05230",6
4,"SYNPCC7942_RS12535",2
4,"SYNPCC7942_RS03530",2
4,"SYNPCC7942_RS13165",1
5,"SYNPCC7942_RS06230",1
5,"SYNPCC7942_RS08885",3
5,"SYNPCC7942_RS03075",16
5,"SYNPCC7942_RS03260",75
5,"SYNPCC7942_RS10700",26
5,"SYNPCC7942_RS03565",94
5,"SYNPCC7942_RS00480",38
5,"SYNPCC7942_RS11465",84
5,"SYNPCC7942_RS05640",130
5,"SYNPCC7942_RS03160",24
5,"SYNPCC7942_RS03325",34
5,"SYNPCC7942_RS08645",36
5,"SYNPCC7942_RS07435",42
5,"SYNPCC7942_RS10260",29
5,"SYNPCC7942_RS08820",11
5,"SYNPCC7942_RS06700",2
5,"SYNPCC7942_RS09500",68
5,"SYNPCC7942_RS07185",36
5,"SYNPCC7942_RS09380",4
5,"SYNPCC7942_RS05870",54
5,"SYNPCC7942_RS07805",69
5,"SYNPCC7942_RS09435",57
5,"SYNPCC7942_RS04225",41
5,"SYNPCC7942_RS12560",16
5,"SYNPCC7942_RS10040",18
5,"SYNPCC7942_RS06745",8
5,"SYNPCC7942_RS00645",17
5,"SYNPCC7942_RS05070",44
5,"SYNPCC7942_RS12535",2
5,"SYNPCC7942_RS05230",7
5,"SYNPCC7942_RS00455",7
5,"SYNPCC7942_RS03530",1
5,"SYNPCC7942_RS06365",3
5,"SYNPCC7942_RS10350",1
6,"SYNPCC7942_RS06230",1
6,"SYNPCC7942_RS03075",16
6,"SYNPCC7942_RS03260",76
6,"SYNPCC7942_RS11465",79
6,"SYNPCC7942_RS07805",68
6,"SYNPCC7942_RS09380",4
6,"SYNPCC7942_RS03325",30
6,"SYNPCC7942_RS05640",127
6,"SYNPCC7942_RS03565",105
6,"SYNPCC7942_RS10700",28
6,"SYNPCC7942_RS07435",43
6,"SYNPCC7942_RS00480",42
6,"SYNPCC7942_RS08645",33
6,"SYNPCC7942_RS08820",10
6,"SYNPCC7942_RS06700",2
6,"SYNPCC7942_RS03160",29
6,"SYNPCC7942_RS09500",81
6,"SYNPCC7942_RS00645",19
6,"SYNPCC7942_RS12560",13
6,"SYNPCC7942_RS09435",48
6,"SYNPCC7942_RS07185",34
6,"SYNPCC7942_RS10260",29
6,"SYNPCC7942_RS06745",5
6,"SYNPCC7942_RS05070",40
6,"SYNPCC7942_RS04225",37
6,"SYNPCC7942_RS05870",56
6,"SYNPCC7942_RS10040",15
6,"SYNPCC7942_RS12535",3
6,"SYNPCC7942_RS05230",6
6,"SYNPCC7942_RS06365",4
6,"SYNPCC7942_RS13165",1
6,"SYNPCC7942_RS00455",10
6,"SYNPCC7942_RS10350",2
6,"SYNPCC7942_RS03530",1
7,"SYNPCC7942_RS06230",1
7,"SYNPCC7942_RS08885",3
7,"SYNPCC7942_RS03075",16
7,"SYNPCC7942_RS03260",76
7,"SYNPCC7942_RS08645",40
7,"SYNPCC7942_RS05640",124
7,"SYNPCC7942_RS10700",29
7,"SYNPCC7942_RS03160",28
7,"SYNPCC7942_RS10260",27
7,"SYNPCC7942_RS07435",42
7,"SYNPCC7942_RS03565",97
7,"SYNPCC7942_RS11465",77
7,"SYNPCC7942_RS09435",58
7,"SYNPCC7942_RS00480",45
7,"SYNPCC7942_RS07185",35
7,"SYNPCC7942_RS06700",3
7,"SYNPCC7942_RS03325",30
7,"SYNPCC7942_RS12560",14
7,"SYNPCC7942_RS09500",81
7,"SYNPCC7942_RS09380",4
7,"SYNPCC7942_RS00645",17
7,"SYNPCC7942_RS07805",64
7,"SYNPCC7942_RS08820",6
7,"SYNPCC7942_RS05870",56
7,"SYNPCC7942_RS05070",43
7,"SYNPCC7942_RS10040",18
7,"SYNPCC7942_RS06745",6
7,"SYNPCC7942_RS09760",3
7,"SYNPCC7942_RS04225",39
7,"SYNPCC7942_RS00455",7
7,"SYNPCC7942_RS12535",4
7,"SYNPCC7942_RS06365",2
7,"SYNPCC7942_RS10350",1
7,"SYNPCC7942_RS13165",1
7,"SYNPCC7942_RS03530",1
7,"SYNPCC7942_RS05230",5
8,"SYNPCC7942_RS06230",1
8,"SYNPCC7942_RS08885",3
8,"SYNPCC7942_RS03075",16
8,"SYNPCC7942_RS03260",76
8,"SYNPCC7942_RS11465",79
8,"SYNPCC7942_RS09380",4
8,"SYNPCC7942_RS10700",26
8,"SYNPCC7942_RS07435",48
8,"SYNPCC7942_RS05640",131
8,"SYNPCC7942_RS03325",31
8,"SYNPCC7942_RS03160",26
8,"SYNPCC7942_RS09500",77
8,"SYNPCC7942_RS00480",39
8,"SYNPCC7942_RS10260",28
8,"SYNPCC7942_RS07805",62
8,"SYNPCC7942_RS08645",33
8,"SYNPCC7942_RS12560",17
8,"SYNPCC7942_RS03565",90
8,"SYNPCC7942_RS06700",3
8,"SYNPCC7942_RS00645",18
8,"SYNPCC7942_RS05870",55
8,"SYNPCC7942_RS08820",10
8,"SYNPCC7942_RS10040",23
8,"SYNPCC7942_RS04225",40
8,"SYNPCC7942_RS07185",35
8,"SYNPCC7942_RS09435",57
8,"SYNPCC7942_RS09760",2
8,"SYNPCC7942_RS06365",2
8,"SYNPCC7942_RS05070",46
8,"SYNPCC7942_RS05230",8
8,"SYNPCC7942_RS06745",5
8,"SYNPCC7942_RS12535",1
8,"SYNPCC7942_RS00455",7
8,"SYNPCC7942_RS10350",2
9,"SYNPCC7942_RS06230",1
9,"SYNPCC7942_RS08885",5
9,"SYNPCC7942_RS03075",14
9,"SYNPCC7942_RS03260",76
9,"SYNPCC7942_RS10260",26
9,"SYNPCC7942_RS09380",4
9,"SYNPCC7942_RS05640",130
9,"SYNPCC7942_RS11465",74
9,"SYNPCC7942_RS10700",27
9,"SYNPCC7942_RS03160",26
9,"SYNPCC7942_RS08645",37
9,"SYNPCC7942_RS03325",32
9,"SYNPCC7942_RS07435",46
9,"SYNPCC7942_RS07805",62
9,"SYNPCC7942_RS03565",107
9,"SYNPCC7942_RS06700",3
9,"SYNPCC7942_RS09500",83
9,"SYNPCC7942_RS00480",39
9,"SYNPCC7942_RS12560",14
9,"SYNPCC7942_RS05870",56
9,"SYNPCC7942_RS07185",31
9,"SYNPCC7942_RS00645",20
9,"SYNPCC7942_RS09435",49
9,"SYNPCC7942_RS06365",2
9,"SYNPCC7942_RS10040",26
9,"SYNPCC7942_RS05070",43
9,"SYNPCC7942_RS04225",33
9,"SYNPCC7942_RS06745",5
9,"SYNPCC7942_RS08820",7
9,"SYNPCC7942_RS13165",1
9,"SYNPCC7942_RS00455",9
9,"SYNPCC7942_RS10350",1
9,"SYNPCC7942_RS03530",2
9,"SYNPCC7942_RS12535",3
9,"SYNPCC7942_RS05230",5
10,"SYNPCC7942_RS06230",1
10,"SYNPCC7942_RS08885",3
10,"SYNPCC7942_RS03075",17
10,"SYNPCC7942_RS11465",82
10,"SYNPCC7942_RS05640",131
10,"SYNPCC7942_RS03260",72
10,"SYNPCC7942_RS03160",22
10,"SYNPCC7942_RS09500",75
10,"SYNPCC7942_RS08645",40
10,"SYNPCC7942_RS12560",17
10,"SYNPCC7942_RS03325",29
10,"SYNPCC7942_RS07435",42
10,"SYNPCC7942_RS10700",28
10,"SYNPCC7942_RS05070",51
10,"SYNPCC7942_RS03565",98
10,"SYNPCC7942_RS08820",10
10,"SYNPCC7942_RS09380",4
10,"SYNPCC7942_RS00480",45
10,"SYNPCC7942_RS07805",62
10,"SYNPCC7942_RS06700",3
10,"SYNPCC7942_RS07185",38
10,"SYNPCC7942_RS10260",29
10,"SYNPCC7942_RS09435",53
10,"SYNPCC7942_RS00645",16
10,"SYNPCC7942_RS05870",54
10,"SYNPCC7942_RS10040",17
10,"SYNPCC7942_RS04225",35
10,"SYNPCC7942_RS00455",6
10,"SYNPCC7942_RS06365",4
10,"SYNPCC7942_RS06745",5
10,"SYNPCC7942_RS12535",2
10,"SYNPCC7942_RS03530",1
10,"SYNPCC7942_RS05230",5
10,"SYNPCC7942_RS13165",1
10,"SYNPCC7942_RS03440",1
10,"SYNPCC7942_RS07720",1
