"homology","source","term","description","gene_ratio","gene_count","set_size","term_size","universe","fold","p_value","q_value","umbrella"
"PCC 7942 - PCC 6803 - PCC 7002","COG","J","Translation, ribosomal structure and biogenesis","148/1362",148,1362,166,2712,1.77527732073669,4.54360412063305e-28,9.5415686533294e-27,""
"PCC 7942 - PCC 6803 - PCC 7002","COG","C","Energy production and conversion","144/1362",144,1362,204,2712,1.40554547810314,6.89457411997761e-10,7.23930282597649e-09,""
"PCC 7942 - PCC 6803 - PCC 7002","COG","F","Nucleotide transport and metabolism","75/1362",75,1362,98,2712,1.52386945967814,5.00902148061114e-08,3.5063150364278e-07,""
"PCC 7942 - PCC 6803 - PCC 7002","COG","H","Coenzyme transport and metabolism","108/1362",108,1362,173,2712,1.24305467138601,0.000568282953485575,0.00298348550579927,""
"PCC 7942 - PCC 6803 - PCC 7002","COG","O","Post-translational modification, protein turnover and chaperones","64/1362",64,1362,100,2712,1.27436123348018,0.00325801147695522,0.0136836482032119,""
"PCC 7942 - PCC 6803 - PCC 7002","COG","E","Amino acid transport and metabolism","84/1362",84,1362,138,2712,1.21202834705995,0.00641791782832697,0.0224627123991444,""
"PCC 7942 - PCC 6803 - PCC 7002","COG","I","Lipid transport and metabolism","36/1362",36,1362,55,2712,1.30332398878654,0.0154327024243325,0.0462981072729976,""
"PCC 7942 - PCC 6803 - PCC 7002","COG","D","Cell cycle control, cell division, chromosome partitioning","16/1362",16,1362,27,2712,1.17996410507424,0.226832323330627,0.533094627950336,""
"PCC 7942 - PCC 6803 - PCC 7002","COG","G","Carbohydrate transport and metabolism","45/1362",45,1362,82,2712,1.09272590523262,0.22846912626443,0.533094627950336,""
"PCC 7942 - PCC 6803 - PCC 7002","COG","U","Intracellular trafficking, secretion and vesicular transport","30/1362",30,1362,54,2712,1.1062163485071,0.25663368668923,0.538930742047383,""
"PCC 7942 - PCC 6803 - PCC 7002","COG","K","Transcription","60/1362",60,1362,113,2712,1.05726872246696,0.298689761960206,0.570225909196757,""
"PCC 7942 - PCC 6803 - PCC 7002","COG","Z","Cytoskeleton","1/1362",1,1362,1,2712,1.99118942731278,0.502212389380531,0.878871681415929,""
"PCC 7942 - PCC 6803 - PCC 7002","COG","L","Replication, recombination and repair","56/1362",56,1362,114,2712,0.978128139732591,0.631285190365416,0.999999770785884,""
"PCC 7942 - PCC 6803 - PCC 7002","COG","P","Inorganic ion transport and metabolism","79/1362",79,1362,163,2712,0.965054998513554,0.7064088433284,0.999999770785884,""
"PCC 7942 - PCC 6803 - PCC 7002","COG","B","Chromatin structure and dynamics","1/1362",1,1362,2,2712,0.995594713656388,0.752299709802411,0.999999770785884,""
"PCC 7942 - PCC 6803 - PCC 7002","COG","V","Defense mechanisms","14/1362",14,1362,31,2712,0.899246838141253,0.77231941335617,0.999999770785884,""
"PCC 7942 - PCC 6803 - PCC 7002","COG","S","Function unknown","275/1362",275,1362,569,2712,0.962349898964874,0.855873446727545,0.999999770785884,""
"PCC 7942 - PCC 6803 - PCC 7002","COG","M","Cell wall, membrane and envelope biogenesis","67/1362",67,1362,147,2712,0.907548922652762,0.893025602538823,0.999999770785884,""
"PCC 7942 - PCC 6803 - PCC 7002","COG","Q","Secondary metabolite biosynthesis, transport and catabolism","17/1362",17,1362,45,2712,0.752227116984826,0.967203481773692,0.999999770785884,""
"PCC 7942 - PCC 6803 - PCC 7002","COG","N","Cell motility","7/1362",7,1362,24,2712,0.580763582966226,0.989575794505181,0.999999770785884,""
"PCC 7942 - PCC 6803 - PCC 7002","COG","T","Signal transduction mechanisms","33/1362",33,1362,117,2712,0.561617530780526,0.999999770785884,0.999999770785884,""
"PCC 7942 - PCC 6803 - PCC 7002","KEGG","ko01100","Metabolic pathways","422/1362",422,1362,580,2712,1.44876196263102,1.68211002558638e-35,3.16236684810239e-33,"yes"
"PCC 7942 - PCC 6803 - PCC 7002","KEGG","ko01110","Biosynthesis of secondary metabolites","203/1362",203,1362,249,2712,1.62333917166463,7.52406873882475e-27,7.07262461449527e-25,"yes"
"PCC 7942 - PCC 6803 - PCC 7002","KEGG","ko03010","Ribosome","53/1362",53,1362,53,2712,1.99118942731278,8.3943707591749e-17,5.26047234241627e-15,""
"PCC 7942 - PCC 6803 - PCC 7002","KEGG","ko01230","Biosynthesis of amino acids","81/1362",81,1362,94,2712,1.71581216608867,1.0268674738945e-13,4.82627712730417e-12,""
"PCC 7942 - PCC 6803 - PCC 7002","KEGG","ko01130","Biosynthesis of antibiotics","128/1362",128,1362,166,2712,1.5353749800966,2.10785331592398e-13,7.92552846787418e-12,"yes"
"PCC 7942 - PCC 6803 - PCC 7002","KEGG","ko00195","Photosynthesis","49/1362",49,1362,59,2712,1.65369969386993,1.21857480649043e-07,3.81820106033669e-06,""
"PCC 7942 - PCC 6803 - PCC 7002","KEGG","ko00970","Aminoacyl-tRNA biosynthesis","25/1362",25,1362,26,2712,1.91460521856998,4.04025597831914e-07,1.08509731989143e-05,""
"PCC 7942 - PCC 6803 - PCC 7002","KEGG","ko01120","Microbial metabolism in diverse environments","87/1362",87,1362,122,2712,1.41994655882141,1.05498517908932e-06,2.47921517085991e-05,"yes"
"PCC 7942 - PCC 6803 - PCC 7002","KEGG","ko00190","Oxidative phosphorylation","40/1362",40,1362,49,2712,1.62546075699002,4.4678798334917e-06,9.33290454107154e-05,""
"PCC 7942 - PCC 6803 - PCC 7002","KEGG","ko00230","Purine metabolism","45/1362",45,1362,57,2712,1.57199165314166,6.23551758141826e-06,0.000117227730530663,""
"PCC 7942 - PCC 6803 - PCC 7002","KEGG","ko01200","Carbon metabolism","53/1362",53,1362,70,2712,1.50761485210824,8.88458499128484e-06,0.000151845634396504,"yes"
"PCC 7942 - PCC 6803 - PCC 7002","KEGG","ko03060","Protein export","14/1362",14,1362,14,2712,1.99118942731278,6.27924796107611e-05,0.000983748847235258,""
"PCC 7942 - PCC 6803 - PCC 7002","KEGG","ko00900","Terpenoid backbone biosynthesis","13/1362",13,1362,13,2712,1.99118942731278,0.000125631506648958,0.00181682486538493,""
"PCC 7942 - PCC 6803 - PCC 7002","KEGG","ko00400","Phenylalanine, tyrosine and tryptophan biosynthesis","18/1362",18,1362,20,2712,1.7920704845815,0.000206706566015289,0.00277577388649102,""
"PCC 7942 - PCC 6803 - PCC 7002","KEGG","ko01212","Fatty acid metabolism","12/1362",12,1362,12,2712,1.99118942731278,0.000251263013297916,0.00314916310000055,""
"PCC 7942 - PCC 6803 - PCC 7002","KEGG","ko00061","Fatty acid biosynthesis","11/1362",11,1362,11,2712,1.99118942731278,0.000502340043610415,0.00555528989404459,""
"PCC 7942 - PCC 6803 - PCC 7002","KEGG","ko00300","Lysine biosynthesis","11/1362",11,1362,11,2712,1.99118942731278,0.000502340043610415,0.00555528989404459,""
"PCC 7942 - PCC 6803 - PCC 7002","KEGG","ko01210","2-Oxocarboxylic acid metabolism","18/1362",18,1362,21,2712,1.70673379483952,0.00076615798222204,0.00745636575529832,""
"PCC 7942 - PCC 6803 - PCC 7002","KEGG","ko00680","Methane metabolism","18/1362",18,1362,21,2712,1.70673379483952,0.00076615798222204,0.00745636575529832,""
"PCC 7942 - PCC 6803 - PCC 7002","KEGG","ko00620","Pyruvate metabolism","20/1362",20,1362,24,2712,1.65932452276065,0.000793230399499821,0.00745636575529832,""
"PCC 7942 - PCC 6803 - PCC 7002","KEGG","ko00250","Alanine, aspartate and glutamate metabolism","15/1362",15,1362,17,2712,1.75693184762892,0.0012098668435822,0.0103388621178843,""
"PCC 7942 - PCC 6803 - PCC 7002","KEGG","ko03018","RNA degradation","15/1362",15,1362,17,2712,1.75693184762892,0.0012098668435822,0.0103388621178843,""
"PCC 7942 - PCC 6803 - PCC 7002","KEGG","ko00550","Peptidoglycan biosynthesis","14/1362",14,1362,16,2712,1.74229074889868,0.00215280174318763,0.0168636136549698,""
"PCC 7942 - PCC 6803 - PCC 7002","KEGG","ko00710","Carbon fixation by Calvin cycle","14/1362",14,1362,16,2712,1.74229074889868,0.00215280174318763,0.0168636136549698,""
"PCC 7942 - PCC 6803 - PCC 7002","KEGG","ko00240","Pyrimidine metabolism","28/1362",28,1362,38,2712,1.46719220959889,0.00261152960735647,0.0196387026473206,""
"PCC 7942 - PCC 6803 - PCC 7002","KEGG","ko03070","Bacterial secretion system","11/1362",11,1362,12,2712,1.82525697503671,0.0032641873770479,0.0236025856494233,""
"PCC 7942 - PCC 6803 - PCC 7002","KEGG","ko00220","Arginine biosynthesis","10/1362",10,1362,11,2712,1.81017220664798,0.0060199063510177,0.0410664982102143,""
"PCC 7942 - PCC 6803 - PCC 7002","KEGG","ko00010","Glycolysis / gluconeogenesis","21/1362",21,1362,28,2712,1.49339207048458,0.00646117614597027,0.0410664982102143,""
"PCC 7942 - PCC 6803 - PCC 7002","KEGG","ko00130","Ubiquinone and other terpenoid-quinone biosynthesis","14/1362",14,1362,17,2712,1.63980305778699,0.00655316460801292,0.0410664982102143,""
"PCC 7942 - PCC 6803 - PCC 7002","KEGG","ko00196","Photosynthesis - antenna proteins","14/1362",14,1362,17,2712,1.63980305778699,0.00655316460801292,0.0410664982102143,""
"PCC 7942 - PCC 6803 - PCC 7002","KEGG","ko00260","Glycine, serine and threonine metabolism","19/1362",19,1362,25,2712,1.51330396475771,0.00754194289630696,0.0457382343388938,""
"PCC 7942 - PCC 6803 - PCC 7002","KEGG","ko01502","Vancomycin resistance","7/1362",7,1362,7,2712,1.99118942731278,0.00799596157247582,0.0469762742382954,""
"PCC 7942 - PCC 6803 - PCC 7002","KEGG","ko03440","Homologous recombination","17/1362",17,1362,22,2712,1.53864637565078,0.00871003220310019,0.049620789520692,""
"PCC 7942 - PCC 6803 - PCC 7002","KEGG","ko00670","One carbon pool by folate","11/1362",11,1362,13,2712,1.68485259234158,0.0115435919388416,0.0638292730735948,""
"PCC 7942 - PCC 6803 - PCC 7002","KEGG","ko00030","Pentose phosphate pathway","14/1362",14,1362,18,2712,1.54870288790994,0.0159004660218937,0.0854082174890288,""
"PCC 7942 - PCC 6803 - PCC 7002","KEGG","ko00051","Fructose and mannose metabolism","10/1362",10,1362,12,2712,1.65932452276065,0.0197985012208667,0.0989629695876052,""
"PCC 7942 - PCC 6803 - PCC 7002","KEGG","ko04212","Longevity regulating pathway - worm","10/1362",10,1362,12,2712,1.65932452276065,0.0197985012208667,0.0989629695876052,""
"PCC 7942 - PCC 6803 - PCC 7002","KEGG","ko03420","Nucleotide excision repair","8/1362",8,1362,9,2712,1.76994615761136,0.0200031534272819,0.0989629695876052,""
"PCC 7942 - PCC 6803 - PCC 7002","KEGG","ko00660","C5-branched dibasic acid metabolism","5/1362",5,1362,5,2712,1.99118942731278,0.0318307747356809,0.1496046412577,""
"PCC 7942 - PCC 6803 - PCC 7002","KEGG","ko00261","Monobactam biosynthesis","5/1362",5,1362,5,2712,1.99118942731278,0.0318307747356809,0.1496046412577,""
"PCC 7942 - PCC 6803 - PCC 7002","KEGG","ko00564","Glycerophospholipid metabolism","7/1362",7,1362,8,2712,1.74229074889868,0.0359300971953581,0.164752640798227,""
"PCC 7942 - PCC 6803 - PCC 7002","KEGG","ko03030","DNA replication","12/1362",12,1362,16,2712,1.49339207048458,0.0394646458876636,0.172543102950715,""
"PCC 7942 - PCC 6803 - PCC 7002","KEGG","ko00760","Nicotinate and nicotinamide metabolism","12/1362",12,1362,16,2712,1.49339207048458,0.0394646458876636,0.172543102950715,""
"PCC 7942 - PCC 6803 - PCC 7002","KEGG","ko05230","","4/1362",4,1362,4,2712,1.99118942731278,0.0634740338617261,0.254880120212901,""
"PCC 7942 - PCC 6803 - PCC 7002","KEGG","ko00940","","4/1362",4,1362,4,2712,1.99118942731278,0.0634740338617261,0.254880120212901,""
"PCC 7942 - PCC 6803 - PCC 7002","KEGG","ko01220","","4/1362",4,1362,4,2712,1.99118942731278,0.0634740338617261,0.254880120212901,""
"PCC 7942 - PCC 6803 - PCC 7002","KEGG","ko05152","","6/1362",6,1362,7,2712,1.70673379483952,0.0637200300532253,0.254880120212901,""
"PCC 7942 - PCC 6803 - PCC 7002","KEGG","ko00290","","9/1362",9,1362,12,2712,1.49339207048458,0.0747092059793485,0.292611056752448,""
"PCC 7942 - PCC 6803 - PCC 7002","KEGG","ko00520","Amino sugar and nucleotide sugar metabolism","19/1362",19,1362,30,2712,1.26108663729809,0.103320209402745,0.396412231994204,""
"PCC 7942 - PCC 6803 - PCC 7002","KEGG","ko00740","","5/1362",5,1362,6,2712,1.65932452276065,0.111201934494028,0.403173041662067,""
"PCC 7942 - PCC 6803 - PCC 7002","KEGG","ko00640","","8/1362",8,1362,11,2712,1.44813776531838,0.115679323765358,0.403173041662067,""
"PCC 7942 - PCC 6803 - PCC 7002","KEGG","ko00720","","12/1362",12,1362,18,2712,1.32745961820852,0.121953295668015,0.403173041662067,""
"PCC 7942 - PCC 6803 - PCC 7002","KEGG","ko00333","","3/1362",3,1362,3,2712,1.99118942731278,0.126527709883308,0.403173041662067,""
"PCC 7942 - PCC 6803 - PCC 7002","KEGG","ko01523","","3/1362",3,1362,3,2712,1.99118942731278,0.126527709883308,0.403173041662067,""
"PCC 7942 - PCC 6803 - PCC 7002","KEGG","ko03013","","3/1362",3,1362,3,2712,1.99118942731278,0.126527709883308,0.403173041662067,""
"PCC 7942 - PCC 6803 - PCC 7002","KEGG","ko04714","","3/1362",3,1362,3,2712,1.99118942731278,0.126527709883308,0.403173041662067,""
"PCC 7942 - PCC 6803 - PCC 7002","KEGG","ko03020","","3/1362",3,1362,3,2712,1.99118942731278,0.126527709883308,0.403173041662067,""
"PCC 7942 - PCC 6803 - PCC 7002","KEGG","ko00471","","3/1362",3,1362,3,2712,1.99118942731278,0.126527709883308,0.403173041662067,""
"PCC 7942 - PCC 6803 - PCC 7002","KEGG","ko00332","","3/1362",3,1362,3,2712,1.99118942731278,0.126527709883308,0.403173041662067,""
"PCC 7942 - PCC 6803 - PCC 7002","KEGG","ko00770","","9/1362",9,1362,13,2712,1.37851575737038,0.136346472070744,0.4202153565459,""
"PCC 7942 - PCC 6803 - PCC 7002","KEGG","ko00730","","9/1362",9,1362,13,2712,1.37851575737038,0.136346472070744,0.4202153565459,""
"PCC 7942 - PCC 6803 - PCC 7002","KEGG","ko03430","","14/1362",14,1362,22,2712,1.26712054465358,0.146923681633043,0.445510518500194,""
"PCC 7942 - PCC 6803 - PCC 7002","KEGG","ko00860","Porphyrin metabolism","28/1362",28,1362,48,2712,1.16152716593245,0.161475238815075,0.481862617416415,""
"PCC 7942 - PCC 6803 - PCC 7002","KEGG","ko03410","","7/1362",7,1362,10,2712,1.39383259911894,0.175074312367845,0.51277915331293,""
"PCC 7942 - PCC 6803 - PCC 7002","KEGG","ko00630","Glyoxylate and dicarboxylate metabolism","17/1362",17,1362,28,2712,1.20893643801133,0.177290664709258,0.51277915331293,""
"PCC 7942 - PCC 6803 - PCC 7002","KEGG","ko00750","","4/1362",4,1362,5,2712,1.59295154185022,0.190047070365906,0.517809409112905,""
"PCC 7942 - PCC 6803 - PCC 7002","KEGG","ko04922","","4/1362",4,1362,5,2712,1.59295154185022,0.190047070365906,0.517809409112905,""
"PCC 7942 - PCC 6803 - PCC 7002","KEGG","ko04066","","4/1362",4,1362,5,2712,1.59295154185022,0.190047070365906,0.517809409112905,""
"PCC 7942 - PCC 6803 - PCC 7002","KEGG","ko04070","","4/1362",4,1362,5,2712,1.59295154185022,0.190047070365906,0.517809409112905,""
"PCC 7942 - PCC 6803 - PCC 7002","KEGG","ko00561","","8/1362",8,1362,12,2712,1.32745961820852,0.197619559337376,0.530749673648951,""
"PCC 7942 - PCC 6803 - PCC 7002","KEGG","ko04112","","9/1362",9,1362,14,2712,1.28005034612964,0.216267100604812,0.557641328990898,""
"PCC 7942 - PCC 6803 - PCC 7002","KEGG","ko05200","","5/1362",5,1362,7,2712,1.42227816236627,0.229906695596036,0.557641328990898,""
"PCC 7942 - PCC 6803 - PCC 7002","KEGG","ko04931","","2/1362",2,1362,2,2712,1.99118942731278,0.25212506895865,0.557641328990898,""
"PCC 7942 - PCC 6803 - PCC 7002","KEGG","ko00405","","2/1362",2,1362,2,2712,1.99118942731278,0.25212506895865,0.557641328990898,""
"PCC 7942 - PCC 6803 - PCC 7002","KEGG","ko00626","","2/1362",2,1362,2,2712,1.99118942731278,0.25212506895865,0.557641328990898,""
"PCC 7942 - PCC 6803 - PCC 7002","KEGG","ko00830","","2/1362",2,1362,2,2712,1.99118942731278,0.25212506895865,0.557641328990898,""
"PCC 7942 - PCC 6803 - PCC 7002","KEGG","ko00040","","2/1362",2,1362,2,2712,1.99118942731278,0.25212506895865,0.557641328990898,""
"PCC 7942 - PCC 6803 - PCC 7002","KEGG","ko01040","","2/1362",2,1362,2,2712,1.99118942731278,0.25212506895865,0.557641328990898,""
"PCC 7942 - PCC 6803 - PCC 7002","KEGG","ko04940","","2/1362",2,1362,2,2712,1.99118942731278,0.25212506895865,0.557641328990898,""
"PCC 7942 - PCC 6803 - PCC 7002","KEGG","ko00627","","2/1362",2,1362,2,2712,1.99118942731278,0.25212506895865,0.557641328990898,""
"PCC 7942 - PCC 6803 - PCC 7002","KEGG","ko00511","","2/1362",2,1362,2,2712,1.99118942731278,0.25212506895865,0.557641328990898,""
"PCC 7942 - PCC 6803 - PCC 7002","KEGG","ko03320","","2/1362",2,1362,2,2712,1.99118942731278,0.25212506895865,0.557641328990898,""
"PCC 7942 - PCC 6803 - PCC 7002","KEGG","ko04141","","2/1362",2,1362,2,2712,1.99118942731278,0.25212506895865,0.557641328990898,""
"PCC 7942 - PCC 6803 - PCC 7002","KEGG","ko00473","","2/1362",2,1362,2,2712,1.99118942731278,0.25212506895865,0.557641328990898,""
"PCC 7942 - PCC 6803 - PCC 7002","KEGG","ko04152","","2/1362",2,1362,2,2712,1.99118942731278,0.25212506895865,0.557641328990898,""
"PCC 7942 - PCC 6803 - PCC 7002","KEGG","ko00906","","6/1362",6,1362,9,2712,1.32745961820852,0.257920685113233,0.563826613968463,""
"PCC 7942 - PCC 6803 - PCC 7002","KEGG","ko02024","Quorum sensing","21/1362",21,1362,37,2712,1.13013453982617,0.263039450031264,0.568407087423881,""
"PCC 7942 - PCC 6803 - PCC 7002","KEGG","ko00020","","8/1362",8,1362,13,2712,1.22534733988478,0.295656498963986,0.631629793241242,""
"PCC 7942 - PCC 6803 - PCC 7002","KEGG","ko00071","","3/1362",3,1362,4,2712,1.49339207048458,0.315688737948055,0.6451030731982,""
"PCC 7942 - PCC 6803 - PCC 7002","KEGG","ko00562","","3/1362",3,1362,4,2712,1.49339207048458,0.315688737948055,0.6451030731982,""
"PCC 7942 - PCC 6803 - PCC 7002","KEGG","ko05134","","3/1362",3,1362,4,2712,1.49339207048458,0.315688737948055,0.6451030731982,""
"PCC 7942 - PCC 6803 - PCC 7002","KEGG","ko00785","","3/1362",3,1362,4,2712,1.49339207048458,0.315688737948055,0.6451030731982,""
"PCC 7942 - PCC 6803 - PCC 7002","KEGG","ko00480","","10/1362",10,1362,17,2712,1.17128789841928,0.320588909302849,0.648072203751995,""
"PCC 7942 - PCC 6803 - PCC 7002","KEGG","ko00460","","4/1362",4,1362,6,2712,1.32745961820852,0.347737342109663,0.661266815701717,""
"PCC 7942 - PCC 6803 - PCC 7002","KEGG","ko04217","","4/1362",4,1362,6,2712,1.32745961820852,0.347737342109663,0.661266815701717,""
"PCC 7942 - PCC 6803 - PCC 7002","KEGG","ko01501","beta-Lactam resistance","4/1362",4,1362,6,2712,1.32745961820852,0.347737342109663,0.661266815701717,""
"PCC 7942 - PCC 6803 - PCC 7002","KEGG","ko01524","","4/1362",4,1362,6,2712,1.32745961820852,0.347737342109663,0.661266815701717,""
"PCC 7942 - PCC 6803 - PCC 7002","KEGG","ko00450","","5/1362",5,1362,8,2712,1.24449339207048,0.367934807211383,0.661266815701717,""
"PCC 7942 - PCC 6803 - PCC 7002","KEGG","ko00980","","5/1362",5,1362,8,2712,1.24449339207048,0.367934807211383,0.661266815701717,""
"PCC 7942 - PCC 6803 - PCC 7002","KEGG","ko05418","","6/1362",6,1362,10,2712,1.19471365638767,0.382190244231315,0.661266815701717,""
"PCC 7942 - PCC 6803 - PCC 7002","KEGG","ko00340","","7/1362",7,1362,12,2712,1.16152716593245,0.392969918740953,0.661266815701717,""
"PCC 7942 - PCC 6803 - PCC 7002","KEGG","ko04930","","1/1362",1,1362,1,2712,1.99118942731278,0.502212389380531,0.661266815701717,""
"PCC 7942 - PCC 6803 - PCC 7002","KEGG","ko05165","","1/1362",1,1362,1,2712,1.99118942731278,0.502212389380531,0.661266815701717,""
"PCC 7942 - PCC 6803 - PCC 7002","KEGG","ko05203","","1/1362",1,1362,1,2712,1.99118942731278,0.502212389380531,0.661266815701717,""
"PCC 7942 - PCC 6803 - PCC 7002","KEGG","ko00531","","1/1362",1,1362,1,2712,1.99118942731278,0.502212389380531,0.661266815701717,""
"PCC 7942 - PCC 6803 - PCC 7002","KEGG","ko04072","","1/1362",1,1362,1,2712,1.99118942731278,0.502212389380531,0.661266815701717,""
"PCC 7942 - PCC 6803 - PCC 7002","KEGG","ko05231","","1/1362",1,1362,1,2712,1.99118942731278,0.502212389380531,0.661266815701717,""
"PCC 7942 - PCC 6803 - PCC 7002","KEGG","ko01051","","1/1362",1,1362,1,2712,1.99118942731278,0.502212389380531,0.661266815701717,""
"PCC 7942 - PCC 6803 - PCC 7002","KEGG","ko04013","","1/1362",1,1362,1,2712,1.99118942731278,0.502212389380531,0.661266815701717,""
"PCC 7942 - PCC 6803 - PCC 7002","KEGG","ko05016","","1/1362",1,1362,1,2712,1.99118942731278,0.502212389380531,0.661266815701717,""
"PCC 7942 - PCC 6803 - PCC 7002","KEGG","ko00643","","1/1362",1,1362,1,2712,1.99118942731278,0.502212389380531,0.661266815701717,""
"PCC 7942 - PCC 6803 - PCC 7002","KEGG","ko00600","","1/1362",1,1362,1,2712,1.99118942731278,0.502212389380531,0.661266815701717,""
"PCC 7942 - PCC 6803 - PCC 7002","KEGG","ko04216","","1/1362",1,1362,1,2712,1.99118942731278,0.502212389380531,0.661266815701717,""
"PCC 7942 - PCC 6803 - PCC 7002","KEGG","ko04920","","1/1362",1,1362,1,2712,1.99118942731278,0.502212389380531,0.661266815701717,""
"PCC 7942 - PCC 6803 - PCC 7002","KEGG","ko04934","","1/1362",1,1362,1,2712,1.99118942731278,0.502212389380531,0.661266815701717,""
"PCC 7942 - PCC 6803 - PCC 7002","KEGG","ko05211","","1/1362",1,1362,1,2712,1.99118942731278,0.502212389380531,0.661266815701717,""
"PCC 7942 - PCC 6803 - PCC 7002","KEGG","ko00590","","1/1362",1,1362,1,2712,1.99118942731278,0.502212389380531,0.661266815701717,""
"PCC 7942 - PCC 6803 - PCC 7002","KEGG","ko03008","","1/1362",1,1362,1,2712,1.99118942731278,0.502212389380531,0.661266815701717,""
"PCC 7942 - PCC 6803 - PCC 7002","KEGG","ko05205","","1/1362",1,1362,1,2712,1.99118942731278,0.502212389380531,0.661266815701717,""
"PCC 7942 - PCC 6803 - PCC 7002","KEGG","ko04151","","1/1362",1,1362,1,2712,1.99118942731278,0.502212389380531,0.661266815701717,""
"PCC 7942 - PCC 6803 - PCC 7002","KEGG","ko04612","","1/1362",1,1362,1,2712,1.99118942731278,0.502212389380531,0.661266815701717,""
"PCC 7942 - PCC 6803 - PCC 7002","KEGG","ko04626","","1/1362",1,1362,1,2712,1.99118942731278,0.502212389380531,0.661266815701717,""
"PCC 7942 - PCC 6803 - PCC 7002","KEGG","ko04657","","1/1362",1,1362,1,2712,1.99118942731278,0.502212389380531,0.661266815701717,""
"PCC 7942 - PCC 6803 - PCC 7002","KEGG","ko04659","","1/1362",1,1362,1,2712,1.99118942731278,0.502212389380531,0.661266815701717,""
"PCC 7942 - PCC 6803 - PCC 7002","KEGG","ko04914","","1/1362",1,1362,1,2712,1.99118942731278,0.502212389380531,0.661266815701717,""
"PCC 7942 - PCC 6803 - PCC 7002","KEGG","ko04915","","1/1362",1,1362,1,2712,1.99118942731278,0.502212389380531,0.661266815701717,""
"PCC 7942 - PCC 6803 - PCC 7002","KEGG","ko05215","","1/1362",1,1362,1,2712,1.99118942731278,0.502212389380531,0.661266815701717,""
"PCC 7942 - PCC 6803 - PCC 7002","KEGG","ko00966","","1/1362",1,1362,1,2712,1.99118942731278,0.502212389380531,0.661266815701717,""
"PCC 7942 - PCC 6803 - PCC 7002","KEGG","ko01062","","1/1362",1,1362,1,2712,1.99118942731278,0.502212389380531,0.661266815701717,""
"PCC 7942 - PCC 6803 - PCC 7002","KEGG","ko00984","","1/1362",1,1362,1,2712,1.99118942731278,0.502212389380531,0.661266815701717,""
"PCC 7942 - PCC 6803 - PCC 7002","KEGG","ko04214","","1/1362",1,1362,1,2712,1.99118942731278,0.502212389380531,0.661266815701717,""
"PCC 7942 - PCC 6803 - PCC 7002","KEGG","ko00908","","1/1362",1,1362,1,2712,1.99118942731278,0.502212389380531,0.661266815701717,""
"PCC 7942 - PCC 6803 - PCC 7002","KEGG","ko00941","","1/1362",1,1362,1,2712,1.99118942731278,0.502212389380531,0.661266815701717,""
"PCC 7942 - PCC 6803 - PCC 7002","KEGG","ko00945","","1/1362",1,1362,1,2712,1.99118942731278,0.502212389380531,0.661266815701717,""
"PCC 7942 - PCC 6803 - PCC 7002","KEGG","ko04724","","2/1362",2,1362,3,2712,1.32745961820852,0.503319787109337,0.661266815701717,""
"PCC 7942 - PCC 6803 - PCC 7002","KEGG","ko04727","","2/1362",2,1362,3,2712,1.32745961820852,0.503319787109337,0.661266815701717,""
"PCC 7942 - PCC 6803 - PCC 7002","KEGG","ko00960","","2/1362",2,1362,3,2712,1.32745961820852,0.503319787109337,0.661266815701717,""
"PCC 7942 - PCC 6803 - PCC 7002","KEGG","ko04016","","2/1362",2,1362,3,2712,1.32745961820852,0.503319787109337,0.661266815701717,""
"PCC 7942 - PCC 6803 - PCC 7002","KEGG","ko05225","","3/1362",3,1362,5,2712,1.19471365638767,0.504151239321277,0.661266815701717,""
"PCC 7942 - PCC 6803 - PCC 7002","KEGG","ko00052","","4/1362",4,1362,7,2712,1.13782252989301,0.504844870794499,0.661266815701717,""
"PCC 7942 - PCC 6803 - PCC 7002","KEGG","ko05204","","4/1362",4,1362,7,2712,1.13782252989301,0.504844870794499,0.661266815701717,""
"PCC 7942 - PCC 6803 - PCC 7002","KEGG","ko04213","","4/1362",4,1362,7,2712,1.13782252989301,0.504844870794499,0.661266815701717,""
"PCC 7942 - PCC 6803 - PCC 7002","KEGG","ko04122","","6/1362",6,1362,11,2712,1.08610332398879,0.505999886402254,0.661266815701717,""
"PCC 7942 - PCC 6803 - PCC 7002","KEGG","ko00983","","7/1362",7,1362,13,2712,1.07217892239919,0.506502241814081,0.661266815701717,""
"PCC 7942 - PCC 6803 - PCC 7002","KEGG","ko00500","Starch and sucrose metabolism","10/1362",10,1362,20,2712,0.995594713656388,0.596229571264285,0.773042478604728,""
"PCC 7942 - PCC 6803 - PCC 7002","KEGG","ko02026","","6/1362",6,1362,12,2712,0.995594713656388,0.619029854063554,0.797106935369507,""
"PCC 7942 - PCC 6803 - PCC 7002","KEGG","ko00982","","5/1362",5,1362,10,2712,0.995594713656388,0.628714675436824,0.798637560690019,""
"PCC 7942 - PCC 6803 - PCC 7002","KEGG","ko00540","","5/1362",5,1362,10,2712,0.995594713656388,0.628714675436824,0.798637560690019,""
"PCC 7942 - PCC 6803 - PCC 7002","KEGG","ko00650","","3/1362",3,1362,6,2712,0.995594713656388,0.660565136532891,0.833464736028078,""
"PCC 7942 - PCC 6803 - PCC 7002","KEGG","ko00920","","11/1362",11,1362,23,2712,0.952307986975675,0.66967354637135,0.839324178118758,""
"PCC 7942 - PCC 6803 - PCC 7002","KEGG","ko00790","","10/1362",10,1362,21,2712,0.948185441577512,0.67624193758957,0.841943604416153,""
"PCC 7942 - PCC 6803 - PCC 7002","KEGG","ko00625","","2/1362",2,1362,4,2712,0.995594713656388,0.690950836270618,0.85459708696629,""
"PCC 7942 - PCC 6803 - PCC 7002","KEGG","ko02010","ABC transporters","33/1362",33,1362,70,2712,0.938703587161737,0.739775051891518,0.8623923502613,""
"PCC 7942 - PCC 6803 - PCC 7002","KEGG","ko00364","","1/1362",1,1362,2,2712,0.995594713656388,0.752299709802411,0.8623923502613,""
"PCC 7942 - PCC 6803 - PCC 7002","KEGG","ko00623","","1/1362",1,1362,2,2712,0.995594713656388,0.752299709802411,0.8623923502613,""
"PCC 7942 - PCC 6803 - PCC 7002","KEGG","ko00524","","1/1362",1,1362,2,2712,0.995594713656388,0.752299709802411,0.8623923502613,""
"PCC 7942 - PCC 6803 - PCC 7002","KEGG","ko05010","","1/1362",1,1362,2,2712,0.995594713656388,0.752299709802411,0.8623923502613,""
"PCC 7942 - PCC 6803 - PCC 7002","KEGG","ko00310","","1/1362",1,1362,2,2712,0.995594713656388,0.752299709802411,0.8623923502613,""
"PCC 7942 - PCC 6803 - PCC 7002","KEGG","ko04068","","1/1362",1,1362,2,2712,0.995594713656388,0.752299709802411,0.8623923502613,""
"PCC 7942 - PCC 6803 - PCC 7002","KEGG","ko04211","","1/1362",1,1362,2,2712,0.995594713656388,0.752299709802411,0.8623923502613,""
"PCC 7942 - PCC 6803 - PCC 7002","KEGG","ko04918","","1/1362",1,1362,2,2712,0.995594713656388,0.752299709802411,0.8623923502613,""
"PCC 7942 - PCC 6803 - PCC 7002","KEGG","ko00401","","1/1362",1,1362,2,2712,0.995594713656388,0.752299709802411,0.8623923502613,""
"PCC 7942 - PCC 6803 - PCC 7002","KEGG","ko00311","","1/1362",1,1362,2,2712,0.995594713656388,0.752299709802411,0.8623923502613,""
"PCC 7942 - PCC 6803 - PCC 7002","KEGG","ko01053","","1/1362",1,1362,2,2712,0.995594713656388,0.752299709802411,0.8623923502613,""
"PCC 7942 - PCC 6803 - PCC 7002","KEGG","ko00270","Cysteine and methionine metabolism","15/1362",15,1362,33,2712,0.905086103323989,0.76588578017996,0.872645616205045,""
"PCC 7942 - PCC 6803 - PCC 7002","KEGG","ko00350","","3/1362",3,1362,7,2712,0.853366897419761,0.777355335836685,0.875106605612556,""
"PCC 7942 - PCC 6803 - PCC 7002","KEGG","ko00360","","3/1362",3,1362,7,2712,0.853366897419761,0.777355335836685,0.875106605612556,""
"PCC 7942 - PCC 6803 - PCC 7002","KEGG","ko05111","","6/1362",6,1362,14,2712,0.853366897419761,0.793472072846468,0.887933033899619,""
"PCC 7942 - PCC 6803 - PCC 7002","KEGG","ko04621","","2/1362",2,1362,5,2712,0.79647577092511,0.815483900903512,0.896555399823744,""
"PCC 7942 - PCC 6803 - PCC 7002","KEGG","ko04910","","2/1362",2,1362,5,2712,0.79647577092511,0.815483900903512,0.896555399823744,""
"PCC 7942 - PCC 6803 - PCC 7002","KEGG","ko04146","","2/1362",2,1362,5,2712,0.79647577092511,0.815483900903512,0.896555399823744,""
"PCC 7942 - PCC 6803 - PCC 7002","KEGG","ko00910","","9/1362",9,1362,22,2712,0.81457749299159,0.862514846997977,0.92604751784271,""
"PCC 7942 - PCC 6803 - PCC 7002","KEGG","ko02020","","24/1362",24,1362,55,2712,0.868882659191029,0.869351593308463,0.92604751784271,""
"PCC 7942 - PCC 6803 - PCC 7002","KEGG","ko00361","","1/1362",1,1362,3,2712,0.663729809104258,0.876789671148948,0.92604751784271,""
"PCC 7942 - PCC 6803 - PCC 7002","KEGG","ko00950","","1/1362",1,1362,3,2712,0.663729809104258,0.876789671148948,0.92604751784271,""
"PCC 7942 - PCC 6803 - PCC 7002","KEGG","ko00410","","1/1362",1,1362,3,2712,0.663729809104258,0.876789671148948,0.92604751784271,""
"PCC 7942 - PCC 6803 - PCC 7002","KEGG","ko04113","","1/1362",1,1362,3,2712,0.663729809104258,0.876789671148948,0.92604751784271,""
"PCC 7942 - PCC 6803 - PCC 7002","KEGG","ko01055","Biosynthesis of vancomycin group antibiotics","1/1362",1,1362,3,2712,0.663729809104258,0.876789671148948,0.92604751784271,""
"PCC 7942 - PCC 6803 - PCC 7002","KEGG","ko00380","","2/1362",2,1362,6,2712,0.663729809104258,0.892943283088822,0.932629651226103,""
"PCC 7942 - PCC 6803 - PCC 7002","KEGG","ko00280","","2/1362",2,1362,6,2712,0.663729809104258,0.892943283088822,0.932629651226103,""
"PCC 7942 - PCC 6803 - PCC 7002","KEGG","ko00330","Arginine and proline metabolism","7/1362",7,1362,19,2712,0.733596104799444,0.920138678903669,0.955724152673424,""
"PCC 7942 - PCC 6803 - PCC 7002","KEGG","ko00780","","4/1362",4,1362,12,2712,0.663729809104258,0.929557763586957,0.960202525023889,""
"PCC 7942 - PCC 6803 - PCC 7002","KEGG","ko00525","Acarbose and validamycin biosynthesis","1/1362",1,1362,4,2712,0.497797356828194,0.938735949441725,0.964384472650515,""
"PCC 7942 - PCC 6803 - PCC 7002","KEGG","ko00521","Streptomycin biosynthesis","4/1362",4,1362,13,2712,0.612673669942392,0.955761228603388,0.976538646616506,""
"PCC 7942 - PCC 6803 - PCC 7002","KEGG","ko01503","","2/1362",2,1362,8,2712,0.497797356828194,0.965999423748861,0.979974219227636,""
"PCC 7942 - PCC 6803 - PCC 7002","KEGG","ko00430","Taurine and hypotaurine metabolism","1/1362",1,1362,5,2712,0.398237885462555,0.969548961576278,0.979974219227636,""
"PCC 7942 - PCC 6803 - PCC 7002","KEGG","ko00523","Polyketide sugar unit biosynthesis","1/1362",1,1362,7,2712,0.284455632473254,0.992485369821118,0.99455332244455,""
"PCC 7942 - PCC 6803 - PCC 7002","KEGG","ko02025","","5/1362",5,1362,20,2712,0.497797356828194,0.99455332244455,0.99455332244455,""
"PCC 7942 - PCC 7002","COG","Q","Secondary metabolite biosynthesis, transport and catabolism","8/140",8,140,45,2712,3.44380952380952,0.00175128512965249,0.0332744174633973,""
"PCC 7942 - PCC 7002","COG","E","Amino acid transport and metabolism","13/140",13,140,138,2712,1.82484472049689,0.0234937636858103,0.181273814669961,""
"PCC 7942 - PCC 7002","COG","S","Function unknown","39/140",39,140,569,2712,1.32774290735626,0.0286221812636781,0.181273814669961,""
"PCC 7942 - PCC 7002","COG","P","Inorganic ion transport and metabolism","13/140",13,140,163,2712,1.54496056091148,0.0739502394964572,0.351263637608172,""
"PCC 7942 - PCC 7002","COG","B","Chromatin structure and dynamics","1/140",1,140,2,2712,9.68571428571429,0.100598022478072,0.382272485416674,""
"PCC 7942 - PCC 7002","COG","H","Coenzyme transport and metabolism","12/140",12,140,173,2712,1.34368290668869,0.178192635348041,0.56427667860213,""
"PCC 7942 - PCC 7002","COG","T","Signal transduction mechanisms","8/140",8,140,117,2712,1.32454212454212,0.254713543866563,0.691365333352099,""
"PCC 7942 - PCC 7002","COG","L","Replication, recombination and repair","7/140",7,140,114,2712,1.18947368421053,0.374072586111225,0.888422392014158,""
"PCC 7942 - PCC 7002","COG","V","Defense mechanisms","2/140",2,140,31,2712,1.24976958525346,0.481350430776325,0.929741250274093,""
"PCC 7942 - PCC 7002","COG","I","Lipid transport and metabolism","3/140",3,140,55,2712,1.05662337662338,0.547050281821464,0.929741250274093,""
"PCC 7942 - PCC 7002","COG","O","Post-translational modification, protein turnover and chaperones","5/140",5,140,100,2712,0.968571428571429,0.596371686009443,0.929741250274093,""
"PCC 7942 - PCC 7002","COG","G","Carbohydrate transport and metabolism","4/140",4,140,82,2712,0.944947735191638,0.620105416665892,0.929741250274093,""
"PCC 7942 - PCC 7002","COG","N","Cell motility","1/140",1,140,24,2712,0.807142857142857,0.721304139375574,0.929741250274093,""
"PCC 7942 - PCC 7002","COG","F","Nucleotide transport and metabolism","4/140",4,140,98,2712,0.79067055393586,0.755751632840715,0.929741250274093,""
"PCC 7942 - PCC 7002","COG","D","Cell cycle control, cell division, chromosome partitioning","1/140",1,140,27,2712,0.717460317460317,0.762636275934748,0.929741250274093,""
"PCC 7942 - PCC 7002","COG","M","Cell wall, membrane and envelope biogenesis","6/140",6,140,147,2712,0.79067055393586,0.782940000230815,0.929741250274093,""
"PCC 7942 - PCC 7002","COG","K","Transcription","3/140",3,140,113,2712,0.514285714285714,0.938947296528628,0.984632586823175,""
"PCC 7942 - PCC 7002","COG","J","Translation, ribosomal structure and biogenesis","4/140",4,140,166,2712,0.466781411359725,0.977266248097924,0.984632586823175,""
"PCC 7942 - PCC 7002","COG","C","Energy production and conversion","5/140",5,140,204,2712,0.474789915966386,0.984632586823175,0.984632586823175,""
"PCC 7942 - PCC 7002","KEGG","ko02024","Quorum sensing","8/140",8,140,37,2712,4.18841698841699,0.000445617303219644,0.0240633343738608,""
"PCC 7942 - PCC 7002","KEGG","ko00270","Cysteine and methionine metabolism","7/140",7,140,33,2712,4.10909090909091,0.00115864024582852,0.03128328663737,""
"PCC 7942 - PCC 7002","KEGG","ko00630","Glyoxylate and dicarboxylate metabolism","5/140",5,140,28,2712,3.45918367346939,0.0128157904173569,0.230684227512423,""
"PCC 7942 - PCC 7002","KEGG","ko02010","ABC transporters","8/140",8,140,70,2712,2.21387755102041,0.0258364793343833,0.348792471014174,""
"PCC 7942 - PCC 7002","KEGG","ko01501","beta-Lactam resistance","2/140",2,140,6,2712,6.45714285714286,0.0346095306859996,0.373782931408795,""
"PCC 7942 - PCC 7002","KEGG","ko00633","","1/140",1,140,1,2712,19.3714285714286,0.0516224188790565,0.398230088495579,""
"PCC 7942 - PCC 7002","KEGG","ko05120","","1/140",1,140,1,2712,19.3714285714286,0.0516224188790565,0.398230088495579,""
"PCC 7942 - PCC 7002","KEGG","ko00401","","1/140",1,140,2,2712,9.68571428571429,0.100598022478072,0.579149462506495,""
"PCC 7942 - PCC 7002","KEGG","ko00311","","1/140",1,140,2,2712,9.68571428571429,0.100598022478072,0.579149462506495,""
"PCC 7942 - PCC 7002","KEGG","ko04122","","2/140",2,140,11,2712,3.52207792207792,0.107249900464166,0.579149462506495,""
"PCC 7942 - PCC 7002","KEGG","ko00340","","2/140",2,140,12,2712,3.22857142857143,0.124498156415258,0.611172767856722,""
"PCC 7942 - PCC 7002","KEGG","ko00960","","1/140",1,140,3,2712,6.45714285714286,0.147061593272563,0.661777169726533,""
"PCC 7942 - PCC 7002","KEGG","ko05111","","2/140",2,140,14,2712,2.76734693877551,0.16070617304138,0.667548718787271,""
"PCC 7942 - PCC 7002","KEGG","ko00785","","1/140",1,140,4,2712,4.84285714285714,0.191141097496203,0.709643762665787,""
"PCC 7942 - PCC 7002","KEGG","ko00750","","1/140",1,140,5,2712,3.87428571428571,0.232958027463165,0.709643762665787,""
"PCC 7942 - PCC 7002","KEGG","ko04621","","1/140",1,140,5,2712,3.87428571428571,0.232958027463165,0.709643762665787,""
"PCC 7942 - PCC 7002","KEGG","ko04146","","1/140",1,140,5,2712,3.87428571428571,0.232958027463165,0.709643762665787,""
"PCC 7942 - PCC 7002","KEGG","ko00330","Arginine and proline metabolism","2/140",2,140,19,2712,2.0390977443609,0.256815091913821,0.709643762665787,""
"PCC 7942 - PCC 7002","KEGG","ko00740","","1/140",1,140,6,2712,3.22857142857143,0.272627726818598,0.709643762665787,""
"PCC 7942 - PCC 7002","KEGG","ko00280","","1/140",1,140,6,2712,3.22857142857143,0.272627726818598,0.709643762665787,""
"PCC 7942 - PCC 7002","KEGG","ko00790","","2/140",2,140,21,2712,1.84489795918367,0.295928633929059,0.709643762665787,""
"PCC 7942 - PCC 7002","KEGG","ko00350","","1/140",1,140,7,2712,2.76734693877551,0.310259699562647,0.709643762665787,""
"PCC 7942 - PCC 7002","KEGG","ko00360","","1/140",1,140,7,2712,2.76734693877551,0.310259699562647,0.709643762665787,""
"PCC 7942 - PCC 7002","KEGG","ko03430","","2/140",2,140,22,2712,1.76103896103896,0.315397227851461,0.709643762665787,""
"PCC 7942 - PCC 7002","KEGG","ko00260","Glycine, serine and threonine metabolism","2/140",2,140,25,2712,1.54971428571429,0.372934313595042,0.788859062187317,""
"PCC 7942 - PCC 7002","KEGG","ko00906","","1/140",1,140,9,2712,2.15238095238095,0.379821029942041,0.788859062187317,""
"PCC 7942 - PCC 7002","KEGG","ko05418","","1/140",1,140,10,2712,1.93714285714286,0.411942767199946,0.794461051028467,""
"PCC 7942 - PCC 7002","KEGG","ko03410","","1/140",1,140,10,2712,1.93714285714286,0.411942767199946,0.794461051028467,""
"PCC 7942 - PCC 7002","KEGG","ko00520","Amino sugar and nucleotide sugar metabolism","2/140",2,140,30,2712,1.29142857142857,0.46404919662947,0.816098237717442,""
"PCC 7942 - PCC 7002","KEGG","ko00290","","1/140",1,140,12,2712,1.61428571428571,0.47131331727882,0.816098237717442,""
"PCC 7942 - PCC 7002","KEGG","ko00561","","1/140",1,140,12,2712,1.61428571428571,0.47131331727882,0.816098237717442,""
"PCC 7942 - PCC 7002","KEGG","ko00983","","1/140",1,140,13,2712,1.49010989010989,0.498726700827326,0.816098237717442,""
"PCC 7942 - PCC 7002","KEGG","ko00730","","1/140",1,140,13,2712,1.49010989010989,0.498726700827326,0.816098237717442,""
"PCC 7942 - PCC 7002","KEGG","ko04112","","1/140",1,140,14,2712,1.38367346938776,0.524728279887783,0.823799295860166,""
"PCC 7942 - PCC 7002","KEGG","ko03030","DNA replication","1/140",1,140,16,2712,1.21071428571429,0.572781205905649,0.823799295860166,""
"PCC 7942 - PCC 7002","KEGG","ko00760","Nicotinate and nicotinamide metabolism","1/140",1,140,16,2712,1.21071428571429,0.572781205905649,0.823799295860166,""
"PCC 7942 - PCC 7002","KEGG","ko00550","Peptidoglycan biosynthesis","1/140",1,140,16,2712,1.21071428571429,0.572781205905649,0.823799295860166,""
"PCC 7942 - PCC 7002","KEGG","ko00250","Alanine, aspartate and glutamate metabolism","1/140",1,140,17,2712,1.13949579831933,0.594966158121231,0.823799295860166,""
"PCC 7942 - PCC 7002","KEGG","ko00130","Ubiquinone and other terpenoid-quinone biosynthesis","1/140",1,140,17,2712,1.13949579831933,0.594966158121231,0.823799295860166,""
"PCC 7942 - PCC 7002","KEGG","ko01130","Biosynthesis of antibiotics","8/140",8,140,166,2712,0.933562822719449,0.634962129280878,0.827827027863415,"yes"
"PCC 7942 - PCC 7002","KEGG","ko00400","Phenylalanine, tyrosine and tryptophan biosynthesis","1/140",1,140,20,2712,0.968571428571429,0.654887087133471,0.827827027863415,""
"PCC 7942 - PCC 7002","KEGG","ko02025","","1/140",1,140,20,2712,0.968571428571429,0.654887087133471,0.827827027863415,""
"PCC 7942 - PCC 7002","KEGG","ko00680","Methane metabolism","1/140",1,140,21,2712,0.922448979591837,0.672835009793692,0.827827027863415,""
"PCC 7942 - PCC 7002","KEGG","ko03440","Homologous recombination","1/140",1,140,22,2712,0.88051948051948,0.689855856552846,0.827827027863415,""
"PCC 7942 - PCC 7002","KEGG","ko00910","","1/140",1,140,22,2712,0.88051948051948,0.689855856552846,0.827827027863415,""
"PCC 7942 - PCC 7002","KEGG","ko00920","","1/140",1,140,23,2712,0.84223602484472,0.705997187438572,0.828779306993106,""
"PCC 7942 - PCC 7002","KEGG","ko01120","Microbial metabolism in diverse environments","5/140",5,140,122,2712,0.793911007025761,0.766488688963811,0.880646578809485,"yes"
"PCC 7942 - PCC 7002","KEGG","ko02020","","2/140",2,140,55,2712,0.704415584415584,0.786619223659618,0.88494662661707,""
"PCC 7942 - PCC 7002","KEGG","ko01110","Biosynthesis of secondary metabolites","10/140",10,140,249,2712,0.777969018932874,0.843896510824009,0.930008399683602,"yes"
"PCC 7942 - PCC 7002","KEGG","ko00240","Pyrimidine metabolism","1/140",1,140,38,2712,0.509774436090226,0.868446587276539,0.937586413401685,""
"PCC 7942 - PCC 7002","KEGG","ko01200","Carbon metabolism","2/140",2,140,70,2712,0.553469387755102,0.885498279323814,0.937586413401685,"yes"
"PCC 7942 - PCC 7002","KEGG","ko01100","Metabolic pathways","24/140",24,140,580,2712,0.801576354679803,0.916417479080524,0.951664305199006,"yes"
"PCC 7942 - PCC 7002","KEGG","ko00230","Purine metabolism","1/140",1,140,57,2712,0.33984962406015,0.95281332830511,0.960449873353032,""
"PCC 7942 - PCC 7002","KEGG","ko01230","Biosynthesis of amino acids","2/140",2,140,94,2712,0.412158054711246,0.960449873353032,0.960449873353032,""
"PCC 7942 - PCC 6803","COG","H","Coenzyme transport and metabolism","17/160",17,160,173,2712,1.66560693641618,0.0234792928856967,0.174736616965938,""
"PCC 7942 - PCC 6803","COG","S","Function unknown","44/160",44,160,569,2712,1.31072056239016,0.0259244372820847,0.174736616965938,""
"PCC 7942 - PCC 6803","COG","V","Defense mechanisms","5/160",5,160,31,2712,2.73387096774194,0.0327631156811134,0.174736616965938,""
"PCC 7942 - PCC 6803","COG","G","Carbohydrate transport and metabolism","8/160",8,160,82,2712,1.65365853658537,0.107227448946178,0.428909795784713,""
"PCC 7942 - PCC 6803","COG","M","Cell wall, membrane and envelope biogenesis","12/160",12,160,147,2712,1.38367346938776,0.153988350228279,0.492762720730493,""
"PCC 7942 - PCC 6803","COG","F","Nucleotide transport and metabolism","8/160",8,160,98,2712,1.38367346938776,0.218356015488557,0.501679333071585,""
"PCC 7942 - PCC 6803","COG","T","Signal transduction mechanisms","9/160",9,160,117,2712,1.30384615384615,0.250524198432853,0.501679333071585,""
"PCC 7942 - PCC 6803","COG","P","Inorganic ion transport and metabolism","12/160",12,160,163,2712,1.2478527607362,0.250839666535792,0.501679333071585,""
"PCC 7942 - PCC 6803","COG","D","Cell cycle control, cell division, chromosome partitioning","2/160",2,160,27,2712,1.25555555555556,0.479510178231908,0.852462539078948,""
"PCC 7942 - PCC 6803","COG","C","Energy production and conversion","12/160",12,160,204,2712,0.997058823529412,0.550568284610725,0.880909255377161,""
"PCC 7942 - PCC 6803","COG","I","Lipid transport and metabolism","3/160",3,160,55,2712,0.924545454545454,0.639711527118228,0.93048949399015,""
"PCC 7942 - PCC 6803","COG","L","Replication, recombination and repair","5/160",5,160,114,2712,0.743421052631579,0.814786624083809,0.992498236652033,""
"PCC 7942 - PCC 6803","COG","E","Amino acid transport and metabolism","6/160",6,160,138,2712,0.73695652173913,0.836595997346953,0.992498236652033,""
"PCC 7942 - PCC 6803","COG","O","Post-translational modification, protein turnover and chaperones","3/160",3,160,100,2712,0.5085,0.942180901614098,0.992498236652033,""
"PCC 7942 - PCC 6803","COG","J","Translation, ribosomal structure and biogenesis","5/160",5,160,166,2712,0.510542168674699,0.973705125561043,0.992498236652033,""
"PCC 7942 - PCC 6803","COG","K","Transcription","2/160",2,160,113,2712,0.3,0.992498236652033,0.992498236652033,""
"PCC 7942 - PCC 6803","KEGG","ko00523","Polyketide sugar unit biosynthesis","5/160",5,160,7,2712,12.1071428571429,1.28271173657548e-05,0.000923552450334345,""
"PCC 7942 - PCC 6803","KEGG","ko00521","Streptomycin biosynthesis","6/160",6,160,13,2712,7.82307692307692,4.6669930059889e-05,0.00168011748215601,""
"PCC 7942 - PCC 6803","KEGG","ko00860","Porphyrin metabolism","10/160",10,160,48,2712,3.53125,0.00035843856034666,0.00860252544831985,""
"PCC 7942 - PCC 6803","KEGG","ko00500","Starch and sucrose metabolism","5/160",5,160,20,2712,4.2375,0.00504679330585651,0.0908422795054171,""
"PCC 7942 - PCC 6803","KEGG","ko00520","Amino sugar and nucleotide sugar metabolism","6/160",6,160,30,2712,3.39,0.00697762786992683,0.100477841326946,""
"PCC 7942 - PCC 6803","KEGG","ko01055","Biosynthesis of vancomycin group antibiotics","2/160",2,160,3,2712,11.3,0.00997704704852155,0.119724564582259,""
"PCC 7942 - PCC 6803","KEGG","ko00525","Acarbose and validamycin biosynthesis","2/160",2,160,4,2712,8.475,0.0191822208268277,0.197302842790228,""
"PCC 7942 - PCC 6803","KEGG","ko00330","Arginine and proline metabolism","4/160",4,160,19,2712,3.56842105263158,0.0225368498728065,0.202831648855259,""
"PCC 7942 - PCC 6803","KEGG","ko00430","Taurine and hypotaurine metabolism","2/160",2,160,5,2712,6.78,0.030739676826178,0.245917414609424,""
"PCC 7942 - PCC 6803","KEGG","ko00510","","1/160",1,160,1,2712,16.95,0.0589970501474926,0.268714976067907,""
"PCC 7942 - PCC 6803","KEGG","ko00053","","1/160",1,160,1,2712,16.95,0.0589970501474926,0.268714976067907,""
"PCC 7942 - PCC 6803","KEGG","ko00903","","1/160",1,160,1,2712,16.95,0.0589970501474926,0.268714976067907,""
"PCC 7942 - PCC 6803","KEGG","ko00981","","1/160",1,160,1,2712,16.95,0.0589970501474926,0.268714976067907,""
"PCC 7942 - PCC 6803","KEGG","ko04978","","1/160",1,160,1,2712,16.95,0.0589970501474926,0.268714976067907,""
"PCC 7942 - PCC 6803","KEGG","ko00052","","2/160",2,160,7,2712,4.84285714285714,0.0597144391262015,0.268714976067907,""
"PCC 7942 - PCC 6803","KEGG","ko05204","","2/160",2,160,7,2712,4.84285714285714,0.0597144391262015,0.268714976067907,""
"PCC 7942 - PCC 6803","KEGG","ko00480","","3/160",3,160,17,2712,2.99117647058824,0.07451781426031,0.306399952285147,""
"PCC 7942 - PCC 6803","KEGG","ko00980","","2/160",2,160,8,2712,4.2375,0.0765999880712867,0.306399952285147,""
"PCC 7942 - PCC 6803","KEGG","ko00982","","2/160",2,160,10,2712,3.39,0.114016711389968,0.392687748233657,""
"PCC 7942 - PCC 6803","KEGG","ko00524","","1/160",1,160,2,2712,8.475,0.11453392656815,0.392687748233657,""
"PCC 7942 - PCC 6803","KEGG","ko00310","","1/160",1,160,2,2712,8.475,0.11453392656815,0.392687748233657,""
"PCC 7942 - PCC 6803","KEGG","ko00561","","2/160",2,160,12,2712,2.825,0.155003718527812,0.507284897000113,""
"PCC 7942 - PCC 6803","KEGG","ko00410","","1/160",1,160,3,2712,5.65,0.166812366327964,0.522195233722321,""
"PCC 7942 - PCC 6803","KEGG","ko00983","","2/160",2,160,13,2712,2.60769230769231,0.1764206458741,0.529261937622299,""
"PCC 7942 - PCC 6803","KEGG","ko00071","","1/160",1,160,4,2712,4.2375,0.216022414828342,0.564817964132192,""
"PCC 7942 - PCC 6803","KEGG","ko00625","","1/160",1,160,4,2712,4.2375,0.216022414828342,0.564817964132192,""
"PCC 7942 - PCC 6803","KEGG","ko02020","","5/160",5,160,55,2712,1.54090909090909,0.221616023139414,0.564817964132192,""
"PCC 7942 - PCC 6803","KEGG","ko00760","Nicotinate and nicotinamide metabolism","2/160",2,160,16,2712,2.11875,0.242748106553684,0.564817964132192,""
"PCC 7942 - PCC 6803","KEGG","ko01100","Metabolic pathways","38/160",38,160,580,2712,1.11051724137931,0.254063441689887,0.564817964132192,"yes"
"PCC 7942 - PCC 6803","KEGG","ko04621","","1/160",1,160,5,2712,3.39,0.262343099328884,0.564817964132192,""
"PCC 7942 - PCC 6803","KEGG","ko05225","","1/160",1,160,5,2712,3.39,0.262343099328884,0.564817964132192,""
"PCC 7942 - PCC 6803","KEGG","ko04146","","1/160",1,160,5,2712,3.39,0.262343099328884,0.564817964132192,""
"PCC 7942 - PCC 6803","KEGG","ko00030","Pentose phosphate pathway","2/160",2,160,18,2712,1.88333333333333,0.287614199565469,0.564817964132192,""
"PCC 7942 - PCC 6803","KEGG","ko00720","","2/160",2,160,18,2712,1.88333333333333,0.287614199565469,0.564817964132192,""
"PCC 7942 - PCC 6803","KEGG","ko01120","Microbial metabolism in diverse environments","9/160",9,160,122,2712,1.25040983606557,0.2908943153753,0.564817964132192,"yes"
"PCC 7942 - PCC 6803","KEGG","ko00460","","1/160",1,160,6,2712,2.825,0.305943063904938,0.564817964132192,""
"PCC 7942 - PCC 6803","KEGG","ko00380","","1/160",1,160,6,2712,2.825,0.305943063904938,0.564817964132192,""
"PCC 7942 - PCC 6803","KEGG","ko01524","","1/160",1,160,6,2712,2.825,0.305943063904938,0.564817964132192,""
"PCC 7942 - PCC 6803","KEGG","ko00280","","1/160",1,160,6,2712,2.825,0.305943063904938,0.564817964132192,""
"PCC 7942 - PCC 6803","KEGG","ko00350","","1/160",1,160,7,2712,2.42142857142857,0.346981168034727,0.593098354864932,""
"PCC 7942 - PCC 6803","KEGG","ko00360","","1/160",1,160,7,2712,2.42142857142857,0.346981168034727,0.593098354864932,""
"PCC 7942 - PCC 6803","KEGG","ko05200","","1/160",1,160,7,2712,2.42142857142857,0.346981168034727,0.593098354864932,""
"PCC 7942 - PCC 6803","KEGG","ko00790","","2/160",2,160,21,2712,1.61428571428571,0.354211517488779,0.593098354864932,""
"PCC 7942 - PCC 6803","KEGG","ko00564","Glycerophospholipid metabolism","1/160",1,160,8,2712,2.11875,0.385607050886647,0.616971281418635,""
"PCC 7942 - PCC 6803","KEGG","ko01503","","1/160",1,160,8,2712,2.11875,0.385607050886647,0.616971281418635,""
"PCC 7942 - PCC 6803","KEGG","ko02010","ABC transporters","5/160",5,160,70,2712,1.21071428571429,0.397403391882956,0.62202270033854,""
"PCC 7942 - PCC 6803","KEGG","ko00620","Pyruvate metabolism","2/160",2,160,24,2712,1.4125,0.418541941801575,0.64117063424922,""
"PCC 7942 - PCC 6803","KEGG","ko05418","","1/160",1,160,10,2712,1.695,0.456177769023579,0.667781230161624,""
"PCC 7942 - PCC 6803","KEGG","ko00640","","1/160",1,160,11,2712,1.54090909090909,0.488380417786062,0.667781230161624,""
"PCC 7942 - PCC 6803","KEGG","ko00630","Glyoxylate and dicarboxylate metabolism","2/160",2,160,28,2712,1.21071428571429,0.498959834368758,0.667781230161624,""
"PCC 7942 - PCC 6803","KEGG","ko00010","Glycolysis / gluconeogenesis","2/160",2,160,28,2712,1.21071428571429,0.498959834368758,0.667781230161624,""
"PCC 7942 - PCC 6803","KEGG","ko00780","","1/160",1,160,12,2712,1.4125,0.518687390445902,0.667781230161624,""
"PCC 7942 - PCC 6803","KEGG","ko00051","Fructose and mannose metabolism","1/160",1,160,12,2712,1.4125,0.518687390445902,0.667781230161624,""
"PCC 7942 - PCC 6803","KEGG","ko00340","","1/160",1,160,12,2712,1.4125,0.518687390445902,0.667781230161624,""
"PCC 7942 - PCC 6803","KEGG","ko01130","Biosynthesis of antibiotics","10/160",10,160,166,2712,1.0210843373494,0.52212553549206,0.667781230161624,"yes"
"PCC 7942 - PCC 6803","KEGG","ko00770","","1/160",1,160,13,2712,1.30384615384615,0.547209619160219,0.667781230161624,""
"PCC 7942 - PCC 6803","KEGG","ko00020","","1/160",1,160,13,2712,1.30384615384615,0.547209619160219,0.667781230161624,""
"PCC 7942 - PCC 6803","KEGG","ko00670","One carbon pool by folate","1/160",1,160,13,2712,1.30384615384615,0.547209619160219,0.667781230161624,""
"PCC 7942 - PCC 6803","KEGG","ko00730","","1/160",1,160,13,2712,1.30384615384615,0.547209619160219,0.667781230161624,""
"PCC 7942 - PCC 6803","KEGG","ko00190","Oxidative phosphorylation","3/160",3,160,49,2712,1.03775510204082,0.560030033372248,0.672036040046698,""
"PCC 7942 - PCC 6803","KEGG","ko01200","Carbon metabolism","4/160",4,160,70,2712,0.968571428571429,0.600697160535382,0.70901959932045,"yes"
"PCC 7942 - PCC 6803","KEGG","ko00710","Carbon fixation by Calvin cycle","1/160",1,160,16,2712,1.059375,0.623082587076064,0.723579778539945,""
"PCC 7942 - PCC 6803","KEGG","ko02025","","1/160",1,160,20,2712,0.8475,0.70494524865577,0.800287682083332,""
"PCC 7942 - PCC 6803","KEGG","ko01210","2-Oxocarboxylic acid metabolism","1/160",1,160,21,2712,0.807142857142857,0.722481935214119,0.800287682083332,""
"PCC 7942 - PCC 6803","KEGG","ko00680","Methane metabolism","1/160",1,160,21,2712,0.807142857142857,0.722481935214119,0.800287682083332,""
"PCC 7942 - PCC 6803","KEGG","ko00910","","1/160",1,160,22,2712,0.770454545454546,0.738982451886635,0.80616267478542,""
"PCC 7942 - PCC 6803","KEGG","ko00920","","1/160",1,160,23,2712,0.73695652173913,0.754507659209363,0.810814200941405,""
"PCC 7942 - PCC 6803","KEGG","ko00230","Purine metabolism","2/160",2,160,57,2712,0.594736842105263,0.85996357465259,0.910549667279213,""
"PCC 7942 - PCC 6803","KEGG","ko00195","Photosynthesis","2/160",2,160,59,2712,0.574576271186441,0.872848896577712,0.91079884860283,""
"PCC 7942 - PCC 6803","KEGG","ko00240","Pyrimidine metabolism","1/160",1,160,38,2712,0.446052631578947,0.902426592641622,0.92821020957424,""
"PCC 7942 - PCC 6803","KEGG","ko01110","Biosynthesis of secondary metabolites","9/160",9,160,249,2712,0.612650602409639,0.966909630865858,0.978872234343283,"yes"
"PCC 7942 - PCC 6803","KEGG","ko01230","Biosynthesis of amino acids","2/160",2,160,94,2712,0.36063829787234,0.978872234343283,0.978872234343283,""
