"species","seed","start","end","minutes","edges_total"
"7002_HU",1,"2026-09-12 23:08:49","2026-09-12 23:28:53",20.05,248508
"7002_HU",2,"2026-09-12 23:28:53","2026-09-12 23:48:57",20.08,248508
"7002_HU",3,"2026-09-12 23:48:57","2026-09-13 00:09:06",20.14,248508
"7002_HU",4,"2026-09-13 00:09:06","2026-09-13 00:29:14",20.14,248508
"7002_HU",5,"2026-09-13 00:29:14","2026-09-13 00:49:22",20.14,248508
"7002_HU",6,"2026-09-13 00:49:22","2026-09-13 01:09:30",20.12,248508
"7002_HU",7,"2026-09-13 01:09:30","2026-09-13 01:29:39",20.15,248508
"7002_HU",8,"2026-09-13 01:29:39","2026-09-13 01:49:48",20.14,248508
"7002_HU",9,"2026-09-13 01:49:48","2026-09-13 02:09:56",20.14,248508
"7002_HU",10,"2026-09-13 02:09:56","2026-09-13 02:30:03",20.12,248508
