"seed","start","end","minutes","edges_total"
1,"2026-08-28 23:11:48","2026-08-28 23:59:38",47.84,55062
2,"2026-08-28 23:59:38","2026-08-29 00:47:37",47.98,55062
3,"2026-08-29 00:47:37","2026-08-29 01:35:36",47.99,55062
4,"2026-08-29 01:35:36","2026-08-29 02:23:37",48.01,55062
5,"2026-08-29 02:23:37","2026-08-29 03:11:37",47.99,55062
6,"2026-08-29 03:11:37","2026-08-29 03:59:37",48,55062
7,"2026-08-29 03:59:37","2026-08-29 04:47:36",47.98,55062
8,"2026-08-29 04:47:36","2026-08-29 05:35:35",47.98,55062
9,"2026-08-29 05:35:35","2026-08-29 06:23:35",48,55062
10,"2026-08-29 06:23:35","2026-08-29 07:11:33",47.96,55062
