regulatoryGene,targetGene,weight
SYNPCC7942_RS06230,SYNPCC7942_RS06235,0.219356354138823
SYNPCC7942_RS08885,SYNPCC7942_RS12200,0.205866776443424
SYNPCC7942_RS05680,SYNPCC7942_RS07845,0.201507846856711
SYNPCC7942_RS05680,SYNPCC7942_RS05395,0.195367117456544
SYNPCC7942_RS03075,SYNPCC7942_RS08225,0.186886468999232
SYNPCC7942_RS03075,SYNPCC7942_RS10555,0.181349418214849
SYNPCC7942_RS03075,SYNPCC7942_RS09325,0.178798388167899
SYNPCC7942_RS03260,SYNPCC7942_RS03265,0.173072339832109
SYNPCC7942_RS05680,SYNPCC7942_RS05400,0.171760551631718
SYNPCC7942_RS09380,SYNPCC7942_RS11105,0.162064274897125
SYNPCC7942_RS05680,SYNPCC7942_RS08350,0.161047664725567
SYNPCC7942_RS03075,SYNPCC7942_RS01415,0.159989410253254
SYNPCC7942_RS03075,SYNPCC7942_RS12115,0.158499481348336
SYNPCC7942_RS00480,SYNPCC7942_RS06105,0.156806496825338
SYNPCC7942_RS03075,SYNPCC7942_RS09380,0.155665383537094
SYNPCC7942_RS03260,SYNPCC7942_RS12900,0.15403056770558
SYNPCC7942_RS05640,SYNPCC7942_RS05010,0.153080265805081
SYNPCC7942_RS03075,SYNPCC7942_RS12120,0.152163151864089
SYNPCC7942_RS03260,SYNPCC7942_RS03255,0.151861214328313
SYNPCC7942_RS05640,SYNPCC7942_RS05900,0.150035706860039
SYNPCC7942_RS03260,SYNPCC7942_RS00060,0.149696304111478
SYNPCC7942_RS08645,SYNPCC7942_RS02905,0.149359078208601
SYNPCC7942_RS03160,SYNPCC7942_RS10700,0.149223545742727
SYNPCC7942_RS05640,SYNPCC7942_RS04325,0.149050804122146
SYNPCC7942_RS03160,SYNPCC7942_RS00335,0.148986625752461
SYNPCC7942_RS03260,SYNPCC7942_RS11295,0.148927343711117
SYNPCC7942_RS09500,SYNPCC7942_RS02405,0.148586913285948
SYNPCC7942_RS09500,SYNPCC7942_RS07670,0.148576687850677
SYNPCC7942_RS11465,SYNPCC7942_RS09805,0.148557660007835
SYNPCC7942_RS03260,SYNPCC7942_RS11230,0.147712942154226
SYNPCC7942_RS05640,SYNPCC7942_RS03490,0.147677980219298
SYNPCC7942_RS11465,SYNPCC7942_RS03575,0.147544796394492
SYNPCC7942_RS05640,SYNPCC7942_RS01625,0.147112865116107
SYNPCC7942_RS11465,SYNPCC7942_RS01685,0.146931389568108
SYNPCC7942_RS08645,SYNPCC7942_RS10790,0.146502567780256
SYNPCC7942_RS07805,SYNPCC7942_RS02940,0.146492128568001
SYNPCC7942_RS08645,SYNPCC7942_RS09320,0.14641046720788
SYNPCC7942_RS11465,SYNPCC7942_RS10755,0.145992955764888
SYNPCC7942_RS10700,SYNPCC7942_RS04935,0.145707709872054
SYNPCC7942_RS05640,SYNPCC7942_RS02220,0.14550358483137
SYNPCC7942_RS10700,SYNPCC7942_RS00645,0.145265264914996
SYNPCC7942_RS11465,SYNPCC7942_RS06030,0.145083491758143
SYNPCC7942_RS03260,SYNPCC7942_RS11690,0.145003609689127
SYNPCC7942_RS11465,SYNPCC7942_RS01655,0.144381963683076
SYNPCC7942_RS07805,SYNPCC7942_RS09970,0.144339287766435
SYNPCC7942_RS07805,SYNPCC7942_RS08060,0.1443270227768
SYNPCC7942_RS03260,SYNPCC7942_RS06545,0.144049334879057
SYNPCC7942_RS05640,SYNPCC7942_RS03335,0.143933334029097
SYNPCC7942_RS00480,SYNPCC7942_RS01720,0.143878780160832
SYNPCC7942_RS10260,SYNPCC7942_RS03255,0.143708570068496
SYNPCC7942_RS03260,SYNPCC7942_RS04550,0.143255276374655
SYNPCC7942_RS08820,SYNPCC7942_RS10425,0.143175149971589
SYNPCC7942_RS05640,SYNPCC7942_RS04350,0.143162405865164
SYNPCC7942_RS07435,SYNPCC7942_RS04090,0.143058964629208
SYNPCC7942_RS11465,SYNPCC7942_RS06760,0.143029141244848
SYNPCC7942_RS10700,SYNPCC7942_RS00030,0.14290827806088
SYNPCC7942_RS08645,SYNPCC7942_RS13020,0.142662628805721
SYNPCC7942_RS10700,SYNPCC7942_RS07455,0.142488971293773
SYNPCC7942_RS03160,SYNPCC7942_RS12515,0.142421433353509
SYNPCC7942_RS07435,SYNPCC7942_RS05720,0.142244718540388
SYNPCC7942_RS03325,SYNPCC7942_RS01335,0.142163247228891
SYNPCC7942_RS11465,SYNPCC7942_RS01575,0.142106059084564
SYNPCC7942_RS00480,SYNPCC7942_RS10695,0.141995300799789
SYNPCC7942_RS03325,SYNPCC7942_RS06245,0.141781767935616
SYNPCC7942_RS03565,SYNPCC7942_RS01300,0.141722607392445
SYNPCC7942_RS05640,SYNPCC7942_RS02945,0.141668623830205
SYNPCC7942_RS05640,SYNPCC7942_RS04330,0.141472650877139
SYNPCC7942_RS00480,SYNPCC7942_RS04870,0.141216717927814
SYNPCC7942_RS05870,SYNPCC7942_RS06795,0.141197322938698
SYNPCC7942_RS07435,SYNPCC7942_RS05480,0.141010389018367
SYNPCC7942_RS05640,SYNPCC7942_RS04160,0.140255867107355
SYNPCC7942_RS03260,SYNPCC7942_RS04565,0.140143620408063
SYNPCC7942_RS06700,SYNPCC7942_RS07540,0.140075350180833
SYNPCC7942_RS10700,SYNPCC7942_RS10570,0.140069287509624
SYNPCC7942_RS05195,SYNPCC7942_RS04065,0.140010193495189
SYNPCC7942_RS07805,SYNPCC7942_RS10465,0.139901291882865
SYNPCC7942_RS03565,SYNPCC7942_RS08345,0.139811215388766
SYNPCC7942_RS07185,SYNPCC7942_RS11705,0.139781546180943
SYNPCC7942_RS05640,SYNPCC7942_RS08100,0.139675104278001
SYNPCC7942_RS09760,SYNPCC7942_RS02265,0.139548966090358
SYNPCC7942_RS03565,SYNPCC7942_RS09250,0.139420492438328
SYNPCC7942_RS00645,SYNPCC7942_RS08620,0.139212663155226
SYNPCC7942_RS03565,SYNPCC7942_RS06275,0.139180337224724
SYNPCC7942_RS07185,SYNPCC7942_RS04945,0.138905642536942
SYNPCC7942_RS00480,SYNPCC7942_RS04520,0.138784133397728
SYNPCC7942_RS10260,SYNPCC7942_RS04565,0.138777773428614
SYNPCC7942_RS03565,SYNPCC7942_RS05755,0.138741152874548
SYNPCC7942_RS05640,SYNPCC7942_RS04605,0.13861235269788
SYNPCC7942_RS05640,SYNPCC7942_RS11525,0.138605357246975
SYNPCC7942_RS07185,SYNPCC7942_RS09960,0.138561189710835
SYNPCC7942_RS11465,SYNPCC7942_RS01500,0.13849085429425
SYNPCC7942_RS07435,SYNPCC7942_RS07275,0.138442952618833
SYNPCC7942_RS11465,SYNPCC7942_RS01695,0.13837794110358
SYNPCC7942_RS05680,SYNPCC7942_RS05275,0.138325923727048
SYNPCC7942_RS11465,SYNPCC7942_RS10195,0.138266273817185
SYNPCC7942_RS00645,SYNPCC7942_RS09295,0.138254802081923
SYNPCC7942_RS03075,SYNPCC7942_RS12995,0.138088352691807
SYNPCC7942_RS08645,SYNPCC7942_RS11845,0.138044457942195
SYNPCC7942_RS07435,SYNPCC7942_RS03280,0.137995025460969
SYNPCC7942_RS10260,SYNPCC7942_RS03505,0.137968893120495
SYNPCC7942_RS09380,SYNPCC7942_RS10555,0.137928080752392
SYNPCC7942_RS09500,SYNPCC7942_RS10795,0.137828301437486
SYNPCC7942_RS03565,SYNPCC7942_RS06950,0.13774104512526
SYNPCC7942_RS00480,SYNPCC7942_RS10455,0.137665293291927
SYNPCC7942_RS03260,SYNPCC7942_RS11285,0.137567539370848
SYNPCC7942_RS09500,SYNPCC7942_RS10550,0.137508798833038
SYNPCC7942_RS08820,SYNPCC7942_RS08830,0.137100164017319
SYNPCC7942_RS07185,SYNPCC7942_RS04750,0.13709948207952
SYNPCC7942_RS03260,SYNPCC7942_RS07725,0.136900117891278
SYNPCC7942_RS08645,SYNPCC7942_RS00395,0.136733336595135
SYNPCC7942_RS03260,SYNPCC7942_RS11330,0.136583340624334
SYNPCC7942_RS05640,SYNPCC7942_RS06430,0.136481149538804
SYNPCC7942_RS05640,SYNPCC7942_RS01730,0.136392427766248
SYNPCC7942_RS00480,SYNPCC7942_RS01585,0.13623582968366
SYNPCC7942_RS07435,SYNPCC7942_RS08865,0.136205159092795
SYNPCC7942_RS07435,SYNPCC7942_RS07280,0.136077994022807
SYNPCC7942_RS07435,SYNPCC7942_RS12570,0.136072211456557
SYNPCC7942_RS03565,SYNPCC7942_RS04860,0.135918413814729
SYNPCC7942_RS05640,SYNPCC7942_RS04095,0.135917396798433
SYNPCC7942_RS05870,SYNPCC7942_RS09830,0.135810405382903
SYNPCC7942_RS03260,SYNPCC7942_RS11240,0.135778046813249
SYNPCC7942_RS03325,SYNPCC7942_RS11210,0.135717930368739
SYNPCC7942_RS03325,SYNPCC7942_RS11265,0.135712307108492
SYNPCC7942_RS03160,SYNPCC7942_RS08490,0.135535172210245
SYNPCC7942_RS03075,SYNPCC7942_RS07720,0.135519790680859
SYNPCC7942_RS11465,SYNPCC7942_RS06020,0.135337625260764
SYNPCC7942_RS03325,SYNPCC7942_RS11235,0.135332057520187
SYNPCC7942_RS00480,SYNPCC7942_RS06015,0.135214912379477
SYNPCC7942_RS05640,SYNPCC7942_RS07590,0.135213965340477
SYNPCC7942_RS11465,SYNPCC7942_RS12180,0.135186599232559
SYNPCC7942_RS11465,SYNPCC7942_RS02575,0.135158358055985
SYNPCC7942_RS03565,SYNPCC7942_RS11710,0.135157257626145
SYNPCC7942_RS12560,SYNPCC7942_RS09000,0.135123774998484
SYNPCC7942_RS07805,SYNPCC7942_RS08750,0.135109710879431
SYNPCC7942_RS05640,SYNPCC7942_RS00545,0.135068806431552
SYNPCC7942_RS03325,SYNPCC7942_RS11290,0.134984297776004
SYNPCC7942_RS03260,SYNPCC7942_RS11315,0.134975143199922
SYNPCC7942_RS08645,SYNPCC7942_RS04015,0.134870839771594
SYNPCC7942_RS10260,SYNPCC7942_RS10265,0.134851276967608
SYNPCC7942_RS03260,SYNPCC7942_RS11215,0.13481542311873
SYNPCC7942_RS03260,SYNPCC7942_RS11320,0.134761292635998
SYNPCC7942_RS10700,SYNPCC7942_RS06915,0.134647282463474
SYNPCC7942_RS07435,SYNPCC7942_RS03100,0.134616889594224
SYNPCC7942_RS03260,SYNPCC7942_RS11200,0.134575328681606
SYNPCC7942_RS11465,SYNPCC7942_RS00715,0.134560280899088
SYNPCC7942_RS05870,SYNPCC7942_RS06135,0.134497240757463
SYNPCC7942_RS05870,SYNPCC7942_RS00700,0.134400142313216
SYNPCC7942_RS11465,SYNPCC7942_RS10750,0.134356026942939
SYNPCC7942_RS03160,SYNPCC7942_RS10350,0.134312749594063
SYNPCC7942_RS03565,SYNPCC7942_RS12295,0.134245622465668
SYNPCC7942_RS05070,SYNPCC7942_RS10475,0.134227809550409
SYNPCC7942_RS00480,SYNPCC7942_RS06235,0.134202410229953
SYNPCC7942_RS03260,SYNPCC7942_RS00715,0.134169959065643
SYNPCC7942_RS03325,SYNPCC7942_RS08250,0.134154962602389
SYNPCC7942_RS03075,SYNPCC7942_RS07260,0.134077059987039
SYNPCC7942_RS11465,SYNPCC7942_RS13265,0.133856219088223
SYNPCC7942_RS11465,SYNPCC7942_RS00060,0.133800042588364
SYNPCC7942_RS08645,SYNPCC7942_RS09660,0.133767609253259
SYNPCC7942_RS11465,SYNPCC7942_RS00015,0.133678374768427
SYNPCC7942_RS03325,SYNPCC7942_RS11205,0.133530825727475
SYNPCC7942_RS05640,SYNPCC7942_RS12070,0.13340493638362
SYNPCC7942_RS05640,SYNPCC7942_RS06260,0.133334988361992
SYNPCC7942_RS04225,SYNPCC7942_RS10915,0.13328127032916
SYNPCC7942_RS07435,SYNPCC7942_RS10025,0.133108285929683
SYNPCC7942_RS00480,SYNPCC7942_RS06100,0.133106289046385
SYNPCC7942_RS05640,SYNPCC7942_RS12470,0.132973253761637
SYNPCC7942_RS05640,SYNPCC7942_RS04740,0.132923797588641
SYNPCC7942_RS07435,SYNPCC7942_RS03670,0.132908826882595
SYNPCC7942_RS03260,SYNPCC7942_RS12420,0.132863235003894
SYNPCC7942_RS09435,SYNPCC7942_RS09375,0.132863218021468
SYNPCC7942_RS05640,SYNPCC7942_RS04335,0.132858791768222
SYNPCC7942_RS03565,SYNPCC7942_RS04320,0.132786808102106
SYNPCC7942_RS06365,SYNPCC7942_RS00860,0.132741014823448
SYNPCC7942_RS07805,SYNPCC7942_RS10955,0.132729282362151
SYNPCC7942_RS07805,SYNPCC7942_RS00535,0.13265644966479
SYNPCC7942_RS05640,SYNPCC7942_RS04340,0.132635079842411
SYNPCC7942_RS07435,SYNPCC7942_RS05665,0.132594458422152
SYNPCC7942_RS10260,SYNPCC7942_RS11305,0.13256619258575
SYNPCC7942_RS07805,SYNPCC7942_RS09175,0.132544304679157
SYNPCC7942_RS03565,SYNPCC7942_RS01490,0.132519947871597
SYNPCC7942_RS03325,SYNPCC7942_RS06540,0.132344961899194
SYNPCC7942_RS12560,SYNPCC7942_RS07725,0.132240538679263
SYNPCC7942_RS06700,SYNPCC7942_RS10600,0.132107611475491
SYNPCC7942_RS03160,SYNPCC7942_RS08170,0.132072406548506
SYNPCC7942_RS10700,SYNPCC7942_RS06495,0.132052835264018
SYNPCC7942_RS03160,SYNPCC7942_RS08360,0.132031781808787
SYNPCC7942_RS10700,SYNPCC7942_RS04265,0.132006301305003
SYNPCC7942_RS05640,SYNPCC7942_RS07810,0.132001833056796
SYNPCC7942_RS11465,SYNPCC7942_RS11900,0.131909614545722
SYNPCC7942_RS03260,SYNPCC7942_RS12670,0.131900119832685
SYNPCC7942_RS09500,SYNPCC7942_RS02175,0.131885148046735
SYNPCC7942_RS00645,SYNPCC7942_RS05840,0.131875777113138
SYNPCC7942_RS07805,SYNPCC7942_RS05255,0.131864454670757
SYNPCC7942_RS05640,SYNPCC7942_RS07680,0.131846461811793
SYNPCC7942_RS03260,SYNPCC7942_RS11305,0.131818086018813
SYNPCC7942_RS09435,SYNPCC7942_RS07350,0.13181726133329
SYNPCC7942_RS03325,SYNPCC7942_RS11275,0.131816806056912
SYNPCC7942_RS07435,SYNPCC7942_RS02970,0.1317930508323
SYNPCC7942_RS05640,SYNPCC7942_RS06810,0.131768139063636
SYNPCC7942_RS00480,SYNPCC7942_RS02745,0.131764918468415
SYNPCC7942_RS03260,SYNPCC7942_RS03310,0.131733543811855
SYNPCC7942_RS07435,SYNPCC7942_RS05595,0.131711722081491
SYNPCC7942_RS03260,SYNPCC7942_RS09725,0.131636567471194
SYNPCC7942_RS03565,SYNPCC7942_RS02390,0.131595276833544
SYNPCC7942_RS11465,SYNPCC7942_RS07300,0.13153730959097
SYNPCC7942_RS03565,SYNPCC7942_RS05730,0.131481653366712
SYNPCC7942_RS05640,SYNPCC7942_RS05170,0.131437064497721
SYNPCC7942_RS00455,SYNPCC7942_RS08625,0.131387243750576
SYNPCC7942_RS05640,SYNPCC7942_RS11120,0.131334925216859
SYNPCC7942_RS05640,SYNPCC7942_RS06445,0.13123335204584
SYNPCC7942_RS03565,SYNPCC7942_RS06680,0.131108770469309
SYNPCC7942_RS00480,SYNPCC7942_RS09700,0.131093744187394
SYNPCC7942_RS05640,SYNPCC7942_RS06845,0.131076180851098
SYNPCC7942_RS07435,SYNPCC7942_RS11325,0.131072500653075
SYNPCC7942_RS03260,SYNPCC7942_RS07600,0.131068175478252
SYNPCC7942_RS03325,SYNPCC7942_RS11300,0.131054033469778
SYNPCC7942_RS07805,SYNPCC7942_RS05555,0.131043636951137
SYNPCC7942_RS11465,SYNPCC7942_RS06310,0.131019534917345
SYNPCC7942_RS03260,SYNPCC7942_RS06250,0.130972480243238
SYNPCC7942_RS09500,SYNPCC7942_RS04510,0.13090021437506
SYNPCC7942_RS03260,SYNPCC7942_RS06990,0.130893471570159
SYNPCC7942_RS07185,SYNPCC7942_RS01225,0.130882157869815
SYNPCC7942_RS07805,SYNPCC7942_RS10795,0.130863070515675
SYNPCC7942_RS07805,SYNPCC7942_RS09255,0.130848238139552
SYNPCC7942_RS05640,SYNPCC7942_RS06130,0.130847348865819
SYNPCC7942_RS05870,SYNPCC7942_RS13040,0.130810489290251
SYNPCC7942_RS05640,SYNPCC7942_RS07645,0.13074608829918
SYNPCC7942_RS03260,SYNPCC7942_RS12845,0.130716185500592
SYNPCC7942_RS05640,SYNPCC7942_RS10010,0.130703199499032
SYNPCC7942_RS09500,SYNPCC7942_RS07770,0.130667794092273
SYNPCC7942_RS08645,SYNPCC7942_RS11185,0.130659606120521
SYNPCC7942_RS05070,SYNPCC7942_RS10420,0.130634986913468
SYNPCC7942_RS03260,SYNPCC7942_RS04915,0.130621772991675
SYNPCC7942_RS00480,SYNPCC7942_RS07440,0.130577035313744
SYNPCC7942_RS05640,SYNPCC7942_RS03565,0.130547832322826
SYNPCC7942_RS11465,SYNPCC7942_RS02725,0.130537172057815
SYNPCC7942_RS03260,SYNPCC7942_RS09590,0.130511847553201
SYNPCC7942_RS05640,SYNPCC7942_RS00810,0.130510475401503
SYNPCC7942_RS03565,SYNPCC7942_RS03180,0.130423979947139
SYNPCC7942_RS03075,SYNPCC7942_RS11950,0.130321535803258
SYNPCC7942_RS09500,SYNPCC7942_RS11170,0.130148461719964
SYNPCC7942_RS03565,SYNPCC7942_RS12890,0.130094521232478
SYNPCC7942_RS05640,SYNPCC7942_RS06465,0.130092089436937
SYNPCC7942_RS07805,SYNPCC7942_RS10020,0.13007320001076
SYNPCC7942_RS09435,SYNPCC7942_RS04755,0.130036257531485
SYNPCC7942_RS04225,SYNPCC7942_RS06040,0.13002804913093
SYNPCC7942_RS12560,SYNPCC7942_RS04310,0.130005668354793
SYNPCC7942_RS03325,SYNPCC7942_RS07385,0.129982919870311
SYNPCC7942_RS05640,SYNPCC7942_RS04030,0.129953730766122
SYNPCC7942_RS09500,SYNPCC7942_RS11395,0.129881703587484
SYNPCC7942_RS08820,SYNPCC7942_RS12620,0.129873563949957
SYNPCC7942_RS10700,SYNPCC7942_RS01390,0.129641601690981
SYNPCC7942_RS09500,SYNPCC7942_RS03055,0.12956387807754
SYNPCC7942_RS00645,SYNPCC7942_RS00120,0.129441555785421
SYNPCC7942_RS11465,SYNPCC7942_RS01710,0.129354993084879
SYNPCC7942_RS07805,SYNPCC7942_RS11465,0.129333549000738
SYNPCC7942_RS03565,SYNPCC7942_RS02275,0.129238371216153
SYNPCC7942_RS05640,SYNPCC7942_RS06940,0.129222076989154
SYNPCC7942_RS08645,SYNPCC7942_RS09790,0.129090081581137
SYNPCC7942_RS07435,SYNPCC7942_RS05820,0.128995907804788
SYNPCC7942_RS09500,SYNPCC7942_RS03155,0.128990149938117
SYNPCC7942_RS09380,SYNPCC7942_RS03075,0.128975831130465
SYNPCC7942_RS03160,SYNPCC7942_RS04900,0.128948998291841
SYNPCC7942_RS00480,SYNPCC7942_RS12170,0.128948322862721
SYNPCC7942_RS07805,SYNPCC7942_RS02545,0.128916320069474
SYNPCC7942_RS05870,SYNPCC7942_RS05865,0.128799341690804
SYNPCC7942_RS07805,SYNPCC7942_RS08935,0.128781532984577
SYNPCC7942_RS03565,SYNPCC7942_RS11780,0.128743893228767
SYNPCC7942_RS05870,SYNPCC7942_RS04560,0.128510384071266
SYNPCC7942_RS10700,SYNPCC7942_RS07365,0.128494964277261
SYNPCC7942_RS03260,SYNPCC7942_RS11335,0.12844770346443
SYNPCC7942_RS05640,SYNPCC7942_RS09635,0.128301659908124
SYNPCC7942_RS11465,SYNPCC7942_RS11770,0.128284397983138
SYNPCC7942_RS07805,SYNPCC7942_RS01925,0.128224249374745
SYNPCC7942_RS00645,SYNPCC7942_RS08690,0.128223186571333
SYNPCC7942_RS03565,SYNPCC7942_RS06005,0.12821719115457
SYNPCC7942_RS11465,SYNPCC7942_RS05690,0.128190730320055
SYNPCC7942_RS09435,SYNPCC7942_RS06620,0.12817892967063
SYNPCC7942_RS07185,SYNPCC7942_RS05610,0.128161959170638
SYNPCC7942_RS04225,SYNPCC7942_RS04205,0.128149858874049
SYNPCC7942_RS05640,SYNPCC7942_RS11710,0.128033609063711
SYNPCC7942_RS09435,SYNPCC7942_RS09370,0.128029112542235
SYNPCC7942_RS10700,SYNPCC7942_RS09615,0.128018057100183
SYNPCC7942_RS07185,SYNPCC7942_RS02960,0.12796802327299
SYNPCC7942_RS05870,SYNPCC7942_RS02620,0.127948404574273
SYNPCC7942_RS03325,SYNPCC7942_RS07780,0.127936246262166
SYNPCC7942_RS00480,SYNPCC7942_RS11915,0.12791671049007
SYNPCC7942_RS05640,SYNPCC7942_RS10385,0.127878292306088
SYNPCC7942_RS00480,SYNPCC7942_RS05900,0.127863520000129
SYNPCC7942_RS05640,SYNPCC7942_RS01650,0.127857351708036
SYNPCC7942_RS05870,SYNPCC7942_RS11215,0.127702683083777
SYNPCC7942_RS03565,SYNPCC7942_RS05870,0.127656113253692
SYNPCC7942_RS05640,SYNPCC7942_RS04155,0.127648175906569
SYNPCC7942_RS09435,SYNPCC7942_RS00020,0.127623768667097
SYNPCC7942_RS08645,SYNPCC7942_RS12975,0.127609521911786
SYNPCC7942_RS11465,SYNPCC7942_RS07270,0.127601823096909
SYNPCC7942_RS10700,SYNPCC7942_RS02470,0.127596991445002
SYNPCC7942_RS11465,SYNPCC7942_RS13930,0.12749775288793
SYNPCC7942_RS09435,SYNPCC7942_RS02700,0.127488186899345
SYNPCC7942_RS11465,SYNPCC7942_RS12210,0.127449009568247
SYNPCC7942_RS03565,SYNPCC7942_RS09700,0.127418654463649
SYNPCC7942_RS03260,SYNPCC7942_RS07915,0.127403110623023
SYNPCC7942_RS00645,SYNPCC7942_RS05560,0.127309874434511
SYNPCC7942_RS09500,SYNPCC7942_RS01360,0.127118646303808
SYNPCC7942_RS07805,SYNPCC7942_RS07500,0.127073883039173
SYNPCC7942_RS11465,SYNPCC7942_RS00720,0.127000961570695
SYNPCC7942_RS09500,SYNPCC7942_RS08125,0.126907964036064
SYNPCC7942_RS09500,SYNPCC7942_RS10180,0.126876318537338
SYNPCC7942_RS11465,SYNPCC7942_RS10050,0.126748729463504
SYNPCC7942_RS07185,SYNPCC7942_RS10040,0.126704309985524
SYNPCC7942_RS09435,SYNPCC7942_RS05060,0.126665598325051
SYNPCC7942_RS05870,SYNPCC7942_RS10025,0.126566868613087
SYNPCC7942_RS07805,SYNPCC7942_RS03470,0.126534860792771
SYNPCC7942_RS08885,SYNPCC7942_RS05590,0.126472134096914
SYNPCC7942_RS09500,SYNPCC7942_RS01160,0.12640438021666
SYNPCC7942_RS11465,SYNPCC7942_RS04735,0.126390089557362
SYNPCC7942_RS07805,SYNPCC7942_RS03660,0.12632546055215
SYNPCC7942_RS05640,SYNPCC7942_RS04000,0.126299376422524
SYNPCC7942_RS05870,SYNPCC7942_RS07215,0.126244665314299
SYNPCC7942_RS03325,SYNPCC7942_RS11685,0.126219169966369
SYNPCC7942_RS05640,SYNPCC7942_RS03030,0.12618637745669
SYNPCC7942_RS09500,SYNPCC7942_RS04970,0.126083257029232
SYNPCC7942_RS09500,SYNPCC7942_RS12695,0.12602455587425
SYNPCC7942_RS05640,SYNPCC7942_RS04830,0.125998652015138
SYNPCC7942_RS05640,SYNPCC7942_RS10215,0.125928977108775
SYNPCC7942_RS04225,SYNPCC7942_RS01645,0.125904946227569
SYNPCC7942_RS08645,SYNPCC7942_RS00675,0.125865411177518
SYNPCC7942_RS09435,SYNPCC7942_RS10485,0.125865242168413
SYNPCC7942_RS05640,SYNPCC7942_RS04295,0.125845900202375
SYNPCC7942_RS11465,SYNPCC7942_RS06405,0.125781354921349
SYNPCC7942_RS09500,SYNPCC7942_RS10580,0.12578066071946
SYNPCC7942_RS03260,SYNPCC7942_RS08835,0.125715001349695
SYNPCC7942_RS05640,SYNPCC7942_RS06365,0.125646072645258
SYNPCC7942_RS04225,SYNPCC7942_RS00735,0.125636083167709
SYNPCC7942_RS05640,SYNPCC7942_RS05350,0.125584325845282
SYNPCC7942_RS11465,SYNPCC7942_RS09670,0.125566208811857
SYNPCC7942_RS05640,SYNPCC7942_RS01565,0.125547353218499
SYNPCC7942_RS09500,SYNPCC7942_RS02360,0.125493229899911
SYNPCC7942_RS09500,SYNPCC7942_RS13180,0.125476970945475
SYNPCC7942_RS08820,SYNPCC7942_RS02430,0.125439041038231
SYNPCC7942_RS05195,SYNPCC7942_RS13145,0.125425130614066
SYNPCC7942_RS05070,SYNPCC7942_RS07730,0.125400076614266
SYNPCC7942_RS03565,SYNPCC7942_RS03340,0.125311588161155
SYNPCC7942_RS03160,SYNPCC7942_RS05595,0.125262923196453
SYNPCC7942_RS09500,SYNPCC7942_RS02605,0.125208569279618
SYNPCC7942_RS09500,SYNPCC7942_RS00900,0.125151666933668
SYNPCC7942_RS09500,SYNPCC7942_RS00355,0.125133509408617
SYNPCC7942_RS03325,SYNPCC7942_RS11225,0.125059428720896
SYNPCC7942_RS11465,SYNPCC7942_RS10455,0.125021611423665
SYNPCC7942_RS05230,SYNPCC7942_RS08915,0.124987076704771
SYNPCC7942_RS11465,SYNPCC7942_RS03505,0.12493644453317
SYNPCC7942_RS11465,SYNPCC7942_RS03480,0.124934719532938
SYNPCC7942_RS11465,SYNPCC7942_RS00025,0.124872185598533
SYNPCC7942_RS03565,SYNPCC7942_RS06845,0.124739469062947
SYNPCC7942_RS05640,SYNPCC7942_RS08545,0.124722260938525
SYNPCC7942_RS03260,SYNPCC7942_RS12715,0.124715427562615
SYNPCC7942_RS03565,SYNPCC7942_RS02900,0.124619548433054
SYNPCC7942_RS00480,SYNPCC7942_RS05990,0.124617421118529
SYNPCC7942_RS09500,SYNPCC7942_RS01310,0.124587869908821
SYNPCC7942_RS03565,SYNPCC7942_RS05640,0.124586012335776
SYNPCC7942_RS07805,SYNPCC7942_RS10725,0.124555387297344
SYNPCC7942_RS03565,SYNPCC7942_RS04030,0.124469229139861
SYNPCC7942_RS03565,SYNPCC7942_RS06700,0.124468618081833
SYNPCC7942_RS00645,SYNPCC7942_RS03670,0.124423000713808
SYNPCC7942_RS00645,SYNPCC7942_RS10700,0.124401322178701
SYNPCC7942_RS10700,SYNPCC7942_RS10350,0.124369529696501
SYNPCC7942_RS07805,SYNPCC7942_RS00770,0.124358140464742
SYNPCC7942_RS12535,SYNPCC7942_RS06355,0.124347790134538
SYNPCC7942_RS03565,SYNPCC7942_RS09690,0.124284689062839
SYNPCC7942_RS03260,SYNPCC7942_RS09425,0.124283291691372
SYNPCC7942_RS10260,SYNPCC7942_RS00500,0.124267341314107
SYNPCC7942_RS03325,SYNPCC7942_RS13235,0.124265147819469
SYNPCC7942_RS05870,SYNPCC7942_RS11220,0.124259396699554
SYNPCC7942_RS09435,SYNPCC7942_RS03200,0.124255765660366
SYNPCC7942_RS03325,SYNPCC7942_RS11310,0.124241708843917
SYNPCC7942_RS13165,SYNPCC7942_RS02285,0.124190373079335
SYNPCC7942_RS05070,SYNPCC7942_RS11980,0.124136567564414
SYNPCC7942_RS11465,SYNPCC7942_RS09105,0.124010587694572
SYNPCC7942_RS09500,SYNPCC7942_RS09140,0.123994123960489
SYNPCC7942_RS10040,SYNPCC7942_RS07180,0.123976526366374
SYNPCC7942_RS08645,SYNPCC7942_RS04225,0.123961069081693
SYNPCC7942_RS09435,SYNPCC7942_RS10595,0.12394637869526
SYNPCC7942_RS05870,SYNPCC7942_RS07435,0.123931697898036
SYNPCC7942_RS05640,SYNPCC7942_RS01800,0.123916580972935
SYNPCC7942_RS05870,SYNPCC7942_RS01635,0.123905026055425
SYNPCC7942_RS09435,SYNPCC7942_RS06045,0.123895582619337
SYNPCC7942_RS05640,SYNPCC7942_RS00960,0.123802156413961
SYNPCC7942_RS05640,SYNPCC7942_RS08490,0.123786527759454
SYNPCC7942_RS09500,SYNPCC7942_RS05545,0.123772052246891
SYNPCC7942_RS03565,SYNPCC7942_RS00985,0.123756477833184
SYNPCC7942_RS05070,SYNPCC7942_RS08500,0.123745834756172
SYNPCC7942_RS07805,SYNPCC7942_RS11865,0.123625763698221
SYNPCC7942_RS09435,SYNPCC7942_RS07410,0.123596793056824
SYNPCC7942_RS07435,SYNPCC7942_RS01705,0.123548529352155
SYNPCC7942_RS11465,SYNPCC7942_RS11065,0.123521705046444
SYNPCC7942_RS04225,SYNPCC7942_RS09720,0.123455021640131
SYNPCC7942_RS05870,SYNPCC7942_RS11690,0.123429326700797
SYNPCC7942_RS09500,SYNPCC7942_RS05035,0.123374564403841
SYNPCC7942_RS09500,SYNPCC7942_RS07430,0.123350088081512
SYNPCC7942_RS03565,SYNPCC7942_RS08270,0.123347397310444
SYNPCC7942_RS05640,SYNPCC7942_RS05270,0.123317996689761
SYNPCC7942_RS09435,SYNPCC7942_RS04890,0.123253910907389
SYNPCC7942_RS07805,SYNPCC7942_RS12465,0.123245101520527
SYNPCC7942_RS10700,SYNPCC7942_RS13150,0.123217732617047
SYNPCC7942_RS07805,SYNPCC7942_RS00450,0.123183895911248
SYNPCC7942_RS05640,SYNPCC7942_RS13225,0.123168191801671
SYNPCC7942_RS10700,SYNPCC7942_RS01180,0.123167011627892
SYNPCC7942_RS12560,SYNPCC7942_RS12440,0.123135634174025
SYNPCC7942_RS05870,SYNPCC7942_RS07135,0.123112260583033
SYNPCC7942_RS03260,SYNPCC7942_RS00800,0.123096370289789
SYNPCC7942_RS10260,SYNPCC7942_RS11230,0.12302495238478
SYNPCC7942_RS03565,SYNPCC7942_RS13305,0.122950548112404
SYNPCC7942_RS09435,SYNPCC7942_RS09625,0.122945947973668
SYNPCC7942_RS07185,SYNPCC7942_RS07305,0.122941530164113
SYNPCC7942_RS05640,SYNPCC7942_RS12520,0.122919809599011
SYNPCC7942_RS05640,SYNPCC7942_RS05490,0.12284141571059
SYNPCC7942_RS09500,SYNPCC7942_RS07200,0.122838224943928
SYNPCC7942_RS03565,SYNPCC7942_RS03610,0.122830624731311
SYNPCC7942_RS05640,SYNPCC7942_RS04780,0.122821779069178
SYNPCC7942_RS10260,SYNPCC7942_RS00970,0.12280085215244
SYNPCC7942_RS09500,SYNPCC7942_RS11540,0.122792708718692
SYNPCC7942_RS04225,SYNPCC7942_RS12760,0.122792270074983
SYNPCC7942_RS05640,SYNPCC7942_RS11500,0.122768651365996
SYNPCC7942_RS00455,SYNPCC7942_RS06715,0.122750317852576
SYNPCC7942_RS05870,SYNPCC7942_RS05120,0.122652095090927
SYNPCC7942_RS05070,SYNPCC7942_RS05495,0.122641523615813
SYNPCC7942_RS03565,SYNPCC7942_RS09945,0.122633371489166
SYNPCC7942_RS03075,SYNPCC7942_RS04050,0.122531198923035
SYNPCC7942_RS03160,SYNPCC7942_RS04800,0.122530743417983
SYNPCC7942_RS03260,SYNPCC7942_RS03250,0.122499477056321
SYNPCC7942_RS07805,SYNPCC7942_RS08660,0.122467191258535
SYNPCC7942_RS11465,SYNPCC7942_RS03370,0.122370252860787
SYNPCC7942_RS03160,SYNPCC7942_RS01675,0.122313264739055
SYNPCC7942_RS05640,SYNPCC7942_RS08875,0.122300211609763
SYNPCC7942_RS03260,SYNPCC7942_RS12850,0.122282698882906
SYNPCC7942_RS07185,SYNPCC7942_RS06885,0.122265179535852
SYNPCC7942_RS07435,SYNPCC7942_RS08080,0.122234806481384
SYNPCC7942_RS05640,SYNPCC7942_RS11930,0.122168757316292
SYNPCC7942_RS08645,SYNPCC7942_RS03990,0.122135712628798
SYNPCC7942_RS07185,SYNPCC7942_RS07815,0.122082918832432
SYNPCC7942_RS03260,SYNPCC7942_RS10470,0.122079096067179
SYNPCC7942_RS05070,SYNPCC7942_RS07405,0.12206366857677
SYNPCC7942_RS10260,SYNPCC7942_RS11255,0.122046966505109
SYNPCC7942_RS07435,SYNPCC7942_RS01670,0.122038469605857
SYNPCC7942_RS10040,SYNPCC7942_RS11385,0.12203750036772
SYNPCC7942_RS07185,SYNPCC7942_RS02000,0.121994685440462
SYNPCC7942_RS09435,SYNPCC7942_RS06115,0.121968366269076
SYNPCC7942_RS00480,SYNPCC7942_RS02695,0.121958252804812
SYNPCC7942_RS05640,SYNPCC7942_RS12860,0.121893669941265
SYNPCC7942_RS05870,SYNPCC7942_RS03345,0.121886894790591
SYNPCC7942_RS05640,SYNPCC7942_RS12160,0.121835695407102
SYNPCC7942_RS00480,SYNPCC7942_RS08345,0.121801481737652
SYNPCC7942_RS09435,SYNPCC7942_RS04850,0.121778183429698
SYNPCC7942_RS03260,SYNPCC7942_RS12270,0.121767592987737
SYNPCC7942_RS05870,SYNPCC7942_RS03640,0.121743531436186
SYNPCC7942_RS08645,SYNPCC7942_RS02045,0.121549289480214
SYNPCC7942_RS03260,SYNPCC7942_RS00500,0.121544243950221
SYNPCC7942_RS03325,SYNPCC7942_RS06315,0.12153579533071
SYNPCC7942_RS00480,SYNPCC7942_RS04320,0.121521700456653
SYNPCC7942_RS00480,SYNPCC7942_RS08785,0.121451998867453
SYNPCC7942_RS07805,SYNPCC7942_RS04110,0.12144020829285
SYNPCC7942_RS05870,SYNPCC7942_RS07570,0.121412457275968
SYNPCC7942_RS10040,SYNPCC7942_RS05285,0.121411075337857
SYNPCC7942_RS04225,SYNPCC7942_RS06035,0.12138688276767
SYNPCC7942_RS05640,SYNPCC7942_RS06925,0.121371143228124
SYNPCC7942_RS07185,SYNPCC7942_RS02795,0.121370139962896
SYNPCC7942_RS03075,SYNPCC7942_RS01420,0.121361854431978
SYNPCC7942_RS08645,SYNPCC7942_RS09800,0.121352747838726
SYNPCC7942_RS03160,SYNPCC7942_RS01845,0.121343595346661
SYNPCC7942_RS05640,SYNPCC7942_RS10480,0.121310519121413
SYNPCC7942_RS07185,SYNPCC7942_RS11755,0.121306907390923
SYNPCC7942_RS09435,SYNPCC7942_RS10065,0.121264391465925
SYNPCC7942_RS05870,SYNPCC7942_RS08155,0.121213042787137
SYNPCC7942_RS11465,SYNPCC7942_RS06525,0.121211948243536
SYNPCC7942_RS09435,SYNPCC7942_RS03205,0.121177455008928
SYNPCC7942_RS03260,SYNPCC7942_RS01770,0.121170179972377
SYNPCC7942_RS07805,SYNPCC7942_RS12995,0.121164278124603
SYNPCC7942_RS11465,SYNPCC7942_RS01660,0.121155162032353
SYNPCC7942_RS03260,SYNPCC7942_RS02730,0.121141700068203
SYNPCC7942_RS03325,SYNPCC7942_RS01515,0.121131043480916
SYNPCC7942_RS11465,SYNPCC7942_RS01665,0.1211234552921
SYNPCC7942_RS10260,SYNPCC7942_RS11315,0.121082861590192
SYNPCC7942_RS09435,SYNPCC7942_RS00905,0.12106583411948
SYNPCC7942_RS07185,SYNPCC7942_RS00460,0.121014131067137
SYNPCC7942_RS11465,SYNPCC7942_RS12850,0.121010515376128
SYNPCC7942_RS03565,SYNPCC7942_RS06365,0.121003160593645
SYNPCC7942_RS06745,SYNPCC7942_RS11185,0.120983424361244
SYNPCC7942_RS03160,SYNPCC7942_RS12320,0.120973610484395
SYNPCC7942_RS11465,SYNPCC7942_RS13060,0.120941909695657
SYNPCC7942_RS12560,SYNPCC7942_RS06850,0.120938794398569
SYNPCC7942_RS03565,SYNPCC7942_RS03660,0.120926365192342
SYNPCC7942_RS00480,SYNPCC7942_RS03370,0.120875437260803
SYNPCC7942_RS07805,SYNPCC7942_RS06875,0.120871580339271
SYNPCC7942_RS05870,SYNPCC7942_RS02735,0.120840963902234
SYNPCC7942_RS09500,SYNPCC7942_RS01765,0.12083947015779
SYNPCC7942_RS11465,SYNPCC7942_RS05075,0.120822790183552
SYNPCC7942_RS09435,SYNPCC7942_RS01305,0.120802046784936
SYNPCC7942_RS05870,SYNPCC7942_RS05820,0.120714807195397
SYNPCC7942_RS05870,SYNPCC7942_RS11850,0.120665760170247
SYNPCC7942_RS09435,SYNPCC7942_RS05495,0.120551714850212
SYNPCC7942_RS03160,SYNPCC7942_RS11435,0.120474410457092
SYNPCC7942_RS03565,SYNPCC7942_RS05995,0.120343252197403
SYNPCC7942_RS04225,SYNPCC7942_RS02020,0.120317662315426
SYNPCC7942_RS08645,SYNPCC7942_RS12365,0.120240941867081
SYNPCC7942_RS05640,SYNPCC7942_RS05710,0.120213596823389
SYNPCC7942_RS05640,SYNPCC7942_RS05135,0.120179302282523
SYNPCC7942_RS05640,SYNPCC7942_RS04760,0.120156915315202
SYNPCC7942_RS08645,SYNPCC7942_RS02060,0.120091801432437
SYNPCC7942_RS03075,SYNPCC7942_RS08215,0.120065681367501
SYNPCC7942_RS05070,SYNPCC7942_RS09600,0.119966809383238
SYNPCC7942_RS11465,SYNPCC7942_RS00770,0.119960550002042
SYNPCC7942_RS03565,SYNPCC7942_RS04755,0.119953116961868
SYNPCC7942_RS03160,SYNPCC7942_RS05835,0.119936712060442
SYNPCC7942_RS03260,SYNPCC7942_RS07070,0.119906696873438
SYNPCC7942_RS09500,SYNPCC7942_RS11480,0.119885751890566
SYNPCC7942_RS05640,SYNPCC7942_RS00115,0.119868935579387
SYNPCC7942_RS11465,SYNPCC7942_RS02720,0.119855518351241
SYNPCC7942_RS11465,SYNPCC7942_RS07500,0.119819036535184
SYNPCC7942_RS09500,SYNPCC7942_RS00415,0.119811486750951
SYNPCC7942_RS05640,SYNPCC7942_RS13165,0.119808579164828
SYNPCC7942_RS07435,SYNPCC7942_RS01505,0.119727274207702
SYNPCC7942_RS11465,SYNPCC7942_RS00640,0.119691975863046
SYNPCC7942_RS07185,SYNPCC7942_RS12970,0.119676571031063
SYNPCC7942_RS09500,SYNPCC7942_RS12980,0.119619928587682
SYNPCC7942_RS09435,SYNPCC7942_RS12190,0.119611686365821
SYNPCC7942_RS11465,SYNPCC7942_RS04555,0.119600049504037
SYNPCC7942_RS10040,SYNPCC7942_RS02335,0.119454134709274
SYNPCC7942_RS08645,SYNPCC7942_RS09100,0.119419156981997
SYNPCC7942_RS03325,SYNPCC7942_RS12885,0.119405541554882
SYNPCC7942_RS06745,SYNPCC7942_RS00685,0.11934823033986
SYNPCC7942_RS03260,SYNPCC7942_RS10260,0.119322295398878
SYNPCC7942_RS07185,SYNPCC7942_RS08725,0.119310838793379
SYNPCC7942_RS05640,SYNPCC7942_RS05575,0.119306166630687
SYNPCC7942_RS03260,SYNPCC7942_RS01605,0.119282629010662
SYNPCC7942_RS10260,SYNPCC7942_RS11320,0.119275103791965
SYNPCC7942_RS09500,SYNPCC7942_RS08945,0.119259733553306
SYNPCC7942_RS05870,SYNPCC7942_RS13005,0.119186786754286
SYNPCC7942_RS03260,SYNPCC7942_RS09545,0.11917540633057
SYNPCC7942_RS10040,SYNPCC7942_RS10435,0.119114343480078
SYNPCC7942_RS03565,SYNPCC7942_RS04545,0.119057951867564
SYNPCC7942_RS00480,SYNPCC7942_RS04455,0.119057225690354
SYNPCC7942_RS04225,SYNPCC7942_RS09940,0.119053331356362
SYNPCC7942_RS07805,SYNPCC7942_RS09580,0.119023730835163
SYNPCC7942_RS03565,SYNPCC7942_RS06280,0.119003707540107
SYNPCC7942_RS05640,SYNPCC7942_RS00610,0.118980733179627
SYNPCC7942_RS10260,SYNPCC7942_RS03260,0.118957902162631
SYNPCC7942_RS07435,SYNPCC7942_RS08315,0.118945794940839
SYNPCC7942_RS07805,SYNPCC7942_RS04345,0.118936016460826
SYNPCC7942_RS05870,SYNPCC7942_RS00555,0.118907507722185
SYNPCC7942_RS03565,SYNPCC7942_RS11895,0.118902757070916
SYNPCC7942_RS03260,SYNPCC7942_RS11805,0.118902686297535
SYNPCC7942_RS05640,SYNPCC7942_RS03135,0.118895086691177
SYNPCC7942_RS05870,SYNPCC7942_RS10385,0.118861710984603
SYNPCC7942_RS09500,SYNPCC7942_RS02600,0.118835749586464
SYNPCC7942_RS05870,SYNPCC7942_RS02810,0.118801802514429
SYNPCC7942_RS09500,SYNPCC7942_RS04725,0.118796328245712
SYNPCC7942_RS05640,SYNPCC7942_RS11945,0.118793059899736
SYNPCC7942_RS03565,SYNPCC7942_RS01800,0.118778840261872
SYNPCC7942_RS03565,SYNPCC7942_RS07705,0.118761978386471
SYNPCC7942_RS10040,SYNPCC7942_RS07660,0.118749203021242
SYNPCC7942_RS07805,SYNPCC7942_RS02455,0.118722339825392
SYNPCC7942_RS03565,SYNPCC7942_RS02965,0.118684450552335
SYNPCC7942_RS11465,SYNPCC7942_RS11905,0.118682973192861
SYNPCC7942_RS03260,SYNPCC7942_RS07690,0.118653724552407
SYNPCC7942_RS05870,SYNPCC7942_RS07240,0.118652014188337
SYNPCC7942_RS00480,SYNPCC7942_RS09250,0.118632804070145
SYNPCC7942_RS03260,SYNPCC7942_RS05075,0.118605779601084
SYNPCC7942_RS05230,SYNPCC7942_RS04170,0.11859460331767
SYNPCC7942_RS03565,SYNPCC7942_RS11800,0.118576486572704
SYNPCC7942_RS05870,SYNPCC7942_RS02195,0.118541371069671
SYNPCC7942_RS09435,SYNPCC7942_RS10200,0.118526721733993
SYNPCC7942_RS03565,SYNPCC7942_RS05735,0.118523396050177
SYNPCC7942_RS11465,SYNPCC7942_RS12575,0.118510893733763
SYNPCC7942_RS07435,SYNPCC7942_RS02735,0.118501776195309
SYNPCC7942_RS10700,SYNPCC7942_RS01910,0.118487233887731
SYNPCC7942_RS03565,SYNPCC7942_RS12825,0.118453488642907
SYNPCC7942_RS05870,SYNPCC7942_RS01965,0.118434667590995
SYNPCC7942_RS05070,SYNPCC7942_RS12945,0.118410874430355
SYNPCC7942_RS05870,SYNPCC7942_RS04170,0.118390766833015
SYNPCC7942_RS03260,SYNPCC7942_RS11915,0.118378200585339
SYNPCC7942_RS05870,SYNPCC7942_RS03275,0.118362611229051
SYNPCC7942_RS11465,SYNPCC7942_RS11775,0.118350959133025
SYNPCC7942_RS09500,SYNPCC7942_RS07415,0.118331539545192
SYNPCC7942_RS00480,SYNPCC7942_RS01800,0.1183040540585
SYNPCC7942_RS05640,SYNPCC7942_RS04940,0.118270212374485
SYNPCC7942_RS07435,SYNPCC7942_RS11770,0.118258812281437
SYNPCC7942_RS05870,SYNPCC7942_RS01750,0.118247921927537
SYNPCC7942_RS00480,SYNPCC7942_RS04210,0.118238200002004
SYNPCC7942_RS05070,SYNPCC7942_RS09310,0.118237558755698
SYNPCC7942_RS07805,SYNPCC7942_RS01420,0.11823119336667
SYNPCC7942_RS05640,SYNPCC7942_RS06610,0.118105686839833
SYNPCC7942_RS07435,SYNPCC7942_RS10765,0.11808979593753
SYNPCC7942_RS03565,SYNPCC7942_RS05340,0.118071019025867
SYNPCC7942_RS03565,SYNPCC7942_RS12160,0.118046469212098
SYNPCC7942_RS08645,SYNPCC7942_RS02625,0.118043472427585
SYNPCC7942_RS08820,SYNPCC7942_RS13770,0.118038433531852
SYNPCC7942_RS05195,SYNPCC7942_RS10255,0.118035120451406
SYNPCC7942_RS08645,SYNPCC7942_RS02065,0.118013452274578
SYNPCC7942_RS11465,SYNPCC7942_RS05390,0.117959104905075
SYNPCC7942_RS00645,SYNPCC7942_RS04265,0.117937648134739
SYNPCC7942_RS03565,SYNPCC7942_RS07680,0.117927759794639
SYNPCC7942_RS05070,SYNPCC7942_RS04025,0.117887002889604
SYNPCC7942_RS10260,SYNPCC7942_RS10520,0.117867504069975
SYNPCC7942_RS00480,SYNPCC7942_RS01475,0.117822810825525
SYNPCC7942_RS03565,SYNPCC7942_RS07805,0.117814730311411
SYNPCC7942_RS04225,SYNPCC7942_RS09500,0.117797244680654
SYNPCC7942_RS07185,SYNPCC7942_RS04905,0.117780510469949
SYNPCC7942_RS08645,SYNPCC7942_RS11615,0.117779280356472
SYNPCC7942_RS03565,SYNPCC7942_RS04940,0.117772305410142
SYNPCC7942_RS05640,SYNPCC7942_RS04620,0.117764798138221
SYNPCC7942_RS09435,SYNPCC7942_RS01970,0.11775165326603
SYNPCC7942_RS07805,SYNPCC7942_RS04140,0.117741795392968
SYNPCC7942_RS07435,SYNPCC7942_RS12340,0.117740628319401
SYNPCC7942_RS03565,SYNPCC7942_RS08825,0.117721390649218
SYNPCC7942_RS08645,SYNPCC7942_RS02610,0.11771528365839
SYNPCC7942_RS09500,SYNPCC7942_RS00385,0.117711426905591
SYNPCC7942_RS08645,SYNPCC7942_RS08885,0.117637866154064
SYNPCC7942_RS09435,SYNPCC7942_RS12880,0.117632248814972
SYNPCC7942_RS06745,SYNPCC7942_RS11755,0.117600954039152
SYNPCC7942_RS07435,SYNPCC7942_RS07100,0.117571473352555
SYNPCC7942_RS10260,SYNPCC7942_RS02245,0.117554959587968
SYNPCC7942_RS07805,SYNPCC7942_RS08390,0.117511131122578
SYNPCC7942_RS07185,SYNPCC7942_RS00570,0.11750391950925
SYNPCC7942_RS03260,SYNPCC7942_RS05090,0.117465090937038
SYNPCC7942_RS09435,SYNPCC7942_RS06095,0.117460347956418
SYNPCC7942_RS05640,SYNPCC7942_RS01300,0.117438965250659
SYNPCC7942_RS10700,SYNPCC7942_RS06860,0.117415696684561
SYNPCC7942_RS07185,SYNPCC7942_RS00455,0.117377256306003
SYNPCC7942_RS12560,SYNPCC7942_RS07355,0.117358186633314
SYNPCC7942_RS03260,SYNPCC7942_RS05865,0.117333450232414
SYNPCC7942_RS03565,SYNPCC7942_RS03995,0.117315165727928
SYNPCC7942_RS05640,SYNPCC7942_RS04060,0.117308817493727
SYNPCC7942_RS08820,SYNPCC7942_RS08835,0.117246626243558
SYNPCC7942_RS07435,SYNPCC7942_RS01700,0.117220228759302
SYNPCC7942_RS08645,SYNPCC7942_RS06470,0.117217922120982
SYNPCC7942_RS09500,SYNPCC7942_RS01810,0.117212483764474
SYNPCC7942_RS04225,SYNPCC7942_RS03530,0.117189541521583
SYNPCC7942_RS11465,SYNPCC7942_RS03455,0.117147946028176
SYNPCC7942_RS05640,SYNPCC7942_RS04180,0.117136845056769
SYNPCC7942_RS04225,SYNPCC7942_RS02610,0.117031025120921
SYNPCC7942_RS07805,SYNPCC7942_RS12565,0.117020713186676
SYNPCC7942_RS03565,SYNPCC7942_RS07740,0.117005725153843
SYNPCC7942_RS07435,SYNPCC7942_RS00640,0.116959975897109
SYNPCC7942_RS03565,SYNPCC7942_RS00480,0.116920400955889
SYNPCC7942_RS09500,SYNPCC7942_RS08800,0.116775762096997
SYNPCC7942_RS10260,SYNPCC7942_RS11260,0.116775033965246
SYNPCC7942_RS05640,SYNPCC7942_RS06950,0.11673690075215
SYNPCC7942_RS05640,SYNPCC7942_RS09275,0.116716930751633
SYNPCC7942_RS03260,SYNPCC7942_RS04020,0.116699092655672
SYNPCC7942_RS10700,SYNPCC7942_RS00880,0.116698972415559
SYNPCC7942_RS09435,SYNPCC7942_RS02010,0.116697241085606
SYNPCC7942_RS11465,SYNPCC7942_RS01715,0.116600911331307
SYNPCC7942_RS11465,SYNPCC7942_RS07630,0.116574581626196
SYNPCC7942_RS05640,SYNPCC7942_RS09810,0.116560087199451
SYNPCC7942_RS03260,SYNPCC7942_RS11225,0.116554356276531
SYNPCC7942_RS04225,SYNPCC7942_RS09505,0.116525738355234
SYNPCC7942_RS07185,SYNPCC7942_RS09620,0.116500983746493
SYNPCC7942_RS04225,SYNPCC7942_RS00385,0.116488601087037
SYNPCC7942_RS09500,SYNPCC7942_RS11815,0.11647645773796
SYNPCC7942_RS09500,SYNPCC7942_RS04785,0.116433365828297
SYNPCC7942_RS09500,SYNPCC7942_RS09810,0.116416838206427
SYNPCC7942_RS09380,SYNPCC7942_RS08225,0.116346510795631
SYNPCC7942_RS10260,SYNPCC7942_RS12900,0.116338697476917
SYNPCC7942_RS09500,SYNPCC7942_RS04790,0.116320781826524
SYNPCC7942_RS11465,SYNPCC7942_RS07805,0.116274536553775
SYNPCC7942_RS07185,SYNPCC7942_RS04015,0.116246140033808
SYNPCC7942_RS03160,SYNPCC7942_RS01545,0.116187813719799
SYNPCC7942_RS04225,SYNPCC7942_RS09910,0.116143596253722
SYNPCC7942_RS11465,SYNPCC7942_RS08390,0.116139540691411
SYNPCC7942_RS09500,SYNPCC7942_RS03520,0.116136904147386
SYNPCC7942_RS04225,SYNPCC7942_RS06520,0.116108612401046
SYNPCC7942_RS03565,SYNPCC7942_RS04385,0.116104369807715
SYNPCC7942_RS05640,SYNPCC7942_RS02820,0.1160772628101
SYNPCC7942_RS05230,SYNPCC7942_RS01340,0.116070114841737
SYNPCC7942_RS04225,SYNPCC7942_RS06615,0.116049014004713
SYNPCC7942_RS00455,SYNPCC7942_RS10355,0.116047848064149
SYNPCC7942_RS09500,SYNPCC7942_RS08515,0.116029650807193
SYNPCC7942_RS03260,SYNPCC7942_RS09175,0.11601188473288
SYNPCC7942_RS05070,SYNPCC7942_RS12725,0.116002764863139
SYNPCC7942_RS04225,SYNPCC7942_RS00590,0.115982661608557
SYNPCC7942_RS03325,SYNPCC7942_RS11335,0.115975247324133
SYNPCC7942_RS08820,SYNPCC7942_RS10055,0.115950621547746
SYNPCC7942_RS05870,SYNPCC7942_RS09290,0.11593481130103
SYNPCC7942_RS10040,SYNPCC7942_RS07185,0.11591114332486
SYNPCC7942_RS09500,SYNPCC7942_RS06815,0.11590042556134
SYNPCC7942_RS03325,SYNPCC7942_RS04090,0.115881031377333
SYNPCC7942_RS10700,SYNPCC7942_RS04400,0.115870426339211
SYNPCC7942_RS09500,SYNPCC7942_RS00330,0.115795820664059
SYNPCC7942_RS11465,SYNPCC7942_RS13255,0.11579269170731
SYNPCC7942_RS09760,SYNPCC7942_RS02125,0.115775529493216
SYNPCC7942_RS00645,SYNPCC7942_RS09020,0.115765964060515
SYNPCC7942_RS05640,SYNPCC7942_RS12785,0.115762279972662
SYNPCC7942_RS07185,SYNPCC7942_RS12645,0.11573735114409
SYNPCC7942_RS07435,SYNPCC7942_RS12745,0.115723731782558
SYNPCC7942_RS07435,SYNPCC7942_RS00350,0.115709851201388
SYNPCC7942_RS03260,SYNPCC7942_RS06130,0.115704512275994
SYNPCC7942_RS03565,SYNPCC7942_RS06610,0.115698586369002
SYNPCC7942_RS05640,SYNPCC7942_RS12065,0.115681091908753
SYNPCC7942_RS05070,SYNPCC7942_RS09340,0.115666641315412
SYNPCC7942_RS08885,SYNPCC7942_RS12590,0.115653442864889
SYNPCC7942_RS05870,SYNPCC7942_RS03655,0.115627519430511
SYNPCC7942_RS09500,SYNPCC7942_RS01770,0.115619118113646
SYNPCC7942_RS03565,SYNPCC7942_RS00960,0.115588869292387
SYNPCC7942_RS07185,SYNPCC7942_RS09940,0.115572404832935
SYNPCC7942_RS10040,SYNPCC7942_RS11455,0.115569758639981
SYNPCC7942_RS07805,SYNPCC7942_RS09485,0.115537437098084
SYNPCC7942_RS11465,SYNPCC7942_RS12700,0.11552158243213
SYNPCC7942_RS07435,SYNPCC7942_RS11220,0.115506301659059
SYNPCC7942_RS03565,SYNPCC7942_RS04180,0.115489862104966
SYNPCC7942_RS03260,SYNPCC7942_RS12065,0.115478496496042
SYNPCC7942_RS07435,SYNPCC7942_RS06645,0.115474895457318
SYNPCC7942_RS03260,SYNPCC7942_RS03630,0.115473264749643
SYNPCC7942_RS03260,SYNPCC7942_RS04235,0.115439423349944
SYNPCC7942_RS05640,SYNPCC7942_RS02365,0.115427336960097
SYNPCC7942_RS03565,SYNPCC7942_RS02670,0.115425409757725
SYNPCC7942_RS05070,SYNPCC7942_RS02425,0.115424867696226
SYNPCC7942_RS12560,SYNPCC7942_RS08545,0.115423955596075
SYNPCC7942_RS03565,SYNPCC7942_RS09920,0.115403675135728
SYNPCC7942_RS10260,SYNPCC7942_RS01450,0.115395418472629
SYNPCC7942_RS05070,SYNPCC7942_RS08185,0.115364857749172
SYNPCC7942_RS07805,SYNPCC7942_RS11510,0.115361700508488
SYNPCC7942_RS03565,SYNPCC7942_RS05240,0.115327759362178
SYNPCC7942_RS07805,SYNPCC7942_RS11730,0.115287433300287
SYNPCC7942_RS10260,SYNPCC7942_RS11225,0.11526670577233
SYNPCC7942_RS03325,SYNPCC7942_RS03450,0.115255764089793
SYNPCC7942_RS00480,SYNPCC7942_RS05630,0.115242219850481
SYNPCC7942_RS09435,SYNPCC7942_RS01630,0.115210303075388
SYNPCC7942_RS08645,SYNPCC7942_RS08365,0.115167079720646
SYNPCC7942_RS03160,SYNPCC7942_RS10585,0.115166777690885
SYNPCC7942_RS05640,SYNPCC7942_RS08785,0.115161784666838
SYNPCC7942_RS11465,SYNPCC7942_RS01705,0.115138696866258
SYNPCC7942_RS09435,SYNPCC7942_RS09950,0.115126168918287
SYNPCC7942_RS03565,SYNPCC7942_RS01030,0.115125746087397
SYNPCC7942_RS07435,SYNPCC7942_RS01690,0.115086094870987
SYNPCC7942_RS11465,SYNPCC7942_RS01700,0.115075170653221
SYNPCC7942_RS05870,SYNPCC7942_RS13305,0.115052445695175
SYNPCC7942_RS11465,SYNPCC7942_RS01145,0.115043591356211
SYNPCC7942_RS11465,SYNPCC7942_RS13745,0.114951699151384
SYNPCC7942_RS05640,SYNPCC7942_RS03445,0.114889087223712
SYNPCC7942_RS03565,SYNPCC7942_RS04350,0.114865631427993
SYNPCC7942_RS05640,SYNPCC7942_RS09980,0.114858480313501
SYNPCC7942_RS03160,SYNPCC7942_RS07450,0.114834209216938
SYNPCC7942_RS03260,SYNPCC7942_RS08120,0.114820466554637
SYNPCC7942_RS05870,SYNPCC7942_RS01840,0.114812553380649
SYNPCC7942_RS08645,SYNPCC7942_RS02050,0.114796976646187
SYNPCC7942_RS03260,SYNPCC7942_RS04290,0.114752451427558
SYNPCC7942_RS05640,SYNPCC7942_RS00090,0.114720207407246
SYNPCC7942_RS05640,SYNPCC7942_RS00515,0.11471130103002
SYNPCC7942_RS10040,SYNPCC7942_RS02340,0.114651003204157
SYNPCC7942_RS07805,SYNPCC7942_RS10655,0.114614658638869
SYNPCC7942_RS00480,SYNPCC7942_RS04595,0.114599410169076
SYNPCC7942_RS10700,SYNPCC7942_RS04900,0.114590448216469
SYNPCC7942_RS05640,SYNPCC7942_RS01475,0.114565215228499
SYNPCC7942_RS09500,SYNPCC7942_RS04380,0.114548063700304
SYNPCC7942_RS09500,SYNPCC7942_RS08900,0.114543631851522
SYNPCC7942_RS07805,SYNPCC7942_RS12405,0.114528412232027
SYNPCC7942_RS10040,SYNPCC7942_RS02845,0.11450076356942
SYNPCC7942_RS07805,SYNPCC7942_RS08525,0.114473759827302
SYNPCC7942_RS05230,SYNPCC7942_RS08420,0.114432200890435
SYNPCC7942_RS05640,SYNPCC7942_RS07565,0.114423773362521
SYNPCC7942_RS11465,SYNPCC7942_RS06055,0.114365381623792
SYNPCC7942_RS05640,SYNPCC7942_RS12040,0.11433836025105
SYNPCC7942_RS03160,SYNPCC7942_RS08500,0.114311108795893
SYNPCC7942_RS09435,SYNPCC7942_RS00430,0.114309925233862
SYNPCC7942_RS03565,SYNPCC7942_RS09830,0.114273042238231
SYNPCC7942_RS03160,SYNPCC7942_RS07445,0.114259172128112
SYNPCC7942_RS03565,SYNPCC7942_RS13295,0.114238379124364
SYNPCC7942_RS11465,SYNPCC7942_RS07080,0.11423678628914
SYNPCC7942_RS11465,SYNPCC7942_RS06460,0.114172609768845
SYNPCC7942_RS03565,SYNPCC7942_RS11120,0.114166185523298
SYNPCC7942_RS05070,SYNPCC7942_RS03025,0.114142968220116
SYNPCC7942_RS05070,SYNPCC7942_RS11450,0.11406084844289
SYNPCC7942_RS05640,SYNPCC7942_RS02390,0.114047181743148
SYNPCC7942_RS05070,SYNPCC7942_RS13115,0.113986815790595
SYNPCC7942_RS05870,SYNPCC7942_RS11230,0.113984538470418
SYNPCC7942_RS07435,SYNPCC7942_RS07365,0.113968694374422
SYNPCC7942_RS04225,SYNPCC7942_RS11385,0.113931193823188
SYNPCC7942_RS07805,SYNPCC7942_RS01150,0.113922273212254
SYNPCC7942_RS03565,SYNPCC7942_RS08170,0.113848338546454
SYNPCC7942_RS03260,SYNPCC7942_RS06020,0.113822926050998
SYNPCC7942_RS05870,SYNPCC7942_RS04995,0.113813540454205
SYNPCC7942_RS00455,SYNPCC7942_RS08245,0.113803799433593
SYNPCC7942_RS05640,SYNPCC7942_RS02570,0.11378892449036
SYNPCC7942_RS03260,SYNPCC7942_RS08155,0.11377841111856
SYNPCC7942_RS09500,SYNPCC7942_RS07665,0.113776043308025
SYNPCC7942_RS05640,SYNPCC7942_RS12125,0.113755764514019
SYNPCC7942_RS12560,SYNPCC7942_RS12825,0.113748563398216
SYNPCC7942_RS08645,SYNPCC7942_RS07555,0.113747858424297
SYNPCC7942_RS10260,SYNPCC7942_RS09280,0.113735899500847
SYNPCC7942_RS05070,SYNPCC7942_RS12190,0.11371967036309
SYNPCC7942_RS03530,SYNPCC7942_RS05425,0.113697144862129
SYNPCC7942_RS03325,SYNPCC7942_RS04555,0.113650940089614
SYNPCC7942_RS07435,SYNPCC7942_RS11345,0.113636733451173
SYNPCC7942_RS03565,SYNPCC7942_RS03655,0.113542571740107
SYNPCC7942_RS03260,SYNPCC7942_RS02300,0.113538634183397
SYNPCC7942_RS07185,SYNPCC7942_RS10760,0.113527109601597
SYNPCC7942_RS09435,SYNPCC7942_RS10690,0.113511454576248
SYNPCC7942_RS11465,SYNPCC7942_RS11800,0.113497002411456
SYNPCC7942_RS03565,SYNPCC7942_RS03370,0.113484281822797
SYNPCC7942_RS04225,SYNPCC7942_RS11815,0.113481101044701
SYNPCC7942_RS09435,SYNPCC7942_RS02435,0.113442579963629
SYNPCC7942_RS07805,SYNPCC7942_RS09630,0.113437592668877
SYNPCC7942_RS09435,SYNPCC7942_RS11810,0.113421544279482
SYNPCC7942_RS07805,SYNPCC7942_RS04860,0.113418280209521
SYNPCC7942_RS07805,SYNPCC7942_RS10880,0.113379281021102
SYNPCC7942_RS03160,SYNPCC7942_RS08265,0.113351055593569
SYNPCC7942_RS09435,SYNPCC7942_RS09060,0.113311134156417
SYNPCC7942_RS07805,SYNPCC7942_RS00520,0.113283827391688
SYNPCC7942_RS04225,SYNPCC7942_RS08645,0.113258547853359
SYNPCC7942_RS05070,SYNPCC7942_RS02170,0.113255211368411
SYNPCC7942_RS07805,SYNPCC7942_RS06910,0.113224327322314
SYNPCC7942_RS03565,SYNPCC7942_RS12820,0.113213613766009
SYNPCC7942_RS07805,SYNPCC7942_RS05050,0.113204066924827
SYNPCC7942_RS04225,SYNPCC7942_RS02045,0.113183138838387
SYNPCC7942_RS03565,SYNPCC7942_RS09530,0.113173414118324
SYNPCC7942_RS03325,SYNPCC7942_RS11280,0.113166860499437
SYNPCC7942_RS03260,SYNPCC7942_RS06025,0.113150354226308
SYNPCC7942_RS03565,SYNPCC7942_RS01650,0.11310117962887
SYNPCC7942_RS05640,SYNPCC7942_RS05410,0.113092931682698
SYNPCC7942_RS03260,SYNPCC7942_RS11465,0.113081916358242
SYNPCC7942_RS10260,SYNPCC7942_RS00720,0.113030940375365
SYNPCC7942_RS09760,SYNPCC7942_RS02130,0.113004832775562
SYNPCC7942_RS00480,SYNPCC7942_RS00610,0.112951962975976
SYNPCC7942_RS04225,SYNPCC7942_RS12540,0.112951669454754
SYNPCC7942_RS07805,SYNPCC7942_RS12575,0.112949096849541
SYNPCC7942_RS05640,SYNPCC7942_RS11795,0.112935893246672
SYNPCC7942_RS09500,SYNPCC7942_RS08955,0.112921294307316
SYNPCC7942_RS04225,SYNPCC7942_RS01640,0.112905261049227
SYNPCC7942_RS00480,SYNPCC7942_RS10050,0.112885738746154
SYNPCC7942_RS09500,SYNPCC7942_RS09260,0.112882097760958
SYNPCC7942_RS03565,SYNPCC7942_RS04290,0.112861758195211
SYNPCC7942_RS08645,SYNPCC7942_RS12855,0.112840253313773
SYNPCC7942_RS03260,SYNPCC7942_RS04685,0.112826113491174
SYNPCC7942_RS03565,SYNPCC7942_RS06925,0.11282211120712
SYNPCC7942_RS05870,SYNPCC7942_RS08285,0.112811980915385
SYNPCC7942_RS07435,SYNPCC7942_RS02470,0.11275217723735
SYNPCC7942_RS10350,SYNPCC7942_RS03220,0.112738592210442
SYNPCC7942_RS09435,SYNPCC7942_RS07235,0.112697273335051
SYNPCC7942_RS07435,SYNPCC7942_RS08870,0.112658726966336
SYNPCC7942_RS07435,SYNPCC7942_RS04505,0.11264957760624
SYNPCC7942_RS03565,SYNPCC7942_RS02385,0.112647125823349
SYNPCC7942_RS10260,SYNPCC7942_RS12270,0.112608499905112
SYNPCC7942_RS04225,SYNPCC7942_RS09800,0.112575642139205
SYNPCC7942_RS10260,SYNPCC7942_RS11330,0.112531073619154
SYNPCC7942_RS05070,SYNPCC7942_RS02760,0.11251459362724
SYNPCC7942_RS09435,SYNPCC7942_RS04775,0.11248428477991
SYNPCC7942_RS07805,SYNPCC7942_RS05850,0.112454696615487
SYNPCC7942_RS05640,SYNPCC7942_RS05240,0.112442959023022
SYNPCC7942_RS09500,SYNPCC7942_RS05425,0.11239787076055
SYNPCC7942_RS04225,SYNPCC7942_RS12310,0.112334447303857
SYNPCC7942_RS05640,SYNPCC7942_RS02510,0.112309237733101
SYNPCC7942_RS05640,SYNPCC7942_RS03645,0.11228905848274
SYNPCC7942_RS05070,SYNPCC7942_RS10100,0.112288567514361
SYNPCC7942_RS05070,SYNPCC7942_RS10375,0.112247671405062
SYNPCC7942_RS08820,SYNPCC7942_RS05645,0.11223081320048
SYNPCC7942_RS05070,SYNPCC7942_RS08115,0.112210061308416
SYNPCC7942_RS08645,SYNPCC7942_RS06655,0.112159008758949
SYNPCC7942_RS00645,SYNPCC7942_RS09440,0.112132780325789
SYNPCC7942_RS00480,SYNPCC7942_RS00700,0.112108325364676
SYNPCC7942_RS07805,SYNPCC7942_RS09195,0.112102325656197
SYNPCC7942_RS03565,SYNPCC7942_RS05555,0.112078022603919
SYNPCC7942_RS07805,SYNPCC7942_RS07240,0.11203578723528
SYNPCC7942_RS04225,SYNPCC7942_RS05845,0.11200762799639
SYNPCC7942_RS12560,SYNPCC7942_RS01315,0.111991884965579
SYNPCC7942_RS03160,SYNPCC7942_RS08855,0.111990127171197
SYNPCC7942_RS03565,SYNPCC7942_RS09985,0.111982710517978
SYNPCC7942_RS03565,SYNPCC7942_RS04890,0.111969827980215
SYNPCC7942_RS06365,SYNPCC7942_RS13295,0.111967551650129
SYNPCC7942_RS03565,SYNPCC7942_RS12125,0.111956015303068
SYNPCC7942_RS08645,SYNPCC7942_RS11705,0.111939973289334
SYNPCC7942_RS09435,SYNPCC7942_RS10415,0.111907929784067
SYNPCC7942_RS09435,SYNPCC7942_RS04515,0.111810519991848
SYNPCC7942_RS03565,SYNPCC7942_RS06240,0.111781168642653
SYNPCC7942_RS11465,SYNPCC7942_RS13260,0.111724381111038
SYNPCC7942_RS09500,SYNPCC7942_RS03445,0.111682759062199
SYNPCC7942_RS07435,SYNPCC7942_RS01515,0.11168165323511
SYNPCC7942_RS10040,SYNPCC7942_RS12445,0.111664072032033
SYNPCC7942_RS03565,SYNPCC7942_RS09980,0.111662963043743
SYNPCC7942_RS09435,SYNPCC7942_RS08660,0.111653127753565
SYNPCC7942_RS04225,SYNPCC7942_RS13875,0.111648689368351
SYNPCC7942_RS00480,SYNPCC7942_RS01500,0.111644671429393
SYNPCC7942_RS10260,SYNPCC7942_RS11300,0.111638931270062
SYNPCC7942_RS09500,SYNPCC7942_RS01110,0.11162143706121
SYNPCC7942_RS06745,SYNPCC7942_RS02000,0.11160335290683
SYNPCC7942_RS03325,SYNPCC7942_RS03245,0.111567856679978
SYNPCC7942_RS05870,SYNPCC7942_RS05020,0.111566070101959
SYNPCC7942_RS03160,SYNPCC7942_RS06915,0.1115498015116
SYNPCC7942_RS09500,SYNPCC7942_RS06080,0.111544651279242
SYNPCC7942_RS11465,SYNPCC7942_RS03470,0.111486389073278
SYNPCC7942_RS05070,SYNPCC7942_RS03430,0.111481853403094
SYNPCC7942_RS03565,SYNPCC7942_RS10695,0.111470419478234
SYNPCC7942_RS08885,SYNPCC7942_RS04640,0.111434385895722
SYNPCC7942_RS05640,SYNPCC7942_RS09115,0.111432831999759
SYNPCC7942_RS11465,SYNPCC7942_RS01605,0.111390888622769
SYNPCC7942_RS05640,SYNPCC7942_RS03625,0.111366085684873
SYNPCC7942_RS08645,SYNPCC7942_RS06480,0.111365096576703
SYNPCC7942_RS04225,SYNPCC7942_RS11765,0.111356733761903
SYNPCC7942_RS05870,SYNPCC7942_RS08635,0.111353777711151
SYNPCC7942_RS09435,SYNPCC7942_RS09190,0.111350317779996
SYNPCC7942_RS09500,SYNPCC7942_RS12755,0.111349664887132
SYNPCC7942_RS00645,SYNPCC7942_RS10570,0.11133903407437
SYNPCC7942_RS08645,SYNPCC7942_RS07515,0.111300169788457
SYNPCC7942_RS05070,SYNPCC7942_RS08700,0.11128958631465
SYNPCC7942_RS09500,SYNPCC7942_RS07795,0.111242466270478
SYNPCC7942_RS08820,SYNPCC7942_RS00830,0.111235951324372
SYNPCC7942_RS00480,SYNPCC7942_RS12890,0.111225289548879
SYNPCC7942_RS05070,SYNPCC7942_RS00020,0.11120497150105
SYNPCC7942_RS05640,SYNPCC7942_RS11530,0.111199326670221
SYNPCC7942_RS09500,SYNPCC7942_RS11735,0.111075780433777
SYNPCC7942_RS11465,SYNPCC7942_RS01245,0.111031500845185
SYNPCC7942_RS07185,SYNPCC7942_RS02845,0.111016852486998
SYNPCC7942_RS07185,SYNPCC7942_RS01540,0.111013378561255
SYNPCC7942_RS00480,SYNPCC7942_RS10145,0.111012110572107
SYNPCC7942_RS09500,SYNPCC7942_RS11600,0.111003987885701
SYNPCC7942_RS10260,SYNPCC7942_RS10470,0.110960122033302
SYNPCC7942_RS09500,SYNPCC7942_RS04795,0.110934965069444
SYNPCC7942_RS04225,SYNPCC7942_RS11685,0.110905430968687
SYNPCC7942_RS10040,SYNPCC7942_RS02625,0.110892493450924
SYNPCC7942_RS04225,SYNPCC7942_RS05055,0.110880566975371
SYNPCC7942_RS09435,SYNPCC7942_RS10185,0.110842222263396
SYNPCC7942_RS07185,SYNPCC7942_RS07180,0.110829743708167
SYNPCC7942_RS07435,SYNPCC7942_RS06245,0.110813386099659
SYNPCC7942_RS03565,SYNPCC7942_RS03450,0.110808542841029
SYNPCC7942_RS05640,SYNPCC7942_RS01030,0.110785530412669
SYNPCC7942_RS05640,SYNPCC7942_RS08735,0.110772062341344
SYNPCC7942_RS04225,SYNPCC7942_RS07795,0.11077035466459
SYNPCC7942_RS04225,SYNPCC7942_RS02440,0.110767253002943
SYNPCC7942_RS05070,SYNPCC7942_RS05210,0.110738267461797
SYNPCC7942_RS11465,SYNPCC7942_RS06400,0.110727892036806
SYNPCC7942_RS00455,SYNPCC7942_RS07180,0.110720817120574
SYNPCC7942_RS05640,SYNPCC7942_RS06140,0.110697521400519
SYNPCC7942_RS11465,SYNPCC7942_RS04395,0.110670791796584
SYNPCC7942_RS10260,SYNPCC7942_RS05145,0.110651510907392
SYNPCC7942_RS05640,SYNPCC7942_RS00565,0.110637183170432
SYNPCC7942_RS00645,SYNPCC7942_RS02565,0.110629433817328
SYNPCC7942_RS05870,SYNPCC7942_RS07600,0.1106174376988
SYNPCC7942_RS09435,SYNPCC7942_RS09970,0.110583749665871
SYNPCC7942_RS03565,SYNPCC7942_RS03625,0.110561452463049
SYNPCC7942_RS09435,SYNPCC7942_RS12015,0.110560502957029
SYNPCC7942_RS11465,SYNPCC7942_RS10665,0.110541317607393
SYNPCC7942_RS11465,SYNPCC7942_RS03260,0.110536336870431
SYNPCC7942_RS09500,SYNPCC7942_RS09415,0.110513551300847
SYNPCC7942_RS04225,SYNPCC7942_RS10735,0.110511214206199
SYNPCC7942_RS00480,SYNPCC7942_RS10575,0.110510550108129
SYNPCC7942_RS09435,SYNPCC7942_RS03650,0.110472858834623
SYNPCC7942_RS12560,SYNPCC7942_RS01595,0.110466687035726
SYNPCC7942_RS05070,SYNPCC7942_RS04270,0.110462988020668
SYNPCC7942_RS07185,SYNPCC7942_RS07005,0.11044334311718
SYNPCC7942_RS10700,SYNPCC7942_RS00350,0.110404697001607
SYNPCC7942_RS10700,SYNPCC7942_RS03160,0.110399456189464
SYNPCC7942_RS03260,SYNPCC7942_RS05750,0.110384563036558
SYNPCC7942_RS07805,SYNPCC7942_RS06725,0.110373432942466
SYNPCC7942_RS09500,SYNPCC7942_RS13280,0.110361596376426
SYNPCC7942_RS09500,SYNPCC7942_RS09590,0.110360239474041
SYNPCC7942_RS07805,SYNPCC7942_RS02900,0.110353031065124
SYNPCC7942_RS09500,SYNPCC7942_RS03605,0.110343351076809
SYNPCC7942_RS08820,SYNPCC7942_RS11810,0.110329930345372
SYNPCC7942_RS07185,SYNPCC7942_RS05005,0.110325907040558
SYNPCC7942_RS03160,SYNPCC7942_RS07455,0.110313568059754
SYNPCC7942_RS10040,SYNPCC7942_RS10835,0.110278722425844
SYNPCC7942_RS05640,SYNPCC7942_RS02505,0.11026932564058
SYNPCC7942_RS10260,SYNPCC7942_RS11395,0.110253247555343
SYNPCC7942_RS03325,SYNPCC7942_RS03415,0.110252798187227
SYNPCC7942_RS00480,SYNPCC7942_RS11065,0.110236374138633
SYNPCC7942_RS09435,SYNPCC7942_RS09825,0.11023183208492
SYNPCC7942_RS03325,SYNPCC7942_RS10840,0.110203897717459
SYNPCC7942_RS07805,SYNPCC7942_RS05325,0.110189254149669
SYNPCC7942_RS05070,SYNPCC7942_RS12475,0.110184399110232
SYNPCC7942_RS10260,SYNPCC7942_RS09865,0.110170884807859
SYNPCC7942_RS03565,SYNPCC7942_RS00515,0.110160504710815
SYNPCC7942_RS07435,SYNPCC7942_RS01665,0.110142130132527
SYNPCC7942_RS07805,SYNPCC7942_RS05995,0.110116544905083
SYNPCC7942_RS03565,SYNPCC7942_RS01185,0.110116273536766
SYNPCC7942_RS04225,SYNPCC7942_RS10525,0.110103768798412
SYNPCC7942_RS05070,SYNPCC7942_RS11965,0.110082985301451
SYNPCC7942_RS05070,SYNPCC7942_RS07200,0.110054288923613
SYNPCC7942_RS12535,SYNPCC7942_RS04805,0.110050905450295
SYNPCC7942_RS03565,SYNPCC7942_RS03455,0.110021318840447
SYNPCC7942_RS07185,SYNPCC7942_RS02050,0.110019864374445
SYNPCC7942_RS07435,SYNPCC7942_RS07385,0.110017840264392
SYNPCC7942_RS05070,SYNPCC7942_RS04445,0.110005837278303
SYNPCC7942_RS04225,SYNPCC7942_RS04165,0.10998932883005
SYNPCC7942_RS00480,SYNPCC7942_RS00515,0.109901311875942
SYNPCC7942_RS09500,SYNPCC7942_RS06695,0.109880045867879
SYNPCC7942_RS04225,SYNPCC7942_RS04635,0.109867391981219
SYNPCC7942_RS05640,SYNPCC7942_RS08585,0.10985584864018
SYNPCC7942_RS11465,SYNPCC7942_RS11960,0.109852565382864
SYNPCC7942_RS03565,SYNPCC7942_RS01475,0.109842639795429
SYNPCC7942_RS05070,SYNPCC7942_RS00135,0.1097973970746
SYNPCC7942_RS07805,SYNPCC7942_RS08000,0.10978926345851
SYNPCC7942_RS03160,SYNPCC7942_RS06955,0.109788937802294
SYNPCC7942_RS07805,SYNPCC7942_RS02510,0.109769953527351
SYNPCC7942_RS00480,SYNPCC7942_RS03115,0.109768973485482
SYNPCC7942_RS05070,SYNPCC7942_RS03500,0.109765094437368
SYNPCC7942_RS06745,SYNPCC7942_RS09850,0.109737425592897
SYNPCC7942_RS09435,SYNPCC7942_RS02595,0.109702381939563
SYNPCC7942_RS00480,SYNPCC7942_RS07600,0.109682291876899
SYNPCC7942_RS05070,SYNPCC7942_RS07810,0.10966456938596
SYNPCC7942_RS05640,SYNPCC7942_RS08260,0.109664015951752
SYNPCC7942_RS10700,SYNPCC7942_RS04475,0.109663238501903
SYNPCC7942_RS09500,SYNPCC7942_RS10710,0.109652147447776
SYNPCC7942_RS09500,SYNPCC7942_RS09865,0.109630320806035
SYNPCC7942_RS05070,SYNPCC7942_RS07735,0.10962836716097
SYNPCC7942_RS05870,SYNPCC7942_RS12820,0.109617293518522
SYNPCC7942_RS05640,SYNPCC7942_RS09040,0.109615609495873
SYNPCC7942_RS00645,SYNPCC7942_RS04935,0.109592135166173
SYNPCC7942_RS11465,SYNPCC7942_RS13675,0.109583800891207
SYNPCC7942_RS12560,SYNPCC7942_RS08825,0.109580497341362
SYNPCC7942_RS11465,SYNPCC7942_RS04585,0.109545148368176
SYNPCC7942_RS00455,SYNPCC7942_RS01430,0.109533298915254
SYNPCC7942_RS04225,SYNPCC7942_RS06480,0.109461692994511
SYNPCC7942_RS05640,SYNPCC7942_RS08670,0.109444700697715
SYNPCC7942_RS09435,SYNPCC7942_RS08635,0.109422020821798
SYNPCC7942_RS03260,SYNPCC7942_RS08790,0.10941314648662
SYNPCC7942_RS09435,SYNPCC7942_RS10305,0.109373449348485
SYNPCC7942_RS07805,SYNPCC7942_RS04405,0.109370703949965
SYNPCC7942_RS00480,SYNPCC7942_RS09795,0.109352276829453
SYNPCC7942_RS03325,SYNPCC7942_RS12815,0.10934589957559
SYNPCC7942_RS03565,SYNPCC7942_RS04590,0.109332704136799
SYNPCC7942_RS00480,SYNPCC7942_RS02220,0.109300469816973
SYNPCC7942_RS11465,SYNPCC7942_RS01690,0.109296278729302
SYNPCC7942_RS05070,SYNPCC7942_RS09985,0.109262347139612
SYNPCC7942_RS05640,SYNPCC7942_RS08805,0.109257883142221
SYNPCC7942_RS00480,SYNPCC7942_RS04170,0.109254704982759
SYNPCC7942_RS08645,SYNPCC7942_RS07510,0.109246369203483
SYNPCC7942_RS05070,SYNPCC7942_RS10200,0.109236026232589
SYNPCC7942_RS00455,SYNPCC7942_RS08860,0.109199379336481
SYNPCC7942_RS05070,SYNPCC7942_RS09435,0.109197133392329
SYNPCC7942_RS11465,SYNPCC7942_RS04550,0.109191302426691
SYNPCC7942_RS05070,SYNPCC7942_RS08090,0.109183965663877
SYNPCC7942_RS03260,SYNPCC7942_RS12560,0.109183222962996
SYNPCC7942_RS11465,SYNPCC7942_RS00580,0.109173409302131
SYNPCC7942_RS09500,SYNPCC7942_RS02505,0.109170891678869
SYNPCC7942_RS08645,SYNPCC7942_RS04810,0.109161281559187
SYNPCC7942_RS10700,SYNPCC7942_RS03495,0.109148537485211
SYNPCC7942_RS08645,SYNPCC7942_RS09415,0.109140320868969
SYNPCC7942_RS03160,SYNPCC7942_RS01180,0.109138872863929
SYNPCC7942_RS10260,SYNPCC7942_RS03265,0.109129534965041
SYNPCC7942_RS00455,SYNPCC7942_RS08960,0.109122463153902
SYNPCC7942_RS03160,SYNPCC7942_RS13120,0.109113537447529
SYNPCC7942_RS03565,SYNPCC7942_RS08425,0.109105857195631
SYNPCC7942_RS10700,SYNPCC7942_RS06955,0.109103225502706
SYNPCC7942_RS04225,SYNPCC7942_RS09415,0.109100982918845
SYNPCC7942_RS09435,SYNPCC7942_RS04450,0.109097996040119
SYNPCC7942_RS03565,SYNPCC7942_RS03095,0.109053355348726
SYNPCC7942_RS03565,SYNPCC7942_RS05550,0.109051146512007
SYNPCC7942_RS07185,SYNPCC7942_RS07120,0.109014803857427
SYNPCC7942_RS05640,SYNPCC7942_RS06280,0.109010306395632
SYNPCC7942_RS05640,SYNPCC7942_RS07705,0.108978031807185
SYNPCC7942_RS03075,SYNPCC7942_RS05340,0.108974954984096
SYNPCC7942_RS05070,SYNPCC7942_RS04690,0.108943588090306
SYNPCC7942_RS03260,SYNPCC7942_RS00720,0.108912669973351
SYNPCC7942_RS08820,SYNPCC7942_RS00995,0.108899664741305
SYNPCC7942_RS09500,SYNPCC7942_RS05980,0.108875714977399
SYNPCC7942_RS09435,SYNPCC7942_RS06780,0.108871752039032
SYNPCC7942_RS04225,SYNPCC7942_RS06635,0.1088599463551
SYNPCC7942_RS08645,SYNPCC7942_RS00460,0.108856011175262
SYNPCC7942_RS09435,SYNPCC7942_RS11780,0.108853193748985
SYNPCC7942_RS05640,SYNPCC7942_RS04455,0.108850568760145
SYNPCC7942_RS03325,SYNPCC7942_RS12820,0.108842889772876
SYNPCC7942_RS10040,SYNPCC7942_RS04445,0.108837061593779
SYNPCC7942_RS12560,SYNPCC7942_RS05185,0.108830810903589
SYNPCC7942_RS05070,SYNPCC7942_RS05285,0.10883063296526
SYNPCC7942_RS05640,SYNPCC7942_RS04595,0.108821360288185
SYNPCC7942_RS05870,SYNPCC7942_RS01435,0.108780225468489
SYNPCC7942_RS07185,SYNPCC7942_RS09780,0.108776462194517
SYNPCC7942_RS05070,SYNPCC7942_RS01405,0.108775834736464
SYNPCC7942_RS07435,SYNPCC7942_RS10305,0.108769035235575
SYNPCC7942_RS04225,SYNPCC7942_RS04020,0.108767849492302
SYNPCC7942_RS03565,SYNPCC7942_RS13120,0.108764848133789
SYNPCC7942_RS09435,SYNPCC7942_RS07425,0.108762933982926
SYNPCC7942_RS04225,SYNPCC7942_RS11600,0.10873340445168
SYNPCC7942_RS05070,SYNPCC7942_RS01470,0.108722643519603
SYNPCC7942_RS09500,SYNPCC7942_RS06655,0.108721758227749
SYNPCC7942_RS03260,SYNPCC7942_RS12735,0.108720561390153
SYNPCC7942_RS08645,SYNPCC7942_RS08505,0.108694963497794
SYNPCC7942_RS03565,SYNPCC7942_RS00580,0.108692106917759
SYNPCC7942_RS07805,SYNPCC7942_RS07020,0.108675605434942
SYNPCC7942_RS10260,SYNPCC7942_RS11285,0.10866574441367
SYNPCC7942_RS09435,SYNPCC7942_RS10875,0.108664774641243
SYNPCC7942_RS06365,SYNPCC7942_RS00545,0.108644928366579
SYNPCC7942_RS05070,SYNPCC7942_RS01805,0.108633559135625
SYNPCC7942_RS05230,SYNPCC7942_RS09685,0.1086289652304
SYNPCC7942_RS08645,SYNPCC7942_RS03285,0.108611444864069
SYNPCC7942_RS05070,SYNPCC7942_RS06690,0.108599097372443
SYNPCC7942_RS05870,SYNPCC7942_RS04570,0.108596343870985
SYNPCC7942_RS08645,SYNPCC7942_RS08760,0.108585810427643
SYNPCC7942_RS07805,SYNPCC7942_RS06870,0.108570507681423
SYNPCC7942_RS03075,SYNPCC7942_RS12990,0.108567183158256
SYNPCC7942_RS09500,SYNPCC7942_RS12540,0.108561394536494
SYNPCC7942_RS06365,SYNPCC7942_RS12185,0.108551411009059
SYNPCC7942_RS09500,SYNPCC7942_RS10060,0.10854524470934
SYNPCC7942_RS03260,SYNPCC7942_RS08100,0.108512046216364
SYNPCC7942_RS10040,SYNPCC7942_RS10770,0.108498638181936
SYNPCC7942_RS00645,SYNPCC7942_RS03495,0.108482616290515
SYNPCC7942_RS03565,SYNPCC7942_RS01585,0.108464873033803
SYNPCC7942_RS00645,SYNPCC7942_RS10440,0.108458381167404
SYNPCC7942_RS03565,SYNPCC7942_RS00135,0.108452777186225
SYNPCC7942_RS09500,SYNPCC7942_RS02295,0.108348849175147
SYNPCC7942_RS11465,SYNPCC7942_RS07240,0.108292752406705
SYNPCC7942_RS03565,SYNPCC7942_RS10690,0.108292577729165
SYNPCC7942_RS05870,SYNPCC7942_RS03350,0.108290714221916
SYNPCC7942_RS03260,SYNPCC7942_RS04740,0.10828444814101
SYNPCC7942_RS00480,SYNPCC7942_RS11500,0.108282287245155
SYNPCC7942_RS10040,SYNPCC7942_RS09265,0.108264857105661
SYNPCC7942_RS03260,SYNPCC7942_RS04680,0.108263230222936
SYNPCC7942_RS12535,SYNPCC7942_RS04590,0.108260418463213
SYNPCC7942_RS03565,SYNPCC7942_RS07115,0.108257964575578
SYNPCC7942_RS09435,SYNPCC7942_RS12300,0.108242922022363
SYNPCC7942_RS09435,SYNPCC7942_RS11610,0.108225945660441
SYNPCC7942_RS05640,SYNPCC7942_RS01155,0.108211250752377
