Species,Species_locus,Regulator,name_source,category
Synechocystis sp. PCC 6803,SGL_RS00400,MocR,conserved-domain family (CDD),function unknown
Synechocystis sp. PCC 6803,SGL_RS01955,IutR1,literature (Table 4),metal stress
Synechocystis sp. PCC 6803,SGL_RS01980,IutR2,literature (Table 4),metal stress
Synechocystis sp. PCC 6803,SGL_RS02020,IutR3,literature (Table 4),metal stress
Synechocystis sp. PCC 6803,SGL_RS04450,BolA,core GRN name (Dataset S6-2),multi-stress
Synechocystis sp. PCC 6803,SGL_RS04725,NarL1/Rre9,NarL family (CDD); paralogs numbered within the species,multi-stress
Synechocystis sp. PCC 6803,SGL_RS06410,Bhl,literature (Table 4),metal stress
Synechocystis sp. PCC 6803,SGL_RS09285,NtcA,core GRN name (Dataset S6-2),nutrient stress
Synechocystis sp. PCC 6803,SGL_RS10605,Sycrp1,literature (Table 4),carbon metabolism
Synechocystis sp. PCC 6803,SGL_RS12005,CyAbrB1,literature (Table 4),nutrient stress
Synechocystis sp. PCC 6803,SGL_RS12430,KaiC3,literature (Table 4),circadian clock
Synechocystis sp. PCC 6803,SGL_RS12595,XylR,core GRN name (Dataset S6-2),carbon metabolism
Synechocystis sp. PCC 6803,SGL_RS14385,Rre28,core GRN name (Dataset S6-2),uncharacterized TCS stress response
Synechocystis sp. PCC 6803,SGL_RS15805,RpaA,core GRN name (Dataset S6-2),circadian clock
Synechocystis sp. PCC 6803,SGL_RS15965,NarL2/Rre32,NarL family (CDD); paralogs numbered within the species; also named Rre32,uncharacterized TCS stress response
Synechocystis sp. PCC 6803,SGL_RS17395,,,function unknown
Synechocystis sp. PCC 6803,SGL_RS17760,KaiC1,literature (Table 4),circadian clock
Picosynechococcus sp. PCC 7002,SYNPCC7002_RS01420,KaiC,literature (Table 4),circadian clock
Picosynechococcus sp. PCC 7002,SYNPCC7002_RS01800,SigC,Imamura and Asayama 2009; group-2 E-type sigma factor (SYNPCC7002_A0364),housekeeping and transcription
Picosynechococcus sp. PCC 7002,SYNPCC7002_RS04250,SphR,ortholog of SphR in PCC 7942 and PCC 6803 (Dataset S5-4),nutrient stress
Picosynechococcus sp. PCC 7002,SYNPCC7002_RS04650,NusB,core GRN name (Dataset S6-2),housekeeping and transcription
Picosynechococcus sp. PCC 7002,SYNPCC7002_RS04890,RpaB,core GRN name (Dataset S6-2),multi-stress
Picosynechococcus sp. PCC 7002,SYNPCC7002_RS05135,NusG,core GRN name (Dataset S6-2),housekeeping and transcription
Picosynechococcus sp. PCC 7002,SYNPCC7002_RS05985,RbcR,core GRN name (Dataset S6-2),carbon metabolism
Picosynechococcus sp. PCC 7002,SYNPCC7002_RS08390,NtcA,core GRN name (Dataset S6-2),nutrient stress
Picosynechococcus sp. PCC 7002,SYNPCC7002_RS08965,Sycrp1,literature (Table 4),carbon metabolism
Picosynechococcus sp. PCC 7002,SYNPCC7002_RS09320,Crp2,conserved-domain family (CDD),carbon metabolism
Picosynechococcus sp. PCC 7002,SYNPCC7002_RS09420,Xre1,,function unknown
Picosynechococcus sp. PCC 7002,SYNPCC7002_RS09780,NarL2,NarL family (CDD); paralogs numbered within the species,uncharacterized TCS stress response
Picosynechococcus sp. PCC 7002,SYNPCC7002_RS10050,SigA1,core GRN name (Dataset S6-2),housekeeping and transcription
Picosynechococcus sp. PCC 7002,SYNPCC7002_RS11400,,,function unknown
Picosynechococcus sp. PCC 7002,SYNPCC7002_RS11685,Xre2,literature (Table 4),cell morphology and motility
Picosynechococcus sp. PCC 7002,SYNPCC7002_RS12395,Zur,core GRN name (Dataset S6-2),metal stress
Picosynechococcus sp. PCC 7002,SYNPCC7002_RS15520,NarL1,NarL family (CDD); paralogs numbered within the species,nutrient stress
S. elongatus PCC 7942,SYNPCC7942_RS00380,Xre2,XRE family (CDD); paralogs numbered within the species,function unknown
S. elongatus PCC 7942,SYNPCC7942_RS00455,PlmA,core GRN name (Dataset S6-2),carbon metabolism
S. elongatus PCC 7942,SYNPCC7942_RS00645,NtcA,core GRN name (Dataset S6-2),nutrient stress
S. elongatus PCC 7942,SYNPCC7942_RS02830,SrrB,literature (Table 4),circadian clock
S. elongatus PCC 7942,SYNPCC7942_RS03075,TetR,core GRN name (Dataset S6-2),circadian clock
S. elongatus PCC 7942,SYNPCC7942_RS03160,HrcA,core GRN name (Dataset S6-2),multi-stress
S. elongatus PCC 7942,SYNPCC7942_RS03325,SigA1,core GRN name (Dataset S6-2),housekeeping and transcription
S. elongatus PCC 7942,SYNPCC7942_RS03465,Pex,literature (Table 4),circadian clock
S. elongatus PCC 7942,SYNPCC7942_RS06370,Crp/Fnr,conserved-domain family (CDD),carbon metabolism
S. elongatus PCC 7942,SYNPCC7942_RS07435,RpaB,core GRN name (Dataset S6-2),multi-stress
S. elongatus PCC 7942,SYNPCC7942_RS09065,SigF2,literature (Table 4),cell morphology and motility
S. elongatus PCC 7942,SYNPCC7942_RS09380,SigA5,core GRN name (Dataset S6-2),housekeeping and transcription
S. elongatus PCC 7942,SYNPCC7942_RS09740,Xre1,literature (Table 4),function unknown
S. elongatus PCC 7942,SYNPCC7942_RS10700,XylR,core GRN name (Dataset S6-2),carbon metabolism
S. elongatus PCC 7942,SYNPCC7942_RS12560,NusB,core GRN name (Dataset S6-2),housekeeping and transcription
